cell,tok,arm,N,rule,n_conf,mean25,t25,mde,expl_mean25,yrs_pos,max_year_share,loyo_min,ticks,verdict
NQ_cash_5_R1,NQ,cash,5,R1,1804,35.06,0.811,120.99,-27.59,6/7,0.66,21330.0,8.37,UNDERPOWERED
NQ_cash_5_R2,NQ,cash,5,R2,1804,35.22,1.146,86.08,-15.0,6/7,0.64,23141.0,6.98,UNDERPOWERED
NQ_cash_5_R3,NQ,cash,5,R3,1804,-52.69,-3.006,49.08,-22.28,1/7,,-118012.0,-1.46,NEGATIVE (t) but UNDERPOWERED vs $25
NQ_cash_15_R1,NQ,cash,15,R1,1800,27.76,0.598,130.09,-40.13,4/7,0.73,13610.0,7.03,UNDERPOWERED
NQ_cash_15_R2,NQ,cash,15,R2,1800,47.28,1.558,84.98,-19.84,7/7,0.44,48036.0,8.46,UNDERPOWERED
NQ_cash_15_R3,NQ,cash,15,R3,1800,-58.09,-2.297,70.81,-38.12,1/7,,-107235.0,-3.35,NEGATIVE (t) but UNDERPOWERED vs $25
NQ_cash_30_R1,NQ,cash,30,R1,1785,52.04,1.105,131.86,-48.81,4/7,0.71,26645.0,6.1,UNDERPOWERED
NQ_cash_30_R2,NQ,cash,30,R2,1785,0.31,0.011,78.16,-38.09,2/7,49.03,-26450.0,1.88,UNDERPOWERED
NQ_cash_30_R3,NQ,cash,30,R3,1785,-7.79,-0.259,84.31,-40.22,3/7,,-29348.0,1.73,UNDERPOWERED
NQ_cash_60_R1,NQ,cash,60,R1,1716,49.14,1.093,125.85,-46.61,5/7,0.79,18060.0,6.14,UNDERPOWERED
NQ_cash_60_R2,NQ,cash,60,R2,1716,16.12,0.596,75.71,-23.99,5/7,0.81,5149.0,2.25,UNDERPOWERED
NQ_cash_60_R3,NQ,cash,60,R3,1716,36.47,1.065,95.89,-36.32,4/7,0.86,8610.0,5.91,UNDERPOWERED
NQ_globex_5_R1,NQ,globex,5,R1,1807,10.19,0.308,92.65,-58.81,2/7,2.25,-22965.0,3.43,UNDERPOWERED
NQ_globex_5_R2,NQ,globex,5,R2,1807,18.62,0.487,106.93,-68.26,4/7,0.88,4035.0,6.38,UNDERPOWERED
NQ_globex_5_R3,NQ,globex,5,R3,1807,-29.99,-3.064,27.41,-38.2,1/7,,-56385.0,-2.37,NEGATIVE (t) but UNDERPOWERED vs $25
NQ_globex_15_R1,NQ,globex,15,R1,1794,27.05,0.73,103.74,-47.54,4/7,0.95,2600.0,8.38,UNDERPOWERED
NQ_globex_15_R2,NQ,globex,15,R2,1794,34.34,0.884,108.73,-53.01,4/7,0.96,2285.0,10.02,UNDERPOWERED
NQ_globex_15_R3,NQ,globex,15,R3,1794,-20.2,-1.762,32.11,-43.86,2/7,,-41635.0,-0.35,UNDERPOWERED
NQ_globex_30_R1,NQ,globex,30,R1,1749,14.87,0.372,111.83,5.69,3/7,1.72,-18680.0,8.37,UNDERPOWERED
NQ_globex_30_R2,NQ,globex,30,R2,1749,11.15,0.289,108.06,2.48,3/7,1.41,-8002.0,12.36,UNDERPOWERED
NQ_globex_30_R3,NQ,globex,30,R3,1749,-34.41,-2.571,37.48,-16.75,0/7,,-58465.0,-1.79,NEGATIVE (t) but UNDERPOWERED vs $25
NQ_globex_60_R1,NQ,globex,60,R1,1690,72.72,1.542,132.09,26.38,5/7,0.52,58830.0,16.26,UNDERPOWERED
NQ_globex_60_R2,NQ,globex,60,R2,1690,62.44,1.458,119.92,5.82,4/7,0.5,52300.0,19.52,UNDERPOWERED
NQ_globex_60_R3,NQ,globex,60,R3,1690,-8.85,-0.574,43.19,-11.39,1/7,,-30398.0,1.6,UNDERPOWERED
NQ_cash_0_C1,NQ,cash,0,C1,275,-140.65,-0.926,425.32,-29.55,3/7,,-51445.0,0.7,UNDERPOWERED
ES_cash_5_R1,ES,cash,5,R1,1804,-3.21,-0.135,66.46,-30.53,3/7,,-28012.0,0.29,UNDERPOWERED
ES_cash_5_R2,ES,cash,5,R2,1804,-25.53,-1.529,46.76,-31.18,3/7,,-55546.0,-0.31,UNDERPOWERED
ES_cash_5_R3,ES,cash,5,R3,1804,-39.23,-4.338,25.32,-16.69,0/7,,-69600.0,-0.66,NEGATIVE (t) but UNDERPOWERED vs $25
ES_cash_15_R1,ES,cash,15,R1,1800,7.24,0.273,74.39,-45.88,4/7,2.44,-18788.0,0.92,UNDERPOWERED
ES_cash_15_R2,ES,cash,15,R2,1800,13.09,0.733,50.04,-32.47,5/7,0.72,6673.0,1.65,UNDERPOWERED
ES_cash_15_R3,ES,cash,15,R3,1800,-19.79,-1.501,36.92,-31.92,1/7,,-51981.0,-0.14,UNDERPOWERED
ES_cash_30_R1,ES,cash,30,R1,1793,7.42,0.272,76.39,-48.78,4/7,2.16,-15450.0,0.56,UNDERPOWERED
ES_cash_30_R2,ES,cash,30,R2,1793,-12.81,-0.782,45.85,-42.39,2/7,,-37235.0,0.23,UNDERPOWERED
ES_cash_30_R3,ES,cash,30,R3,1793,-14.61,-0.908,45.08,-38.18,3/7,,-30919.0,0.52,UNDERPOWERED
ES_cash_60_R1,ES,cash,60,R1,1747,6.83,0.255,75.02,-34.75,3/7,3.21,-26375.0,0.99,UNDERPOWERED
ES_cash_60_R2,ES,cash,60,R2,1747,-17.36,-1.153,42.17,-25.48,2/7,,-35053.0,0.88,UNDERPOWERED
ES_cash_60_R3,ES,cash,60,R3,1747,-6.28,-0.33,53.26,-29.44,3/7,,-22825.0,0.77,UNDERPOWERED
ES_globex_5_R1,ES,globex,5,R1,1807,-8.16,-0.383,59.7,-67.97,2/7,,-72675.0,-0.85,UNDERPOWERED
ES_globex_5_R2,ES,globex,5,R2,1807,-1.26,-0.057,61.98,-73.65,3/7,,-31108.0,-0.47,UNDERPOWERED
ES_globex_5_R3,ES,globex,5,R3,1807,-29.61,-4.448,18.64,-34.47,0/7,,-48762.0,-0.35,NEGATIVE
ES_globex_15_R1,ES,globex,15,R1,1802,1.03,0.043,66.32,-64.94,2/7,37.0,-66600.0,-0.51,UNDERPOWERED
ES_globex_15_R2,ES,globex,15,R2,1802,-10.56,-0.486,60.88,-62.09,3/7,,-42973.0,-0.86,UNDERPOWERED
ES_globex_15_R3,ES,globex,15,R3,1802,-30.54,-4.023,21.26,-39.48,0/7,,-50281.0,-0.58,NEGATIVE
ES_globex_30_R1,ES,globex,30,R1,1747,-12.27,-0.488,70.45,-41.29,2/7,,-74238.0,-0.05,UNDERPOWERED
ES_globex_30_R2,ES,globex,30,R2,1747,5.97,0.253,66.02,-45.99,2/7,1.75,-7840.0,0.59,UNDERPOWERED
ES_globex_30_R3,ES,globex,30,R3,1747,-36.04,-4.023,25.09,-39.29,0/7,,-59844.0,-1.27,NEGATIVE (t) but UNDERPOWERED vs $25
ES_globex_60_R1,ES,globex,60,R1,1657,4.19,0.141,83.24,-24.45,2/7,10.3,-64525.0,0.89,UNDERPOWERED
ES_globex_60_R2,ES,globex,60,R2,1657,16.71,0.642,72.86,-32.33,4/7,1.07,-1989.0,1.91,UNDERPOWERED
ES_globex_60_R3,ES,globex,60,R3,1657,-35.04,-3.332,29.45,-31.57,1/7,,-60119.0,-0.66,NEGATIVE (t) but UNDERPOWERED vs $25
ES_cash_0_C1,ES,cash,0,C1,285,-161.45,-1.636,276.27,-52.91,2/7,,-53775.0,-2.89,UNDERPOWERED
GC_cash_5_R1,GC,cash,5,R1,1806,7.86,0.449,49.01,-28.95,4/7,0.79,3015.0,0.75,UNDERPOWERED
GC_cash_5_R2,GC,cash,5,R2,1807,15.89,1.029,43.21,-29.51,6/7,0.4,17120.0,1.35,UNDERPOWERED
GC_cash_5_R3,GC,cash,5,R3,1806,-33.03,-5.77,16.03,-23.48,0/7,,-56730.0,-0.45,NEGATIVE
GC_cash_15_R1,GC,cash,15,R1,1798,-6.88,-0.344,56.05,-46.79,5/7,,-14655.0,-1.85,UNDERPOWERED
GC_cash_15_R2,GC,cash,15,R2,1798,-18.11,-1.284,39.5,-53.87,2/7,,-34196.0,-1.59,UNDERPOWERED
GC_cash_15_R3,GC,cash,15,R3,1798,-24.77,-2.364,29.33,-15.47,0/7,,-44345.0,-1.15,NEGATIVE (t) but UNDERPOWERED vs $25
GC_cash_30_R1,GC,cash,30,R1,1773,-12.33,-0.623,55.41,-34.23,4/7,,-31440.0,-2.45,UNDERPOWERED
GC_cash_30_R2,GC,cash,30,R2,1773,-34.09,-2.65,36.02,-42.59,0/7,,-55418.0,-2.7,NEGATIVE (t) but UNDERPOWERED vs $25
GC_cash_30_R3,GC,cash,30,R3,1773,-27.49,-2.243,34.32,-27.91,1/7,,-60570.0,-2.69,NEGATIVE (t) but UNDERPOWERED vs $25
GC_cash_60_R1,GC,cash,60,R1,1702,-1.35,-0.069,54.9,-30.53,2/7,,-12970.0,-0.4,UNDERPOWERED
GC_cash_60_R2,GC,cash,60,R2,1702,-21.2,-1.625,36.52,-24.53,3/7,,-41763.0,0.41,UNDERPOWERED
GC_cash_60_R3,GC,cash,60,R3,1702,-16.58,-1.202,38.63,-23.8,3/7,,-32755.0,-0.78,UNDERPOWERED
GC_globex_5_R1,GC,globex,5,R1,1795,-43.31,-2.729,44.44,-55.91,0/7,,-72235.0,-0.12,NEGATIVE (t) but UNDERPOWERED vs $25
GC_globex_5_R2,GC,globex,5,R2,1795,-45.94,-2.357,54.56,-72.52,1/7,,-82670.0,0.73,NEGATIVE (t) but UNDERPOWERED vs $25
GC_globex_5_R3,GC,globex,5,R3,1795,-32.92,-6.042,15.26,-28.29,0/7,,-53200.0,-0.23,NEGATIVE
GC_globex_15_R1,GC,globex,15,R1,1614,-50.92,-2.611,54.61,-50.3,1/7,,-85115.0,-0.17,NEGATIVE (t) but UNDERPOWERED vs $25
GC_globex_15_R2,GC,globex,15,R2,1614,-57.0,-2.807,56.86,-51.31,0/7,,-89892.0,-0.96,NEGATIVE (t) but UNDERPOWERED vs $25
GC_globex_15_R3,GC,globex,15,R3,1614,-43.21,-5.821,20.78,-30.88,0/7,,-68250.0,-1.35,NEGATIVE
GC_globex_30_R1,GC,globex,30,R1,1322,-44.57,-1.806,69.09,-20.95,1/7,,-63705.0,5.08,UNDERPOWERED
GC_globex_30_R2,GC,globex,30,R2,1322,-32.95,-1.349,68.4,-39.41,3/7,,-46311.0,0.92,UNDERPOWERED
GC_globex_30_R3,GC,globex,30,R3,1322,-29.89,-2.976,28.12,-35.61,0/7,,-39090.0,0.51,NEGATIVE (t) but UNDERPOWERED vs $25
GC_globex_60_R1,GC,globex,60,R1,1092,-38.08,-1.226,86.93,35.75,2/7,,-45555.0,8.91,UNDERPOWERED
GC_globex_60_R2,GC,globex,60,R2,1092,0.69,0.024,82.28,-25.15,2/7,32.33,-23658.0,4.09,UNDERPOWERED
GC_globex_60_R3,GC,globex,60,R3,1092,-18.89,-1.483,35.67,17.79,3/7,,-23250.0,2.28,UNDERPOWERED
GC_cash_0_C1,GC,cash,0,C1,248,42.9,0.612,196.24,76.14,4/7,0.99,75.0,13.01,UNDERPOWERED
SI_cash_5_R1,SI,cash,5,R1,1765,-68.54,-4.604,41.69,-23.34,0/7,,-115750.0,-0.78,NEGATIVE (t) but UNDERPOWERED vs $25
SI_cash_5_R2,SI,cash,5,R2,1765,-62.06,-3.563,48.77,-14.32,0/7,,-106718.0,-0.03,NEGATIVE (t) but UNDERPOWERED vs $25
SI_cash_5_R3,SI,cash,5,R3,1765,-32.08,-6.766,13.27,-18.75,0/7,,-52088.0,-0.42,NEGATIVE
SI_cash_15_R1,SI,cash,15,R1,1575,-70.33,-3.433,57.36,-14.65,0/7,,-110500.0,-1.69,NEGATIVE (t) but UNDERPOWERED vs $25
SI_cash_15_R2,SI,cash,15,R2,1575,-54.58,-2.87,53.25,-25.58,0/7,,-85957.0,-0.76,NEGATIVE (t) but UNDERPOWERED vs $25
SI_cash_15_R3,SI,cash,15,R3,1575,-25.23,-3.459,20.42,-23.76,1/7,,-41075.0,-0.37,NEGATIVE
SI_cash_30_R1,SI,cash,30,R1,1381,-83.94,-3.317,70.87,1.63,1/7,,-117350.0,-0.37,NEGATIVE (t) but UNDERPOWERED vs $25
SI_cash_30_R2,SI,cash,30,R2,1381,-49.36,-2.409,57.36,-21.67,1/7,,-69622.0,0.42,NEGATIVE (t) but UNDERPOWERED vs $25
SI_cash_30_R3,SI,cash,30,R3,1381,-29.42,-2.73,30.17,-34.72,2/7,,-46688.0,-0.59,NEGATIVE (t) but UNDERPOWERED vs $25
SI_cash_60_R1,SI,cash,60,R1,1195,-75.9,-2.285,93.01,-28.88,2/7,,-96375.0,-1.0,NEGATIVE (t) but UNDERPOWERED vs $25
SI_cash_60_R2,SI,cash,60,R2,1195,-64.02,-2.947,60.82,-78.57,2/7,,-80497.0,-4.03,NEGATIVE (t) but UNDERPOWERED vs $25
SI_cash_60_R3,SI,cash,60,R3,1195,-41.76,-2.524,46.33,-13.85,1/7,,-56200.0,0.08,NEGATIVE (t) but UNDERPOWERED vs $25
SI_globex_5_R1,SI,globex,5,R1,1530,-52.25,-2.323,62.99,-104.25,2/7,,-84800.0,0.17,NEGATIVE (t) but UNDERPOWERED vs $25
SI_globex_5_R2,SI,globex,5,R2,1530,-44.2,-1.719,72.0,-115.05,2/7,,-88319.0,-0.38,UNDERPOWERED
SI_globex_5_R3,SI,globex,5,R3,1530,-30.34,-4.25,19.99,-43.22,1/7,,-54188.0,-0.82,NEGATIVE
SI_globex_15_R1,SI,globex,15,R1,682,-40.32,-0.79,142.86,-193.46,2/7,,-32525.0,2.68,UNDERPOWERED
SI_globex_15_R2,SI,globex,15,R2,682,-24.2,-0.54,125.55,-81.09,2/7,,-25830.0,0.09,UNDERPOWERED
SI_globex_15_R3,SI,globex,15,R3,682,-63.01,-3.325,53.07,-85.48,0/7,,-41250.0,0.86,NEGATIVE (t) but UNDERPOWERED vs $25
SI_globex_30_R1,SI,globex,30,R1,278,-150.09,-1.412,297.52,-348.36,1/7,,-46500.0,8.62,UNDERPOWERED
SI_globex_30_R2,SI,globex,30,R2,278,-140.07,-2.189,179.17,-149.79,1/7,,-46907.0,-0.46,NEGATIVE (t) but UNDERPOWERED vs $25
SI_globex_30_R3,SI,globex,30,R3,278,-66.1,-1.394,132.74,-147.64,0/7,,-17388.0,5.38,UNDERPOWERED
SI_globex_60_R1,SI,globex,60,R1,144,-109.37,-0.469,653.61,-580.36,1/7,,-19725.0,12.36,UNDERPOWERED
SI_globex_60_R2,SI,globex,60,R2,144,-190.22,-1.878,283.68,-37.95,1/7,,-36615.0,6.56,UNDERPOWERED
SI_globex_60_R3,SI,globex,60,R3,144,-69.79,-0.747,261.76,-231.85,1/7,,-10875.0,7.62,UNDERPOWERED
SI_cash_0_C1,SI,cash,0,C1,257,12.55,0.14,250.3,52.39,4/7,4.5,-11275.0,7.66,UNDERPOWERED
HG_cash_5_R1,HG,cash,5,R1,1805,-41.23,-3.866,29.86,-34.28,0/7,,-73625.0,-0.33,NEGATIVE (t) but UNDERPOWERED vs $25
HG_cash_5_R2,HG,cash,5,R2,1805,-34.38,-3.978,24.19,-19.39,2/7,,-67275.0,0.25,NEGATIVE
HG_cash_5_R3,HG,cash,5,R3,1805,-30.43,-6.623,12.86,-29.23,0/7,,-49719.0,-0.07,NEGATIVE
HG_cash_15_R1,HG,cash,15,R1,1796,-55.88,-4.833,32.38,-23.88,1/7,,-100400.0,-0.71,NEGATIVE (t) but UNDERPOWERED vs $25
HG_cash_15_R2,HG,cash,15,R2,1796,-43.78,-5.606,21.87,-28.73,0/7,,-75496.0,-0.47,NEGATIVE
HG_cash_15_R3,HG,cash,15,R3,1796,-33.64,-5.135,18.34,-34.29,0/7,,-56925.0,-0.53,NEGATIVE
HG_cash_30_R1,HG,cash,30,R1,1776,-53.59,-4.646,32.3,-25.39,0/7,,-93338.0,-0.69,NEGATIVE (t) but UNDERPOWERED vs $25
HG_cash_30_R2,HG,cash,30,R2,1776,-43.92,-5.994,20.52,-18.15,0/7,,-77825.0,-0.66,NEGATIVE
HG_cash_30_R3,HG,cash,30,R3,1776,-32.3,-4.13,21.9,-29.92,0/7,,-51969.0,-0.06,NEGATIVE
HG_cash_60_R1,HG,cash,60,R1,1640,-35.84,-3.097,32.4,-33.48,1/7,,-60375.0,-0.28,NEGATIVE (t) but UNDERPOWERED vs $25
HG_cash_60_R2,HG,cash,60,R2,1640,-35.44,-4.753,20.88,-17.85,1/7,,-58157.0,-0.28,NEGATIVE
HG_cash_60_R3,HG,cash,60,R3,1640,-38.88,-4.246,25.64,-19.78,1/7,,-64700.0,-0.08,NEGATIVE (t) but UNDERPOWERED vs $25
HG_globex_5_R1,HG,globex,5,R1,1499,-49.97,-3.967,35.27,-65.63,2/7,,-80738.0,-2.62,NEGATIVE (t) but UNDERPOWERED vs $25
HG_globex_5_R2,HG,globex,5,R2,1499,-45.83,-3.076,41.72,-34.23,1/7,,-76643.0,-1.46,NEGATIVE (t) but UNDERPOWERED vs $25
HG_globex_5_R3,HG,globex,5,R3,1499,-25.67,-5.848,12.29,-24.23,1/7,,-40494.0,-0.18,NEGATIVE
HG_globex_15_R1,HG,globex,15,R1,628,-89.39,-3.727,67.16,-35.17,1/7,,-58838.0,-4.49,NEGATIVE (t) but UNDERPOWERED vs $25
HG_globex_15_R2,HG,globex,15,R2,628,-75.84,-3.789,56.04,-15.92,0/7,,-47361.0,-3.11,NEGATIVE (t) but UNDERPOWERED vs $25
HG_globex_15_R3,HG,globex,15,R3,628,-33.27,-2.778,33.54,-19.61,1/7,,-21331.0,-0.49,NEGATIVE (t) but UNDERPOWERED vs $25
HG_globex_30_R1,HG,globex,30,R1,231,-43.67,-0.879,139.16,17.94,3/7,,-15012.0,-5.16,UNDERPOWERED
HG_globex_30_R2,HG,globex,30,R2,231,-17.22,-0.438,110.21,65.08,3/7,,-5743.0,-1.12,UNDERPOWERED
HG_globex_30_R3,HG,globex,30,R3,231,21.73,0.846,71.86,-63.71,4/7,0.5,2494.0,-1.41,UNDERPOWERED
HG_globex_60_R1,HG,globex,60,R1,86,-27.03,-0.269,281.54,182.29,4/7,,-4775.0,0.81,UNDERPOWERED
HG_globex_60_R2,HG,globex,60,R2,86,14.73,0.202,204.5,173.19,5/7,1.23,-289.0,-0.27,UNDERPOWERED
HG_globex_60_R3,HG,globex,60,R3,86,9.01,0.139,181.04,32.81,3/7,3.03,-1575.0,1.1,UNDERPOWERED
HG_cash_0_C1,HG,cash,0,C1,300,-109.54,-3.496,87.74,-46.17,0/7,,-32638.0,-3.11,NEGATIVE (t) but UNDERPOWERED vs $25
CL_cash_5_R1,CL,cash,5,R1,1806,-1.06,-0.056,53.59,-27.97,3/7,,-16060.0,1.52,UNDERPOWERED
CL_cash_5_R2,CL,cash,5,R2,1806,-8.55,-0.558,42.9,-23.97,3/7,,-31440.0,0.81,UNDERPOWERED
CL_cash_5_R3,CL,cash,5,R3,1806,-10.89,-1.65,18.48,-17.67,1/7,,-22750.0,1.22,NULL
CL_cash_15_R1,CL,cash,15,R1,1805,-0.33,-0.016,58.24,-21.37,4/7,,-17400.0,1.16,UNDERPOWERED
CL_cash_15_R2,CL,cash,15,R2,1805,-16.83,-1.179,39.98,-27.61,1/7,,-42029.0,0.13,UNDERPOWERED
CL_cash_15_R3,CL,cash,15,R3,1805,-14.84,-1.597,26.02,-25.34,2/7,,-32675.0,0.39,UNDERPOWERED
CL_cash_30_R1,CL,cash,30,R1,1800,-8.62,-0.41,58.81,-12.86,4/7,,-27225.0,1.01,UNDERPOWERED
CL_cash_30_R2,CL,cash,30,R2,1800,-18.52,-1.332,38.93,-15.17,1/7,,-41067.0,0.51,UNDERPOWERED
CL_cash_30_R3,CL,cash,30,R3,1800,-18.59,-1.649,31.58,-20.65,1/7,,-41560.0,0.6,UNDERPOWERED
CL_cash_60_R1,CL,cash,60,R1,1758,-20.05,-0.969,57.92,1.1,2/7,,-50630.0,0.27,UNDERPOWERED
CL_cash_60_R2,CL,cash,60,R2,1758,-30.32,-2.482,34.19,-12.92,1/7,,-61602.0,-0.33,NEGATIVE (t) but UNDERPOWERED vs $25
CL_cash_60_R3,CL,cash,60,R3,1758,-37.3,-2.497,41.83,-4.35,1/7,,-66345.0,-0.44,NEGATIVE (t) but UNDERPOWERED vs $25
CL_globex_5_R1,CL,globex,5,R1,1794,-39.87,-2.443,45.7,-108.51,0/7,,-70940.0,-3.43,NEGATIVE (t) but UNDERPOWERED vs $25
CL_globex_5_R2,CL,globex,5,R2,1794,-41.57,-2.283,50.98,-106.12,1/7,,-85045.0,-3.92,NEGATIVE (t) but UNDERPOWERED vs $25
CL_globex_5_R3,CL,globex,5,R3,1794,-22.21,-3.594,17.3,-46.27,0/7,,-39690.0,-0.58,NEGATIVE
CL_globex_15_R1,CL,globex,15,R1,1673,-30.64,-1.575,54.47,-93.66,1/7,,-60275.0,-2.04,UNDERPOWERED
CL_globex_15_R2,CL,globex,15,R2,1673,-39.79,-2.045,54.48,-88.06,1/7,,-77502.0,-3.49,NEGATIVE (t) but UNDERPOWERED vs $25
CL_globex_15_R3,CL,globex,15,R3,1673,-24.12,-3.305,20.43,-42.78,1/7,,-42070.0,-0.54,NEGATIVE
CL_globex_30_R1,CL,globex,30,R1,1410,-9.43,-0.375,70.4,-76.75,3/7,,-29575.0,-0.41,UNDERPOWERED
CL_globex_30_R2,CL,globex,30,R2,1410,-19.28,-0.818,66.01,-60.52,2/7,,-46197.0,-1.74,UNDERPOWERED
CL_globex_30_R3,CL,globex,30,R3,1410,-21.59,-2.304,26.24,-33.19,1/7,,-31140.0,0.31,NEGATIVE (t) but UNDERPOWERED vs $25
CL_globex_60_R1,CL,globex,60,R1,1131,-3.71,-0.116,89.15,-59.41,3/7,,-22575.0,-0.01,UNDERPOWERED
CL_globex_60_R2,CL,globex,60,R2,1131,-32.69,-1.353,67.64,-50.57,1/7,,-42245.0,-3.0,UNDERPOWERED
CL_globex_60_R3,CL,globex,60,R3,1131,-24.72,-1.962,35.28,-21.45,1/7,,-28790.0,0.99,UNDERPOWERED
CL_cash_0_C1,CL,cash,0,C1,271,10.35,0.169,171.43,25.36,4/7,1.76,-2130.0,3.37,UNDERPOWERED
NG_cash_5_R1,NG,cash,5,R1,1804,-15.34,-0.868,49.46,-4.62,1/7,,-41290.0,1.26,UNDERPOWERED
NG_cash_5_R2,NG,cash,5,R2,1804,-8.47,-0.551,43.02,-9.79,1/7,,-36711.0,1.29,UNDERPOWERED
NG_cash_5_R3,NG,cash,5,R3,1804,-24.81,-4.085,17.0,-20.62,1/7,,-44980.0,0.26,NEGATIVE
NG_cash_15_R1,NG,cash,15,R1,1795,-5.5,-0.287,53.62,-19.06,3/7,,-29295.0,1.02,UNDERPOWERED
NG_cash_15_R2,NG,cash,15,R2,1795,-12.39,-0.827,41.93,-16.83,1/7,,-41779.0,0.83,UNDERPOWERED
NG_cash_15_R3,NG,cash,15,R3,1795,-18.69,-2.173,24.08,-22.78,0/7,,-33255.0,0.15,NEGATIVE
NG_cash_30_R1,NG,cash,30,R1,1776,-16.48,-0.919,50.2,-23.22,3/7,,-44475.0,0.23,UNDERPOWERED
NG_cash_30_R2,NG,cash,30,R2,1776,-20.03,-1.606,34.91,-25.88,1/7,,-48196.0,0.07,UNDERPOWERED
NG_cash_30_R3,NG,cash,30,R3,1776,-27.1,-2.467,30.76,-16.3,0/7,,-45075.0,0.03,NEGATIVE (t) but UNDERPOWERED vs $25
NG_cash_60_R1,NG,cash,60,R1,1721,-13.88,-0.76,51.18,-31.6,3/7,,-49975.0,0.15,UNDERPOWERED
NG_cash_60_R2,NG,cash,60,R2,1721,-30.14,-2.546,33.15,-22.91,2/7,,-54365.0,0.04,NEGATIVE (t) but UNDERPOWERED vs $25
NG_cash_60_R3,NG,cash,60,R3,1721,-16.57,-1.313,35.33,-29.66,2/7,,-35590.0,-0.01,UNDERPOWERED
NG_globex_5_R1,NG,globex,5,R1,1527,-34.21,-2.356,40.65,-47.3,0/7,,-51330.0,-1.4,NEGATIVE (t) but UNDERPOWERED vs $25
NG_globex_5_R2,NG,globex,5,R2,1527,-46.41,-2.748,47.29,-66.25,0/7,,-68845.0,-2.43,NEGATIVE (t) but UNDERPOWERED vs $25
NG_globex_5_R3,NG,globex,5,R3,1527,-19.1,-3.921,13.64,-32.81,0/7,,-29140.0,-0.05,NEGATIVE
NG_globex_15_R1,NG,globex,15,R1,728,-28.68,-0.993,80.83,-16.65,2/7,,-25905.0,-0.88,UNDERPOWERED
NG_globex_15_R2,NG,globex,15,R2,728,-4.86,-0.178,76.43,-36.57,3/7,,-13217.0,1.19,UNDERPOWERED
NG_globex_15_R3,NG,globex,15,R3,728,-16.61,-1.541,30.19,-40.92,1/7,,-18120.0,-0.48,UNDERPOWERED
NG_globex_30_R1,NG,globex,30,R1,323,-68.65,-1.445,133.0,-101.52,2/7,,-24330.0,-4.39,UNDERPOWERED
NG_globex_30_R2,NG,globex,30,R2,323,-17.24,-0.419,115.27,-73.54,2/7,,-8960.0,0.92,UNDERPOWERED
NG_globex_30_R3,NG,globex,30,R3,323,-12.82,-0.582,61.65,-63.99,3/7,,-6145.0,-0.6,UNDERPOWERED
NG_globex_60_R1,NG,globex,60,R1,148,-42.84,-0.486,246.81,-298.33,2/7,,-8280.0,-2.18,UNDERPOWERED
NG_globex_60_R2,NG,globex,60,R2,148,-38.64,-0.689,157.11,-136.64,3/7,,-10659.0,1.22,UNDERPOWERED
NG_globex_60_R3,NG,globex,60,R3,148,66.05,1.781,103.86,-197.08,4/7,0.4,5845.0,6.92,UNDERPOWERED
NG_cash_0_C1,NG,cash,0,C1,290,-5.14,-0.098,146.92,11.6,1/7,,-22485.0,2.61,UNDERPOWERED
RTY_cash_5_R1,RTY,cash,5,R1,1804,-29.18,-1.777,45.97,-24.35,1/7,,-54655.0,-0.41,UNDERPOWERED
RTY_cash_5_R2,RTY,cash,5,R2,1804,-8.85,-0.762,32.53,-22.32,2/7,,-30872.0,2.17,UNDERPOWERED
RTY_cash_5_R3,RTY,cash,5,R3,1804,-32.88,-4.137,22.26,-34.78,0/7,,-52675.0,-1.55,NEGATIVE
RTY_cash_15_R1,RTY,cash,15,R1,1793,-13.58,-0.75,50.69,-10.04,1/7,,-28310.0,2.1,UNDERPOWERED
RTY_cash_15_R2,RTY,cash,15,R2,1793,-5.39,-0.466,32.44,-7.31,2/7,,-17373.0,4.29,UNDERPOWERED
RTY_cash_15_R3,RTY,cash,15,R3,1793,-23.14,-2.13,30.43,-34.28,2/7,,-43492.0,1.68,NEGATIVE (t) but UNDERPOWERED vs $25
RTY_cash_30_R1,RTY,cash,30,R1,1774,-15.65,-0.875,50.06,-15.22,1/7,,-29020.0,1.6,UNDERPOWERED
RTY_cash_30_R2,RTY,cash,30,R2,1774,-20.57,-1.963,29.33,-21.46,1/7,,-39301.0,0.57,UNDERPOWERED
RTY_cash_30_R3,RTY,cash,30,R3,1774,-8.83,-0.712,34.73,-38.54,2/7,,-19478.0,2.22,UNDERPOWERED
RTY_cash_60_R1,RTY,cash,60,R1,1663,-9.9,-0.572,48.45,-38.12,2/7,,-23765.0,2.22,UNDERPOWERED
RTY_cash_60_R2,RTY,cash,60,R2,1663,-28.91,-2.986,27.11,-43.29,1/7,,-48407.0,-0.16,NEGATIVE (t) but UNDERPOWERED vs $25
RTY_cash_60_R3,RTY,cash,60,R3,1663,1.59,0.118,37.78,-35.44,5/7,2.29,-3425.0,4.35,UNDERPOWERED
RTY_globex_5_R1,RTY,globex,5,R1,1703,-29.96,-2.242,37.42,-24.67,1/7,,-85795.0,-2.34,NEGATIVE (t) but UNDERPOWERED vs $25
RTY_globex_5_R2,RTY,globex,5,R2,1703,-20.98,-1.412,41.61,16.25,2/7,,-51828.0,0.31,UNDERPOWERED
RTY_globex_5_R3,RTY,globex,5,R3,1703,-30.14,-6.655,12.68,-24.46,0/7,,-46570.0,-0.86,NEGATIVE
RTY_globex_15_R1,RTY,globex,15,R1,1257,-25.42,-1.349,52.77,-73.75,1/7,,-64975.0,-1.72,UNDERPOWERED
RTY_globex_15_R2,RTY,globex,15,R2,1257,-18.35,-0.991,51.87,-12.41,2/7,,-40699.0,1.13,UNDERPOWERED
RTY_globex_15_R3,RTY,globex,15,R3,1257,-33.26,-4.989,18.66,-51.25,0/7,,-38750.0,-1.72,NEGATIVE
RTY_globex_30_R1,RTY,globex,30,R1,811,-60.58,-2.311,73.38,-330.0,1/7,,-73070.0,-8.07,NEGATIVE (t) but UNDERPOWERED vs $25
RTY_globex_30_R2,RTY,globex,30,R2,811,-41.64,-1.828,63.79,-120.82,1/7,,-54782.0,-2.93,UNDERPOWERED
RTY_globex_30_R3,RTY,globex,30,R3,811,-42.62,-3.978,30.0,110.0,0/7,,-32998.0,-4.31,NEGATIVE (t) but UNDERPOWERED vs $25
RTY_globex_60_R1,RTY,globex,60,R1,449,-17.38,-0.352,138.36,,2/7,,-45300.0,-4.57,UNDERPOWERED
RTY_globex_60_R2,RTY,globex,60,R2,449,9.19,0.234,110.03,,2/7,7.85,-28270.0,1.7,UNDERPOWERED
RTY_globex_60_R3,RTY,globex,60,R3,449,-46.16,-2.372,54.49,,0/7,,-19770.0,-4.85,NEGATIVE (t) but UNDERPOWERED vs $25
RTY_cash_0_C1,RTY,cash,0,C1,279,-100.95,-1.736,162.85,-72.19,2/7,,-32735.0,-11.28,UNDERPOWERED
YM_cash_5_R1,YM,cash,5,R1,1801,-37.1,-1.931,53.79,-23.14,1/7,,-69280.0,-0.94,UNDERPOWERED
YM_cash_5_R2,YM,cash,5,R2,1801,-30.88,-2.304,37.53,-20.67,1/7,,-56408.0,-0.45,NEGATIVE (t) but UNDERPOWERED vs $25
YM_cash_5_R3,YM,cash,5,R3,1801,-39.87,-4.793,23.29,-21.69,0/7,,-68415.0,-1.44,NEGATIVE
YM_cash_15_R1,YM,cash,15,R1,1795,-26.22,-1.262,58.2,-40.67,1/7,,-50245.0,0.18,UNDERPOWERED
YM_cash_15_R2,YM,cash,15,R2,1795,-25.73,-1.958,36.8,-34.5,1/7,,-46998.0,-0.76,UNDERPOWERED
YM_cash_15_R3,YM,cash,15,R3,1795,-31.16,-2.699,32.33,-30.27,1/7,,-60148.0,-0.81,NEGATIVE (t) but UNDERPOWERED vs $25
YM_cash_30_R1,YM,cash,30,R1,1776,-17.01,-0.801,59.42,-48.11,3/7,,-35565.0,0.63,UNDERPOWERED
YM_cash_30_R2,YM,cash,30,R2,1776,-13.56,-1.016,37.39,-35.64,3/7,,-29457.0,0.18,UNDERPOWERED
YM_cash_30_R3,YM,cash,30,R3,1776,-6.94,-0.517,37.6,-34.05,3/7,,-20960.0,1.71,UNDERPOWERED
YM_cash_60_R1,YM,cash,60,R1,1711,-19.6,-0.947,57.92,-28.66,2/7,,-46280.0,1.32,UNDERPOWERED
YM_cash_60_R2,YM,cash,60,R2,1711,-15.86,-1.294,34.32,-20.26,2/7,,-34598.0,2.17,UNDERPOWERED
YM_cash_60_R3,YM,cash,60,R3,1711,-7.96,-0.518,43.02,-22.31,2/7,,-16998.0,1.46,UNDERPOWERED
YM_globex_5_R1,YM,globex,5,R1,1794,-16.86,-0.948,49.77,-52.6,1/7,,-83865.0,-1.13,UNDERPOWERED
YM_globex_5_R2,YM,globex,5,R2,1794,-29.56,-1.738,47.63,-60.74,1/7,,-75536.0,-3.8,UNDERPOWERED
YM_globex_5_R3,YM,globex,5,R3,1794,-34.59,-6.081,15.93,-35.55,0/7,,-56550.0,-1.32,NEGATIVE
YM_globex_15_R1,YM,globex,15,R1,1674,0.39,0.019,58.09,-41.13,1/7,95.55,-61930.0,2.46,UNDERPOWERED
YM_globex_15_R2,YM,globex,15,R2,1674,-21.18,-1.132,52.41,-46.46,1/7,,-74779.0,-0.68,UNDERPOWERED
YM_globex_15_R3,YM,globex,15,R3,1674,-28.92,-4.322,18.74,-39.8,0/7,,-45930.0,-0.75,NEGATIVE
YM_globex_30_R1,YM,globex,30,R1,1363,-4.55,-0.178,71.5,-7.5,1/7,,-67425.0,2.74,UNDERPOWERED
YM_globex_30_R2,YM,globex,30,R2,1363,-19.68,-0.972,56.68,-10.1,1/7,,-47613.0,0.56,UNDERPOWERED
YM_globex_30_R3,YM,globex,30,R3,1363,-32.36,-3.669,24.7,-26.19,0/7,,-42062.0,-0.87,NEGATIVE
YM_globex_60_R1,YM,globex,60,R1,1129,16.4,0.496,92.58,39.58,3/7,3.79,-51735.0,7.06,UNDERPOWERED
YM_globex_60_R2,YM,globex,60,R2,1129,-1.47,-0.056,74.04,-19.04,2/7,,-31119.0,1.77,UNDERPOWERED
YM_globex_60_R3,YM,globex,60,R3,1129,-21.63,-1.866,32.47,-10.59,2/7,,-33390.0,1.42,UNDERPOWERED
YM_cash_0_C1,YM,cash,0,C1,286,-205.66,-2.541,226.59,-52.38,1/7,,-59510.0,-16.85,NEGATIVE (t) but UNDERPOWERED vs $25
