day,diff_ramp
2016-01-01,0.0
2016-01-02,0.0
2016-01-03,0.0
2016-01-04,0.0
2016-01-05,0.0
2016-01-06,0.0
2016-01-07,0.0
2016-01-08,0.0
2016-01-09,0.0
2016-01-10,0.0
2016-01-11,0.0
2016-01-12,0.0
2016-01-13,0.0
2016-01-14,0.0
2016-01-15,0.0
2016-01-16,0.0
2016-01-17,0.0
2016-01-18,0.0
2016-01-19,0.0
2016-01-20,0.0
2016-01-21,0.0
2016-01-22,0.0
2016-01-23,0.0
2016-01-24,0.0
2016-01-25,0.0
2016-01-26,0.0
2016-01-27,0.0
2016-01-28,0.0
2016-01-29,0.0
2016-01-30,0.0
2016-01-31,0.0
2016-02-01,0.0
2016-02-02,0.0
2016-02-03,0.0
2016-02-04,0.0
2016-02-05,0.0
2016-02-06,0.0
2016-02-07,0.0
2016-02-08,0.0
2016-02-09,0.0
2016-02-10,0.0
2016-02-11,0.0
2016-02-12,0.0
2016-02-13,0.0
2016-02-14,0.0
2016-02-15,0.0
2016-02-16,0.0
2016-02-17,0.0
2016-02-18,0.0
2016-02-19,0.0
2016-02-20,0.0
2016-02-21,0.0
2016-02-22,0.0
2016-02-23,0.0
2016-02-24,0.0
2016-02-25,0.0
2016-02-26,0.0
2016-02-27,0.0
2016-02-28,0.0
2016-02-29,0.0
2016-03-01,0.0
2016-03-02,0.0
2016-03-03,0.0
2016-03-04,0.0
2016-03-05,0.0
2016-03-06,0.0
2016-03-07,0.0
2016-03-08,0.0
2016-03-09,0.0
2016-03-10,0.0
2016-03-11,0.0
2016-03-12,0.0
2016-03-13,0.0
2016-03-14,0.0
2016-03-15,0.0
2016-03-16,0.0
2016-03-17,0.0
2016-03-18,0.0
2016-03-19,0.0
2016-03-20,0.0
2016-03-21,0.0
2016-03-22,0.0
2016-03-23,0.0
2016-03-24,0.0
2016-03-25,0.0
2016-03-26,0.0
2016-03-27,0.0
2016-03-28,0.0
2016-03-29,0.0
2016-03-30,0.0
2016-03-31,0.0
2016-04-01,0.0
2016-04-02,0.0
2016-04-03,0.0
2016-04-04,0.0
2016-04-05,0.0
2016-04-06,0.0
2016-04-07,0.0
2016-04-08,0.0
2016-04-09,0.0
2016-04-10,0.0
2016-04-11,0.0
2016-04-12,0.0
2016-04-13,0.0
2016-04-14,0.0
2016-04-15,0.0
2016-04-16,0.0
2016-04-17,0.0
2016-04-18,0.0
2016-04-19,0.0
2016-04-20,0.0
2016-04-21,0.0
2016-04-22,0.0
2016-04-23,0.0
2016-04-24,0.0
2016-04-25,0.0
2016-04-26,0.0
2016-04-27,0.0
2016-04-28,0.0
2016-04-29,0.0
2016-04-30,0.0
2016-05-01,0.0
2016-05-02,0.0
2016-05-03,0.0
2016-05-04,0.0
2016-05-05,0.0
2016-05-06,0.0
2016-05-07,0.0
2016-05-08,0.0
2016-05-09,0.0
2016-05-10,0.0
2016-05-11,0.0
2016-05-12,0.0
2016-05-13,0.0
2016-05-14,0.0
2016-05-15,0.0
2016-05-16,0.0
2016-05-17,0.0
2016-05-18,0.0
2016-05-19,0.0
2016-05-20,0.0
2016-05-21,0.0
2016-05-22,0.0
2016-05-23,0.0
2016-05-24,0.0
2016-05-25,0.0
2016-05-26,0.0
2016-05-27,0.0
2016-05-28,0.0
2016-05-29,0.0
2016-05-30,0.0
2016-05-31,0.0
2016-06-01,0.0
2016-06-02,0.0
2016-06-03,0.0
2016-06-04,0.0
2016-06-05,0.0
2016-06-06,0.0
2016-06-07,0.0
2016-06-08,0.0
2016-06-09,0.0
2016-06-10,0.0
2016-06-11,0.0
2016-06-12,0.0
2016-06-13,0.0
2016-06-14,0.0
2016-06-15,0.0
2016-06-16,0.0
2016-06-17,0.0
2016-06-18,0.0
2016-06-19,0.0
2016-06-20,0.0
2016-06-21,0.0
2016-06-22,0.0
2016-06-23,0.0
2016-06-24,0.0
2016-06-25,0.0
2016-06-26,0.0
2016-06-27,0.0
2016-06-28,0.0
2016-06-29,0.0
2016-06-30,0.0
2016-07-01,0.0
2016-07-02,0.0
2016-07-03,0.0
2016-07-04,0.0
2016-07-05,0.0
2016-07-06,0.0
2016-07-07,0.0
2016-07-08,0.0
2016-07-09,0.0
2016-07-10,0.0
2016-07-11,0.0
2016-07-12,0.0
2016-07-13,0.0
2016-07-14,0.0
2016-07-15,0.0
2016-07-16,0.0
2016-07-17,0.0
2016-07-18,0.0
2016-07-19,0.0
2016-07-20,0.0
2016-07-21,0.0
2016-07-22,0.0
2016-07-23,0.0
2016-07-24,0.0
2016-07-25,0.0
2016-07-26,0.0
2016-07-27,0.0
2016-07-28,0.0
2016-07-29,0.0
2016-07-30,0.0
2016-07-31,0.0
2016-08-01,0.0
2016-08-02,0.0
2016-08-03,0.0
2016-08-04,0.0
2016-08-05,0.0
2016-08-06,0.0
2016-08-07,0.0
2016-08-08,0.0
2016-08-09,0.0
2016-08-10,0.0
2016-08-11,0.0
2016-08-12,0.0
2016-08-13,0.0
2016-08-14,0.0
2016-08-15,0.0
2016-08-16,0.0
2016-08-17,0.0
2016-08-18,0.0
2016-08-19,0.0
2016-08-20,0.0
2016-08-21,0.0
2016-08-22,0.0
2016-08-23,0.0
2016-08-24,0.0
2016-08-25,0.0
2016-08-26,0.0
2016-08-27,0.0
2016-08-28,0.0
2016-08-29,0.0
2016-08-30,0.0
2016-08-31,0.0
2016-09-01,0.0
2016-09-02,0.0
2016-09-03,0.0
2016-09-04,0.0
2016-09-05,0.0
2016-09-06,0.0
2016-09-07,0.0
2016-09-08,0.0
2016-09-09,0.0
2016-09-10,0.0
2016-09-11,0.0
2016-09-12,0.0
2016-09-13,0.0
2016-09-14,0.0
2016-09-15,0.0
2016-09-16,0.0
2016-09-17,0.0
2016-09-18,0.0
2016-09-19,0.0
2016-09-20,0.0
2016-09-21,0.0
2016-09-22,0.0
2016-09-23,0.0
2016-09-24,0.0
2016-09-25,0.0
2016-09-26,0.0
2016-09-27,0.0
2016-09-28,0.0
2016-09-29,0.0
2016-09-30,0.0
2016-10-01,0.0
2016-10-02,0.0
2016-10-03,0.0
2016-10-04,0.0
2016-10-05,0.0
2016-10-06,0.0
2016-10-07,0.0
2016-10-08,0.0
2016-10-09,0.0
2016-10-10,0.0
2016-10-11,0.0
2016-10-12,0.0
2016-10-13,0.0
2016-10-14,0.0
2016-10-15,0.0
2016-10-16,0.0
2016-10-17,0.0
2016-10-18,0.0
2016-10-19,0.0
2016-10-20,0.0
2016-10-21,0.0
2016-10-22,0.0
2016-10-23,0.0
2016-10-24,0.0
2016-10-25,0.0
2016-10-26,0.0
2016-10-27,0.0
2016-10-28,0.0
2016-10-29,0.0
2016-10-30,0.0
2016-10-31,0.0
2016-11-01,0.0
2016-11-02,0.0
2016-11-03,0.0
2016-11-04,0.0
2016-11-05,0.0
2016-11-06,0.0
2016-11-07,0.0
2016-11-08,0.0
2016-11-09,0.0
2016-11-10,0.0
2016-11-11,0.0
2016-11-12,0.0
2016-11-13,0.0
2016-11-14,0.0
2016-11-15,0.0
2016-11-16,0.0
2016-11-17,0.0
2016-11-18,0.0
2016-11-19,0.0
2016-11-20,0.0
2016-11-21,0.0
2016-11-22,0.0
2016-11-23,0.0
2016-11-24,0.0
2016-11-25,0.0
2016-11-26,0.0
2016-11-27,0.0
2016-11-28,0.0
2016-11-29,0.0
2016-11-30,0.0
2016-12-01,0.0
2016-12-02,0.0
2016-12-03,0.0
2016-12-04,0.0
2016-12-05,0.0
2016-12-06,0.0
2016-12-07,0.0
2016-12-08,0.0
2016-12-09,0.0
2016-12-10,0.0
2016-12-11,0.0
2016-12-12,0.0
2016-12-13,0.0
2016-12-14,0.0
2016-12-15,0.0
2016-12-16,0.0
2016-12-17,0.0
2016-12-18,0.0
2016-12-19,0.0
2016-12-20,0.0
2016-12-21,0.0
2016-12-22,0.0
2016-12-23,0.0
2016-12-24,0.0
2016-12-25,0.0
2016-12-26,0.0
2016-12-27,0.0
2016-12-28,0.0
2016-12-29,0.0
2016-12-30,0.0
2016-12-31,0.0
2017-01-01,0.0
2017-01-02,0.0
2017-01-03,0.0
2017-01-04,0.0
2017-01-05,0.0
2017-01-06,0.0
2017-01-07,0.0
2017-01-08,0.0
2017-01-09,0.0
2017-01-10,0.0
2017-01-11,0.0
2017-01-12,0.0
2017-01-13,0.0
2017-01-14,0.0
2017-01-15,0.0
2017-01-16,0.0
2017-01-17,0.0
2017-01-18,0.0
2017-01-19,0.0
2017-01-20,0.0
2017-01-21,0.0
2017-01-22,0.0
2017-01-23,0.0
2017-01-24,0.0
2017-01-25,0.0
2017-01-26,0.0
2017-01-27,0.0
2017-01-28,0.0
2017-01-29,0.0
2017-01-30,0.0
2017-01-31,0.0
2017-02-01,0.0
2017-02-02,0.0
2017-02-03,0.0
2017-02-04,0.0
2017-02-05,0.0
2017-02-06,0.0
2017-02-07,0.0
2017-02-08,0.0
2017-02-09,0.0
2017-02-10,0.0
2017-02-11,0.0
2017-02-12,0.0
2017-02-13,0.0
2017-02-14,0.0
2017-02-15,0.0
2017-02-16,0.0
2017-02-17,0.0
2017-02-18,0.0
2017-02-19,0.0
2017-02-20,0.0
2017-02-21,0.0
2017-02-22,0.0
2017-02-23,0.0
2017-02-24,0.0
2017-02-25,0.0
2017-02-26,0.0
2017-02-27,0.0
2017-02-28,0.0
2017-03-01,0.0
2017-03-02,0.0
2017-03-03,0.0
2017-03-04,0.0
2017-03-05,0.0
2017-03-06,0.0
2017-03-07,0.0
2017-03-08,0.0
2017-03-09,0.0
2017-03-10,0.0
2017-03-11,0.0
2017-03-12,0.0
2017-03-13,0.0
2017-03-14,0.0
2017-03-15,0.0
2017-03-16,0.0
2017-03-17,0.0
2017-03-18,0.0
2017-03-19,0.0
2017-03-20,0.0
2017-03-21,0.0
2017-03-22,0.0
2017-03-23,0.0
2017-03-24,0.0
2017-03-25,0.0
2017-03-26,0.0
2017-03-27,0.0
2017-03-28,0.0
2017-03-29,0.0
2017-03-30,0.0
2017-03-31,0.0
2017-04-01,0.0
2017-04-02,0.0
2017-04-03,0.0
2017-04-04,0.0
2017-04-05,0.0
2017-04-06,0.0
2017-04-07,0.0
2017-04-08,0.0
2017-04-09,0.0
2017-04-10,0.0
2017-04-11,0.0
2017-04-12,0.0
2017-04-13,0.0
2017-04-14,0.0
2017-04-15,0.0
2017-04-16,0.0
2017-04-17,0.0
2017-04-18,0.0
2017-04-19,0.0
2017-04-20,0.0
2017-04-21,0.0
2017-04-22,0.0
2017-04-23,0.0
2017-04-24,0.0
2017-04-25,0.0
2017-04-26,0.0
2017-04-27,0.0
2017-04-28,0.0
2017-04-29,0.0
2017-04-30,0.0
2017-05-01,0.0
2017-05-02,0.0
2017-05-03,0.0
2017-05-04,0.0
2017-05-05,0.0
2017-05-06,0.0
2017-05-07,0.0
2017-05-08,0.0
2017-05-09,0.0
2017-05-10,0.0
2017-05-11,0.0
2017-05-12,0.0
2017-05-13,0.0
2017-05-14,0.0
2017-05-15,0.0
2017-05-16,0.0
2017-05-17,0.0
2017-05-18,0.0
2017-05-19,0.0
2017-05-20,0.0
2017-05-21,0.0
2017-05-22,0.0
2017-05-23,0.0
2017-05-24,0.0
2017-05-25,0.0
2017-05-26,0.0
2017-05-27,0.0
2017-05-28,0.0
2017-05-29,0.0
2017-05-30,0.0
2017-05-31,0.0
2017-06-01,0.0
2017-06-02,0.0
2017-06-03,0.0
2017-06-04,0.0
2017-06-05,0.0
2017-06-06,0.0
2017-06-07,0.0
2017-06-08,0.0
2017-06-09,0.0
2017-06-10,0.0
2017-06-11,0.0
2017-06-12,0.0
2017-06-13,0.0
2017-06-14,0.0
2017-06-15,0.0
2017-06-16,0.0
2017-06-17,0.0
2017-06-18,0.0
2017-06-19,0.0
2017-06-20,0.0
2017-06-21,0.0
2017-06-22,0.0
2017-06-23,0.0
2017-06-24,0.0
2017-06-25,0.0
2017-06-26,0.0
2017-06-27,0.0
2017-06-28,0.0
2017-06-29,0.0
2017-06-30,0.0
2017-07-01,0.0
2017-07-02,0.0
2017-07-03,0.0
2017-07-04,0.0
2017-07-05,0.0
2017-07-06,0.0
2017-07-07,0.0
2017-07-08,0.0
2017-07-09,0.0
2017-07-10,0.0
2017-07-11,0.0
2017-07-12,0.0
2017-07-13,0.0
2017-07-14,0.0
2017-07-15,0.0
2017-07-16,0.0
2017-07-17,0.0
2017-07-18,0.0
2017-07-19,0.0
2017-07-20,0.0
2017-07-21,0.0
2017-07-22,0.0
2017-07-23,0.0
2017-07-24,0.0
2017-07-25,0.0
2017-07-26,0.0
2017-07-27,0.0
2017-07-28,0.0
2017-07-29,0.0
2017-07-30,0.0
2017-07-31,0.0
2017-08-01,0.0
2017-08-02,0.0
2017-08-03,0.0
2017-08-04,0.0
2017-08-05,0.0
2017-08-06,0.0
2017-08-07,0.0
2017-08-08,0.0
2017-08-09,0.0
2017-08-10,0.0
2017-08-11,0.0
2017-08-12,0.0
2017-08-13,0.0
2017-08-14,0.0
2017-08-15,0.0
2017-08-16,0.0
2017-08-17,0.0
2017-08-18,0.0
2017-08-19,0.0
2017-08-20,0.0
2017-08-21,0.0
2017-08-22,0.0
2017-08-23,0.0
2017-08-24,0.0
2017-08-25,0.0
2017-08-26,0.0
2017-08-27,0.0
2017-08-28,0.0
2017-08-29,0.0
2017-08-30,0.0
2017-08-31,0.0
2017-09-01,0.0
2017-09-02,0.0
2017-09-03,0.0
2017-09-04,0.0
2017-09-05,0.0
2017-09-06,0.0
2017-09-07,0.0
2017-09-08,0.0
2017-09-09,0.0
2017-09-10,0.0
2017-09-11,0.0
2017-09-12,0.0
2017-09-13,0.0
2017-09-14,0.0
2017-09-15,0.0
2017-09-16,0.0
2017-09-17,0.0
2017-09-18,0.0
2017-09-19,0.0
2017-09-20,0.0
2017-09-21,0.0
2017-09-22,0.0
2017-09-23,0.0
2017-09-24,0.0
2017-09-25,0.0
2017-09-26,0.0
2017-09-27,0.0
2017-09-28,0.0
2017-09-29,0.0
2017-09-30,0.0
2017-10-01,0.0
2017-10-02,0.0
2017-10-03,0.0
2017-10-04,0.0
2017-10-05,0.0
2017-10-06,0.0
2017-10-07,0.0
2017-10-08,0.0
2017-10-09,0.0
2017-10-10,0.0
2017-10-11,0.0
2017-10-12,0.0
2017-10-13,0.0
2017-10-14,0.0
2017-10-15,0.0
2017-10-16,0.0
2017-10-17,0.0
2017-10-18,0.0
2017-10-19,0.0
2017-10-20,0.0
2017-10-21,0.0
2017-10-22,0.0
2017-10-23,0.0
2017-10-24,0.0
2017-10-25,0.0
2017-10-26,0.0
2017-10-27,0.0
2017-10-28,0.0
2017-10-29,0.0
2017-10-30,0.0
2017-10-31,0.0
2017-11-01,0.0
2017-11-02,0.0
2017-11-03,0.0
2017-11-04,0.0
2017-11-05,0.0
2017-11-06,0.0
2017-11-07,0.0
2017-11-08,0.0
2017-11-09,0.0
2017-11-10,0.0
2017-11-11,0.0
2017-11-12,0.0
2017-11-13,0.0
2017-11-14,0.0
2017-11-15,0.0
2017-11-16,0.0
2017-11-17,0.0
2017-11-18,0.0
2017-11-19,0.0
2017-11-20,0.0
2017-11-21,0.0
2017-11-22,0.0
2017-11-23,0.0
2017-11-24,0.0
2017-11-25,0.0
2017-11-26,0.0
2017-11-27,0.0
2017-11-28,0.0
2017-11-29,0.0
2017-11-30,0.0
2017-12-01,0.0
2017-12-02,0.0
2017-12-03,0.0
2017-12-04,0.0
2017-12-05,0.0
2017-12-06,0.0
2017-12-07,0.0
2017-12-08,0.0
2017-12-09,0.0
2017-12-10,0.0
2017-12-11,0.0
2017-12-12,0.0
2017-12-13,0.0
2017-12-14,0.0
2017-12-15,0.0
2017-12-16,0.0
2017-12-17,0.0
2017-12-18,0.0
2017-12-19,0.0
2017-12-20,0.0
2017-12-21,0.0
2017-12-22,0.0
2017-12-23,0.0
2017-12-24,0.0
2017-12-25,0.0
2017-12-26,0.0
2017-12-27,0.0
2017-12-28,0.0
2017-12-29,0.0
2017-12-30,0.0
2017-12-31,0.0
2018-01-01,0.0
2018-01-02,0.0
2018-01-03,0.0
2018-01-04,0.0
2018-01-05,0.0
2018-01-06,0.0
2018-01-07,0.0
2018-01-08,0.0
2018-01-09,0.0
2018-01-10,0.0
2018-01-11,0.0
2018-01-12,0.0
2018-01-13,0.0
2018-01-14,0.0
2018-01-15,0.0
2018-01-16,0.0
2018-01-17,0.0
2018-01-18,0.0
2018-01-19,0.0
2018-01-20,0.0
2018-01-21,0.0
2018-01-22,0.0
2018-01-23,0.0
2018-01-24,0.0
2018-01-25,0.0
2018-01-26,0.0
2018-01-27,0.0
2018-01-28,0.0
2018-01-29,0.0
2018-01-30,0.0
2018-01-31,0.0
2018-02-01,0.0
2018-02-02,0.0
2018-02-03,0.0
2018-02-04,0.0
2018-02-05,0.0
2018-02-06,0.0
2018-02-07,0.0
2018-02-08,0.0
2018-02-09,0.0
2018-02-10,0.0
2018-02-11,0.0
2018-02-12,0.0
2018-02-13,0.0
2018-02-14,0.0
2018-02-15,0.0
2018-02-16,0.0
2018-02-17,0.0
2018-02-18,0.0
2018-02-19,0.0
2018-02-20,0.0
2018-02-21,0.0
2018-02-22,0.0
2018-02-23,0.0
2018-02-24,0.0
2018-02-25,0.0
2018-02-26,0.0
2018-02-27,0.0
2018-02-28,0.0
2018-03-01,0.0
2018-03-02,0.0
2018-03-03,0.0
2018-03-04,0.0
2018-03-05,0.0
2018-03-06,0.0
2018-03-07,0.0
2018-03-08,0.0
2018-03-09,0.0
2018-03-10,0.0
2018-03-11,0.0
2018-03-12,0.0
2018-03-13,0.0
2018-03-14,0.0
2018-03-15,0.0
2018-03-16,0.0
2018-03-17,0.0
2018-03-18,0.0
2018-03-19,0.0
2018-03-20,0.0
2018-03-21,0.0
2018-03-22,0.0
2018-03-23,0.0
2018-03-24,0.0
2018-03-25,0.0
2018-03-26,0.0
2018-03-27,0.0
2018-03-28,0.0
2018-03-29,0.0
2018-03-30,0.0
2018-03-31,0.0
2018-04-01,0.0
2018-04-02,0.0
2018-04-03,0.0
2018-04-04,0.0
2018-04-05,0.0
2018-04-06,0.0
2018-04-07,0.0
2018-04-08,0.0
2018-04-09,0.0
2018-04-10,0.0
2018-04-11,0.0
2018-04-12,0.0
2018-04-13,0.0
2018-04-14,0.0
2018-04-15,0.0
2018-04-16,0.0
2018-04-17,0.0
2018-04-18,0.0
2018-04-19,0.0
2018-04-20,0.0
2018-04-21,0.0
2018-04-22,0.0
2018-04-23,0.0
2018-04-24,0.0
2018-04-25,0.0
2018-04-26,0.0
2018-04-27,0.0
2018-04-28,0.0
2018-04-29,0.0
2018-04-30,0.0
2018-05-01,0.0
2018-05-02,0.0
2018-05-03,0.0
2018-05-04,0.0
2018-05-05,0.0
2018-05-06,0.0
2018-05-07,0.0
2018-05-08,0.0
2018-05-09,0.0
2018-05-10,0.0
2018-05-11,0.0
2018-05-12,0.0
2018-05-13,0.0
2018-05-14,0.0
2018-05-15,0.0
2018-05-16,0.0
2018-05-17,0.0
2018-05-18,0.0
2018-05-19,0.0
2018-05-20,0.0
2018-05-21,0.0
2018-05-22,0.0
2018-05-23,0.0
2018-05-24,0.0
2018-05-25,0.0
2018-05-26,0.0
2018-05-27,0.0
2018-05-28,0.0
2018-05-29,0.0
2018-05-30,0.0
2018-05-31,0.0
2018-06-01,0.0
2018-06-02,0.0
2018-06-03,0.0
2018-06-04,0.0
2018-06-05,0.0
2018-06-06,0.0
2018-06-07,0.0
2018-06-08,0.0
2018-06-09,0.0
2018-06-10,0.0
2018-06-11,0.0
2018-06-12,0.0
2018-06-13,0.0
2018-06-14,0.0
2018-06-15,0.0
2018-06-16,0.0
2018-06-17,0.0
2018-06-18,0.0
2018-06-19,0.0
2018-06-20,0.0
2018-06-21,0.0
2018-06-22,0.0
2018-06-23,0.0
2018-06-24,0.0
2018-06-25,0.0
2018-06-26,0.0
2018-06-27,0.0
2018-06-28,0.0
2018-06-29,0.0
2018-06-30,0.0
2018-07-01,0.0
2018-07-02,0.0
2018-07-03,0.0
2018-07-04,0.0
2018-07-05,0.0
2018-07-06,0.0
2018-07-07,0.0
2018-07-08,0.0
2018-07-09,0.0
2018-07-10,0.0
2018-07-11,0.0
2018-07-12,0.0
2018-07-13,0.0
2018-07-14,0.0
2018-07-15,0.0
2018-07-16,0.0
2018-07-17,0.0
2018-07-18,0.0
2018-07-19,0.0
2018-07-20,0.0
2018-07-21,0.0
2018-07-22,0.0
2018-07-23,0.0
2018-07-24,0.0
2018-07-25,0.0
2018-07-26,0.0
2018-07-27,0.0
2018-07-28,0.0
2018-07-29,0.0
2018-07-30,0.0
2018-07-31,0.0
2018-08-01,0.0
2018-08-02,0.0
2018-08-03,0.0
2018-08-04,0.0
2018-08-05,0.0
2018-08-06,0.0
2018-08-07,0.0
2018-08-08,0.0
2018-08-09,0.0
2018-08-10,0.0
2018-08-11,0.0
2018-08-12,0.0
2018-08-13,0.0
2018-08-14,0.0
2018-08-15,0.0
2018-08-16,0.0
2018-08-17,0.0
2018-08-18,0.0
2018-08-19,0.0
2018-08-20,0.0
2018-08-21,0.0
2018-08-22,0.0
2018-08-23,0.0
2018-08-24,0.0
2018-08-25,0.0
2018-08-26,0.0
2018-08-27,0.0
2018-08-28,0.0
2018-08-29,0.0
2018-08-30,0.0
2018-08-31,0.0
2018-09-01,0.0
2018-09-02,0.0
2018-09-03,0.0
2018-09-04,0.0
2018-09-05,0.0
2018-09-06,0.0
2018-09-07,0.0
2018-09-08,0.0
2018-09-09,0.0
2018-09-10,0.0
2018-09-11,0.0
2018-09-12,0.0
2018-09-13,0.0
2018-09-14,0.0
2018-09-15,0.0
2018-09-16,0.0
2018-09-17,0.0
2018-09-18,0.0
2018-09-19,0.0
2018-09-20,0.0
2018-09-21,0.0
2018-09-22,0.0
2018-09-23,0.0
2018-09-24,0.0
2018-09-25,0.0
2018-09-26,0.0
2018-09-27,0.0
2018-09-28,0.0
2018-09-29,0.0
2018-09-30,0.0
2018-10-01,0.0
2018-10-02,0.0
2018-10-03,0.0
2018-10-04,0.0
2018-10-05,0.0
2018-10-06,0.0
2018-10-07,0.0
2018-10-08,0.0
2018-10-09,0.0
2018-10-10,0.0
2018-10-11,0.0
2018-10-12,0.0
2018-10-13,0.0
2018-10-14,0.0
2018-10-15,0.0
2018-10-16,0.0
2018-10-17,0.0
2018-10-18,0.0
2018-10-19,0.0
2018-10-20,0.0
2018-10-21,0.0
2018-10-22,0.0
2018-10-23,0.0
2018-10-24,0.0
2018-10-25,0.0
2018-10-26,0.0
2018-10-27,0.0
2018-10-28,0.0
2018-10-29,0.0
2018-10-30,0.0
2018-10-31,0.0
2018-11-01,0.0
2018-11-02,0.0
2018-11-03,0.0
2018-11-04,0.0
2018-11-05,0.0
2018-11-06,0.0
2018-11-07,0.0
2018-11-08,0.0
2018-11-09,0.0
2018-11-10,0.0
2018-11-11,0.0
2018-11-12,0.0
2018-11-13,0.0
2018-11-14,0.0
2018-11-15,0.0
2018-11-16,0.0
2018-11-17,0.0
2018-11-18,0.0
2018-11-19,0.0
2018-11-20,0.0
2018-11-21,0.0
2018-11-22,0.0
2018-11-23,0.0
2018-11-24,0.0
2018-11-25,0.0
2018-11-26,0.0
2018-11-27,0.0
2018-11-28,0.0
2018-11-29,0.0
2018-11-30,0.0
2018-12-01,0.0
2018-12-02,0.0
2018-12-03,0.0
2018-12-04,0.0
2018-12-05,0.0
2018-12-06,0.0
2018-12-07,0.0
2018-12-08,0.0
2018-12-09,0.0
2018-12-10,0.0
2018-12-11,0.0
2018-12-12,0.0
2018-12-13,0.0
2018-12-14,0.0
2018-12-15,0.0
2018-12-16,0.0
2018-12-17,0.0
2018-12-18,0.0
2018-12-19,0.0
2018-12-20,0.0
2018-12-21,0.0
2018-12-22,0.0
2018-12-23,0.0
2018-12-24,0.0
2018-12-25,0.0
2018-12-26,0.0
2018-12-27,0.0
2018-12-28,0.0
2018-12-29,0.0
2018-12-30,0.0
2018-12-31,0.0
2019-01-01,0.0
2019-01-02,0.0
2019-01-03,0.0
2019-01-04,0.0
2019-01-05,0.0
2019-01-06,0.0
2019-01-07,0.0
2019-01-08,0.0
2019-01-09,0.0
2019-01-10,0.0
2019-01-11,0.0
2019-01-12,0.0
2019-01-13,0.0
2019-01-14,0.0
2019-01-15,0.0
2019-01-16,0.0
2019-01-17,0.0
2019-01-18,0.0
2019-01-19,0.0
2019-01-20,0.0
2019-01-21,0.0
2019-01-22,0.0
2019-01-23,0.0
2019-01-24,0.0
2019-01-25,0.0
2019-01-26,0.0
2019-01-27,0.0
2019-01-28,0.0
2019-01-29,0.0
2019-01-30,0.0
2019-01-31,0.0
2019-02-01,0.0
2019-02-02,0.0
2019-02-03,0.0
2019-02-04,0.0
2019-02-05,0.0
2019-02-06,0.0
2019-02-07,0.0
2019-02-08,0.0
2019-02-09,0.0
2019-02-10,0.0
2019-02-11,0.0
2019-02-12,0.0
2019-02-13,0.0
2019-02-14,0.0
2019-02-15,0.0
2019-02-16,0.0
2019-02-17,0.0
2019-02-18,0.0
2019-02-19,0.0
2019-02-20,0.0
2019-02-21,0.0
2019-02-22,0.0
2019-02-23,0.0
2019-02-24,0.0
2019-02-25,0.0
2019-02-26,0.0
2019-02-27,0.0
2019-02-28,0.0
2019-03-01,0.0
2019-03-02,0.0
2019-03-03,0.0
2019-03-04,0.0
2019-03-05,0.0
2019-03-06,0.0
2019-03-07,0.0
2019-03-08,0.0
2019-03-09,0.0
2019-03-10,0.0
2019-03-11,0.0
2019-03-12,0.0
2019-03-13,0.0
2019-03-14,0.0
2019-03-15,0.0
2019-03-16,0.0
2019-03-17,0.0
2019-03-18,0.0
2019-03-19,0.0
2019-03-20,0.0
2019-03-21,0.0
2019-03-22,0.0
2019-03-23,0.0
2019-03-24,0.0
2019-03-25,0.0
2019-03-26,0.0
2019-03-27,0.0
2019-03-28,0.0
2019-03-29,0.0
2019-03-30,0.0
2019-03-31,0.0
2019-04-01,0.0
2019-04-02,0.0
2019-04-03,0.0
2019-04-04,0.0
2019-04-05,0.0
2019-04-06,0.0
2019-04-07,0.0
2019-04-08,0.0
2019-04-09,0.0
2019-04-10,0.0
2019-04-11,0.0
2019-04-12,0.0
2019-04-13,0.0
2019-04-14,0.0
2019-04-15,0.0
2019-04-16,0.0
2019-04-17,0.0
2019-04-18,0.0
2019-04-19,0.0
2019-04-20,0.0
2019-04-21,0.0
2019-04-22,0.0
2019-04-23,0.0
2019-04-24,0.0
2019-04-25,0.0
2019-04-26,0.0
2019-04-27,0.0
2019-04-28,0.0
2019-04-29,0.0
2019-04-30,0.0
2019-05-01,0.0
2019-05-02,0.0
2019-05-03,0.0
2019-05-04,0.0
2019-05-05,0.0
2019-05-06,0.0
2019-05-07,0.0
2019-05-08,0.0
2019-05-09,0.0
2019-05-10,0.0
2019-05-11,0.0
2019-05-12,0.0
2019-05-13,0.0
2019-05-14,0.0
2019-05-15,0.0
2019-05-16,0.0
2019-05-17,0.0
2019-05-18,0.0
2019-05-19,0.0
2019-05-20,0.0
2019-05-21,0.0
2019-05-22,0.0
2019-05-23,0.0
2019-05-24,0.0
2019-05-25,0.0
2019-05-26,0.0
2019-05-27,0.0
2019-05-28,0.0
2019-05-29,0.0
2019-05-30,0.0
2019-05-31,0.0
2019-06-01,0.0
2019-06-02,0.0
2019-06-03,0.0
2019-06-04,0.0
2019-06-05,0.0
2019-06-06,0.0
2019-06-07,0.0
2019-06-08,0.0
2019-06-09,0.0
2019-06-10,0.0
2019-06-11,0.0
2019-06-12,0.0
2019-06-13,0.0
2019-06-14,0.0
2019-06-15,0.0
2019-06-16,0.0
2019-06-17,0.0
2019-06-18,0.0
2019-06-19,0.0
2019-06-20,0.0
2019-06-21,0.0
2019-06-22,0.0
2019-06-23,0.0
2019-06-24,0.0
2019-06-25,0.0
2019-06-26,0.0
2019-06-27,0.0
2019-06-28,0.0
2019-06-29,0.0
2019-06-30,0.0
2019-07-01,0.0
2019-07-02,0.0
2019-07-03,0.0
2019-07-04,0.0
2019-07-05,0.0
2019-07-06,0.0
2019-07-07,0.0
2019-07-08,0.0
2019-07-09,0.0
2019-07-10,0.0
2019-07-11,0.0
2019-07-12,0.0
2019-07-13,0.0
2019-07-14,0.0
2019-07-15,0.0
2019-07-16,0.0
2019-07-17,0.0
2019-07-18,0.0
2019-07-19,0.0
2019-07-20,0.0
2019-07-21,0.0
2019-07-22,0.0
2019-07-23,0.0
2019-07-24,0.0
2019-07-25,0.0
2019-07-26,0.0
2019-07-27,0.0
2019-07-28,0.0
2019-07-29,0.0
2019-07-30,0.0
2019-07-31,0.0
2019-08-01,0.0
2019-08-02,0.0
2019-08-03,0.0
2019-08-04,0.0
2019-08-05,0.0
2019-08-06,0.0
2019-08-07,0.0
2019-08-08,0.0
2019-08-09,0.0
2019-08-10,0.0
2019-08-11,0.0
2019-08-12,0.0
2019-08-13,0.0
2019-08-14,0.0
2019-08-15,0.0
2019-08-16,0.0
2019-08-17,0.0
2019-08-18,0.0
2019-08-19,0.0
2019-08-20,0.0
2019-08-21,0.0
2019-08-22,0.0
2019-08-23,0.0
2019-08-24,0.0
2019-08-25,0.0
2019-08-26,0.0
2019-08-27,0.0
2019-08-28,0.0
2019-08-29,0.0
2019-08-30,0.0
2019-08-31,0.0
2019-09-01,0.0
2019-09-02,0.0
2019-09-03,0.0
2019-09-04,0.0
2019-09-05,0.0
2019-09-06,0.0
2019-09-07,0.0
2019-09-08,0.0
2019-09-09,0.0
2019-09-10,0.0
2019-09-11,0.0
2019-09-12,0.0
2019-09-13,0.0
2019-09-14,0.0
2019-09-15,0.0
2019-09-16,0.0
2019-09-17,0.0
2019-09-18,0.0
2019-09-19,0.0
2019-09-20,0.0
2019-09-21,0.0
2019-09-22,0.0
2019-09-23,0.0
2019-09-24,0.0
2019-09-25,0.0
2019-09-26,0.0
2019-09-27,0.0
2019-09-28,0.0
2019-09-29,0.0
2019-09-30,0.0
2019-10-01,0.0
2019-10-02,0.0
2019-10-03,0.0
2019-10-04,0.0
2019-10-05,0.0
2019-10-06,0.0
2019-10-07,0.0
2019-10-08,0.0
2019-10-09,0.0
2019-10-10,0.0
2019-10-11,0.0
2019-10-12,0.0
2019-10-13,0.0
2019-10-14,0.0
2019-10-15,0.0
2019-10-16,0.0
2019-10-17,0.0
2019-10-18,0.0
2019-10-19,0.0
2019-10-20,0.0
2019-10-21,0.0
2019-10-22,0.0
2019-10-23,0.0
2019-10-24,0.0
2019-10-25,0.0
2019-10-26,0.0
2019-10-27,0.0
2019-10-28,0.0
2019-10-29,0.0
2019-10-30,0.0
2019-10-31,0.0
2019-11-01,0.0
2019-11-02,0.0
2019-11-03,0.0
2019-11-04,0.0
2019-11-05,0.0
2019-11-06,0.0
2019-11-07,0.0
2019-11-08,0.0
2019-11-09,0.0
2019-11-10,0.0
2019-11-11,0.0
2019-11-12,0.0
2019-11-13,0.0
2019-11-14,0.0
2019-11-15,0.0
2019-11-16,0.0
2019-11-17,0.0
2019-11-18,0.0
2019-11-19,0.0
2019-11-20,0.0
2019-11-21,0.0
2019-11-22,0.0
2019-11-23,0.0
2019-11-24,0.0
2019-11-25,0.0
2019-11-26,0.0
2019-11-27,0.0
2019-11-28,0.0
2019-11-29,0.0
2019-11-30,0.0
2019-12-01,0.0
2019-12-02,0.0
2019-12-03,0.0
2019-12-04,0.0
2019-12-05,0.0
2019-12-06,0.0
2019-12-07,0.0
2019-12-08,0.0
2019-12-09,0.0
2019-12-10,0.0
2019-12-11,0.0
2019-12-12,0.0
2019-12-13,0.0
2019-12-14,0.0
2019-12-15,0.0
2019-12-16,0.0
2019-12-17,0.0
2019-12-18,0.0
2019-12-19,0.0
2019-12-20,0.0
2019-12-21,0.0
2019-12-22,0.0
2019-12-23,0.0
2019-12-24,0.0
2019-12-25,0.0
2019-12-26,0.0
2019-12-27,0.0
2019-12-28,0.0
2019-12-29,0.0
2019-12-30,0.0
2019-12-31,0.0
2020-01-01,0.0
2020-01-02,0.0
2020-01-03,0.0
2020-01-04,0.0
2020-01-05,0.0
2020-01-06,0.0
2020-01-07,0.0
2020-01-08,0.0
2020-01-09,0.0
2020-01-10,0.0
2020-01-11,0.0
2020-01-12,0.0
2020-01-13,0.0
2020-01-14,0.0
2020-01-15,0.0
2020-01-16,0.0
2020-01-17,0.0
2020-01-18,0.0
2020-01-19,0.0
2020-01-20,0.0
2020-01-21,0.0
2020-01-22,0.0
2020-01-23,0.0
2020-01-24,0.0
2020-01-25,0.0
2020-01-26,0.0
2020-01-27,0.0
2020-01-28,0.0
2020-01-29,0.0
2020-01-30,0.0
2020-01-31,0.0
2020-02-01,0.0
2020-02-02,0.0
2020-02-03,0.0
2020-02-04,0.0
2020-02-05,0.0
2020-02-06,0.0
2020-02-07,0.0
2020-02-08,0.0
2020-02-09,0.0
2020-02-10,0.0
2020-02-11,0.0
2020-02-12,0.0
2020-02-13,0.0
2020-02-14,0.0
2020-02-15,0.0
2020-02-16,0.0
2020-02-17,0.0
2020-02-18,0.0
2020-02-19,0.0
2020-02-20,0.0
2020-02-21,0.0
2020-02-22,0.0
2020-02-23,0.0
2020-02-24,0.0
2020-02-25,0.0
2020-02-26,0.0
2020-02-27,0.0
2020-02-28,0.0
2020-02-29,0.0
2020-03-01,0.0
2020-03-02,0.0
2020-03-03,0.0
2020-03-04,0.0
2020-03-05,0.0
2020-03-06,0.0
2020-03-07,0.0
2020-03-08,0.0
2020-03-09,0.0
2020-03-10,0.0
2020-03-11,0.0
2020-03-12,0.0
2020-03-13,0.0
2020-03-14,0.0
2020-03-15,0.0
2020-03-16,0.0
2020-03-17,0.0
2020-03-18,0.0
2020-03-19,0.0
2020-03-20,0.0
2020-03-21,0.0
2020-03-22,0.0
2020-03-23,0.0
2020-03-24,0.0
2020-03-25,0.0
2020-03-26,0.0
2020-03-27,0.0
2020-03-28,0.0
2020-03-29,0.0
2020-03-30,0.0
2020-03-31,0.0
2020-04-01,0.0
2020-04-02,0.0
2020-04-03,0.0
2020-04-04,0.0
2020-04-05,0.0
2020-04-06,0.0
2020-04-07,0.0
2020-04-08,0.0
2020-04-09,0.0
2020-04-10,0.0
2020-04-11,0.0
2020-04-12,0.0
2020-04-13,0.0
2020-04-14,0.0
2020-04-15,0.0
2020-04-16,0.0
2020-04-17,0.0
2020-04-18,0.0
2020-04-19,0.0
2020-04-20,0.0
2020-04-21,0.0
2020-04-22,0.0
2020-04-23,0.0
2020-04-24,0.0
2020-04-25,0.0
2020-04-26,0.0
2020-04-27,0.0
2020-04-28,0.0
2020-04-29,0.0
2020-04-30,0.0
2020-05-01,0.0
2020-05-02,0.0
2020-05-03,0.0
2020-05-04,0.0
2020-05-05,0.0
2020-05-06,0.0
2020-05-07,0.0
2020-05-08,0.0
2020-05-09,0.0
2020-05-10,0.0
2020-05-11,0.0
2020-05-12,0.0
2020-05-13,0.0
2020-05-14,0.0
2020-05-15,0.0
2020-05-16,0.0
2020-05-17,0.0
2020-05-18,0.0
2020-05-19,0.0
2020-05-20,0.0
2020-05-21,0.0
2020-05-22,0.0
2020-05-23,0.0
2020-05-24,0.0
2020-05-25,0.0
2020-05-26,0.0
2020-05-27,0.0
2020-05-28,0.0
2020-05-29,0.0
2020-05-30,0.0
2020-05-31,0.0
2020-06-01,0.0
2020-06-02,0.0
2020-06-03,0.0
2020-06-04,0.0
2020-06-05,0.0
2020-06-06,0.0
2020-06-07,0.0
2020-06-08,0.0
2020-06-09,0.0
2020-06-10,0.0
2020-06-11,0.0
2020-06-12,0.0
2020-06-13,0.0
2020-06-14,0.0
2020-06-15,0.0
2020-06-16,0.0
2020-06-17,0.0
2020-06-18,0.0
2020-06-19,0.0
2020-06-20,0.0
2020-06-21,0.0
2020-06-22,0.0
2020-06-23,0.0
2020-06-24,0.0
2020-06-25,0.0
2020-06-26,0.0
2020-06-27,0.0
2020-06-28,0.0
2020-06-29,0.0
2020-06-30,0.0
2020-07-01,0.0
2020-07-02,0.0
2020-07-03,0.0
2020-07-04,0.0
2020-07-05,0.0
2020-07-06,0.0
2020-07-07,0.0
2020-07-08,0.0
2020-07-09,0.0
2020-07-10,0.0
2020-07-11,0.0
2020-07-12,0.0
2020-07-13,0.0
2020-07-14,0.0
2020-07-15,0.0
2020-07-16,0.0
2020-07-17,0.0
2020-07-18,0.0
2020-07-19,0.0
2020-07-20,0.0
2020-07-21,0.0
2020-07-22,0.0
2020-07-23,0.0
2020-07-24,0.0
2020-07-25,0.0
2020-07-26,0.0
2020-07-27,0.0
2020-07-28,0.0
2020-07-29,0.0
2020-07-30,0.0
2020-07-31,0.0
2020-08-01,0.0
2020-08-02,0.0
2020-08-03,0.0
2020-08-04,0.0
2020-08-05,0.0
2020-08-06,0.0
2020-08-07,0.0
2020-08-08,0.0
2020-08-09,0.0
2020-08-10,0.0
2020-08-11,0.0
2020-08-12,0.0
2020-08-13,0.0
2020-08-14,0.0
2020-08-15,0.0
2020-08-16,0.0
2020-08-17,0.0
2020-08-18,0.0
2020-08-19,0.0
2020-08-20,0.0
2020-08-21,0.0
2020-08-22,0.0
2020-08-23,0.0
2020-08-24,0.0
2020-08-25,0.0
2020-08-26,0.0
2020-08-27,0.0
2020-08-28,0.0
2020-08-29,0.0
2020-08-30,0.0
2020-08-31,0.0
2020-09-01,0.0
2020-09-02,0.0
2020-09-03,0.0
2020-09-04,0.0
2020-09-05,0.0
2020-09-06,0.0
2020-09-07,0.0
2020-09-08,0.0
2020-09-09,0.0
2020-09-10,0.0
2020-09-11,0.0
2020-09-12,0.0
2020-09-13,0.0
2020-09-14,0.0
2020-09-15,0.0
2020-09-16,0.0
2020-09-17,0.0
2020-09-18,0.0
2020-09-19,0.0
2020-09-20,0.0
2020-09-21,0.0
2020-09-22,0.0
2020-09-23,0.0
2020-09-24,0.0
2020-09-25,0.0
2020-09-26,0.0
2020-09-27,0.0
2020-09-28,0.0
2020-09-29,0.0
2020-09-30,0.0
2020-10-01,0.0
2020-10-02,0.0
2020-10-03,0.0
2020-10-04,0.0
2020-10-05,0.0
2020-10-06,0.0
2020-10-07,0.0
2020-10-08,0.0
2020-10-09,0.0
2020-10-10,0.0
2020-10-11,0.0
2020-10-12,0.0
2020-10-13,0.0
2020-10-14,0.0
2020-10-15,0.0
2020-10-16,0.0
2020-10-17,0.0
2020-10-18,0.0
2020-10-19,0.0
2020-10-20,0.0
2020-10-21,0.0
2020-10-22,0.0
2020-10-23,0.0
2020-10-24,0.0
2020-10-25,0.0
2020-10-26,0.0
2020-10-27,0.0
2020-10-28,0.0
2020-10-29,0.0
2020-10-30,0.0
2020-10-31,0.0
2020-11-01,0.0
2020-11-02,0.0
2020-11-03,0.0
2020-11-04,0.0
2020-11-05,0.0
2020-11-06,0.0
2020-11-07,0.0
2020-11-08,0.0
2020-11-09,0.0
2020-11-10,0.0
2020-11-11,0.0
2020-11-12,0.0
2020-11-13,0.0
2020-11-14,0.0
2020-11-15,0.0
2020-11-16,0.0
2020-11-17,0.0
2020-11-18,0.0
2020-11-19,0.0
2020-11-20,0.0
2020-11-21,0.0
2020-11-22,0.0
2020-11-23,0.0
2020-11-24,0.0
2020-11-25,0.0
2020-11-26,0.0
2020-11-27,0.0
2020-11-28,0.0
2020-11-29,0.0
2020-11-30,0.0
2020-12-01,0.0
2020-12-02,0.0
2020-12-03,0.0
2020-12-04,0.0
2020-12-05,0.0
2020-12-06,0.0
2020-12-07,0.0
2020-12-08,0.0
2020-12-09,0.0
2020-12-10,0.0
2020-12-11,0.0
2020-12-12,0.0
2020-12-13,0.0
2020-12-14,0.0
2020-12-15,0.0
2020-12-16,0.0
2020-12-17,0.0
2020-12-18,0.0
2020-12-19,0.0
2020-12-20,0.0
2020-12-21,0.0
2020-12-22,0.0
2020-12-23,0.0
2020-12-24,0.0
2020-12-25,0.0
2020-12-26,0.0
2020-12-27,0.0
2020-12-28,0.0
2020-12-29,0.0
2020-12-30,0.0
2020-12-31,0.0
2021-01-01,0.0
2021-01-02,0.0
2021-01-03,0.0
2021-01-04,0.0
2021-01-05,0.0
2021-01-06,0.0
2021-01-07,0.0
2021-01-08,0.0
2021-01-09,0.0
2021-01-10,0.0
2021-01-11,0.0
2021-01-12,0.0
2021-01-13,0.0
2021-01-14,0.0
2021-01-15,0.0
2021-01-16,0.0
2021-01-17,0.0
2021-01-18,0.0
2021-01-19,0.0
2021-01-20,0.0
2021-01-21,0.0
2021-01-22,0.0
2021-01-23,0.0
2021-01-24,0.0
2021-01-25,0.0
2021-01-26,0.0
2021-01-27,0.0
2021-01-28,0.0
2021-01-29,0.0
2021-01-30,0.0
2021-01-31,0.0
2021-02-01,0.0
2021-02-02,0.0
2021-02-03,0.0
2021-02-04,0.0
2021-02-05,0.0
2021-02-06,0.0
2021-02-07,0.0
2021-02-08,0.0
2021-02-09,0.0
2021-02-10,0.0
2021-02-11,0.0
2021-02-12,0.0
2021-02-13,0.0
2021-02-14,0.0
2021-02-15,0.0
2021-02-16,0.0
2021-02-17,0.0
2021-02-18,0.0
2021-02-19,0.0
2021-02-20,0.0
2021-02-21,0.0
2021-02-22,0.0
2021-02-23,0.0
2021-02-24,0.0
2021-02-25,0.0
2021-02-26,0.0
2021-02-27,0.0
2021-02-28,0.0
2021-03-01,0.0
2021-03-02,0.0
2021-03-03,0.0
2021-03-04,0.0
2021-03-05,0.0
2021-03-06,0.0
2021-03-07,0.0
2021-03-08,0.0
2021-03-09,0.0
2021-03-10,0.0
2021-03-11,0.0
2021-03-12,0.0
2021-03-13,0.0
2021-03-14,0.0
2021-03-15,0.0
2021-03-16,0.0
2021-03-17,0.0
2021-03-18,0.0
2021-03-19,0.0
2021-03-20,0.0
2021-03-21,0.0
2021-03-22,0.0
2021-03-23,0.0
2021-03-24,0.0
2021-03-25,0.0
2021-03-26,0.0
2021-03-27,0.0
2021-03-28,0.0
2021-03-29,0.0
2021-03-30,0.0
2021-03-31,0.0
2021-04-01,0.0
2021-04-02,0.0
2021-04-03,0.0
2021-04-04,0.0
2021-04-05,0.0
2021-04-06,0.0
2021-04-07,0.0
2021-04-08,0.0
2021-04-09,0.0
2021-04-10,0.0
2021-04-11,0.0
2021-04-12,0.0
2021-04-13,0.0
2021-04-14,0.0
2021-04-15,0.0
2021-04-16,0.0
2021-04-17,0.0
2021-04-18,0.0
2021-04-19,0.0
2021-04-20,0.0
2021-04-21,0.0
2021-04-22,0.0
2021-04-23,0.0
2021-04-24,0.0
2021-04-25,0.0
2021-04-26,0.0
2021-04-27,0.0
2021-04-28,0.0
2021-04-29,0.0
2021-04-30,0.0
2021-05-01,0.0
2021-05-02,0.0
2021-05-03,0.0
2021-05-04,0.0
2021-05-05,0.0
2021-05-06,0.0
2021-05-07,0.0
2021-05-08,0.0
2021-05-09,0.0
2021-05-10,0.0
2021-05-11,0.0
2021-05-12,0.0
2021-05-13,0.0
2021-05-14,0.0
2021-05-15,0.0
2021-05-16,0.0
2021-05-17,0.0
2021-05-18,0.0
2021-05-19,0.0
2021-05-20,0.0
2021-05-21,0.0
2021-05-22,0.0
2021-05-23,0.0
2021-05-24,0.0
2021-05-25,0.0
2021-05-26,0.0
2021-05-27,0.0
2021-05-28,0.0
2021-05-29,0.0
2021-05-30,0.0
2021-05-31,0.0
2021-06-01,0.0
2021-06-02,0.0
2021-06-03,0.0
2021-06-04,0.0
2021-06-05,0.0
2021-06-06,0.0
2021-06-07,0.0
2021-06-08,0.0
2021-06-09,0.0
2021-06-10,0.0
2021-06-11,0.0
2021-06-12,0.0
2021-06-13,0.0
2021-06-14,0.0
2021-06-15,0.0
2021-06-16,0.0
2021-06-17,0.0
2021-06-18,0.0
2021-06-19,0.0
2021-06-20,0.0
2021-06-21,0.0
2021-06-22,0.0
2021-06-23,0.0
2021-06-24,0.0
2021-06-25,0.0
2021-06-26,0.0
2021-06-27,0.0
2021-06-28,0.0
2021-06-29,0.0
2021-06-30,0.0
2021-07-01,0.0
2021-07-02,0.0
2021-07-03,0.0
2021-07-04,0.0
2021-07-05,0.0
2021-07-06,0.0
2021-07-07,0.0
2021-07-08,0.0
2021-07-09,0.0
2021-07-10,0.0
2021-07-11,0.0
2021-07-12,0.0
2021-07-13,0.0
2021-07-14,0.0
2021-07-15,0.0
2021-07-16,0.0
2021-07-17,0.0
2021-07-18,0.0
2021-07-19,0.0
2021-07-20,0.0
2021-07-21,0.0
2021-07-22,0.0
2021-07-23,0.0
2021-07-24,0.0
2021-07-25,0.0
2021-07-26,0.0
2021-07-27,0.0
2021-07-28,0.0
2021-07-29,0.0
2021-07-30,0.0
2021-07-31,0.0
2021-08-01,0.0
2021-08-02,0.0
2021-08-03,0.0
2021-08-04,0.0
2021-08-05,0.0
2021-08-06,0.0
2021-08-07,0.0
2021-08-08,0.0
2021-08-09,0.0
2021-08-10,0.0
2021-08-11,0.0
2021-08-12,0.0
2021-08-13,0.0
2021-08-14,0.0
2021-08-15,0.0
2021-08-16,0.0
2021-08-17,0.0
2021-08-18,0.0
2021-08-19,0.0
2021-08-20,0.0
2021-08-21,0.0
2021-08-22,0.0
2021-08-23,0.0
2021-08-24,0.0
2021-08-25,0.0
2021-08-26,0.0
2021-08-27,0.0
2021-08-28,0.0
2021-08-29,0.0
2021-08-30,0.0
2021-08-31,0.0
2021-09-01,0.0
2021-09-02,0.0
2021-09-03,0.0
2021-09-04,0.0
2021-09-05,0.0
2021-09-06,0.0
2021-09-07,0.0
2021-09-08,0.0
2021-09-09,0.0
2021-09-10,0.0
2021-09-11,0.0
2021-09-12,0.0
2021-09-13,0.0
2021-09-14,0.0
2021-09-15,0.0
2021-09-16,0.0
2021-09-17,0.0
2021-09-18,0.0
2021-09-19,0.0
2021-09-20,0.0
2021-09-21,0.0
2021-09-22,0.0
2021-09-23,0.0
2021-09-24,0.0
2021-09-25,0.0
2021-09-26,0.0
2021-09-27,0.0
2021-09-28,0.0
2021-09-29,0.0
2021-09-30,0.0
2021-10-01,0.0
2021-10-02,0.0
2021-10-03,0.0
2021-10-04,0.0
2021-10-05,0.0
2021-10-06,0.0
2021-10-07,0.0
2021-10-08,0.0
2021-10-09,0.0
2021-10-10,0.0
2021-10-11,0.0
2021-10-12,0.0
2021-10-13,0.0
2021-10-14,0.0
2021-10-15,0.0
2021-10-16,0.0
2021-10-17,0.0
2021-10-18,0.0
2021-10-19,0.0
2021-10-20,0.0
2021-10-21,0.0
2021-10-22,0.0
2021-10-23,0.0
2021-10-24,0.0
2021-10-25,0.0
2021-10-26,0.0
2021-10-27,0.0
2021-10-28,0.0
2021-10-29,0.0
2021-10-30,0.0
2021-10-31,0.0
2021-11-01,0.0
2021-11-02,0.0
2021-11-03,0.0
2021-11-04,0.0
2021-11-05,0.0
2021-11-06,0.0
2021-11-07,0.0
2021-11-08,0.0
2021-11-09,0.0
2021-11-10,0.0
2021-11-11,0.0
2021-11-12,0.0
2021-11-13,0.0
2021-11-14,0.0
2021-11-15,0.0
2021-11-16,0.0
2021-11-17,0.0
2021-11-18,0.0
2021-11-19,0.0
2021-11-20,0.0
2021-11-21,0.0
2021-11-22,0.0
2021-11-23,0.0
2021-11-24,0.0
2021-11-25,0.0
2021-11-26,0.0
2021-11-27,0.0
2021-11-28,0.0
2021-11-29,0.0
2021-11-30,0.0
2021-12-01,0.0
2021-12-02,0.0
2021-12-03,0.0
2021-12-04,0.0
2021-12-05,0.0
2021-12-06,0.0
2021-12-07,0.0
2021-12-08,0.0
2021-12-09,0.0
2021-12-10,0.0
2021-12-11,0.0
2021-12-12,0.0
2021-12-13,0.0
2021-12-14,0.0
2021-12-15,0.0
2021-12-16,0.0
2021-12-17,0.0
2021-12-18,0.0
2021-12-19,0.0
2021-12-20,0.0
2021-12-21,0.0
2021-12-22,0.0
2021-12-23,0.0
2021-12-24,0.0
2021-12-25,0.0
2021-12-26,0.0
2021-12-27,0.0
2021-12-28,0.0
2021-12-29,0.0
2021-12-30,0.0
2021-12-31,0.0
2022-01-01,0.0
2022-01-02,0.0
2022-01-03,0.0
2022-01-04,0.0
2022-01-05,0.0
2022-01-06,0.0
2022-01-07,0.0
2022-01-08,0.0
2022-01-09,0.0
2022-01-10,0.0
2022-01-11,0.0
2022-01-12,0.0
2022-01-13,0.0
2022-01-14,0.0
2022-01-15,0.0
2022-01-16,0.0
2022-01-17,0.0
2022-01-18,0.0
2022-01-19,0.0
2022-01-20,0.0
2022-01-21,0.0
2022-01-22,0.0
2022-01-23,0.0
2022-01-24,0.0
2022-01-25,0.0
2022-01-26,0.0
2022-01-27,0.0
2022-01-28,0.0
2022-01-29,0.0
2022-01-30,0.0
2022-01-31,0.0
2022-02-01,0.0
2022-02-02,0.0
2022-02-03,0.0
2022-02-04,0.0
2022-02-05,0.0
2022-02-06,0.0
2022-02-07,0.0
2022-02-08,0.0
2022-02-09,0.0
2022-02-10,0.0
2022-02-11,0.0
2022-02-12,0.0
2022-02-13,0.0
2022-02-14,0.0
2022-02-15,0.0
2022-02-16,0.0
2022-02-17,0.0
2022-02-18,0.0
2022-02-19,0.0
2022-02-20,0.0
2022-02-21,0.0
2022-02-22,0.0
2022-02-23,0.0
2022-02-24,0.0
2022-02-25,0.0
2022-02-26,0.0
2022-02-27,0.0
2022-02-28,0.0
2022-03-01,0.0
2022-03-02,0.0
2022-03-03,0.0
2022-03-04,0.0
2022-03-05,0.0
2022-03-06,0.0
2022-03-07,0.0
2022-03-08,0.0
2022-03-09,0.0
2022-03-10,0.0
2022-03-11,0.0
2022-03-12,0.0
2022-03-13,0.0
2022-03-14,0.0
2022-03-15,0.0
2022-03-16,0.0
2022-03-17,0.0
2022-03-18,0.0
2022-03-19,0.0
2022-03-20,0.0
2022-03-21,0.0
2022-03-22,0.0
2022-03-23,0.0
2022-03-24,0.0
2022-03-25,0.0
2022-03-26,0.0
2022-03-27,0.0
2022-03-28,0.0
2022-03-29,0.0
2022-03-30,0.0
2022-03-31,0.0
2022-04-01,0.0
2022-04-02,0.0
2022-04-03,0.0
2022-04-04,0.0
2022-04-05,0.0
2022-04-06,0.0
2022-04-07,0.0
2022-04-08,0.0
2022-04-09,0.0
2022-04-10,0.0
2022-04-11,0.0
2022-04-12,0.0
2022-04-13,0.0
2022-04-14,0.0
2022-04-15,0.0
2022-04-16,0.0
2022-04-17,0.0
2022-04-18,0.0
2022-04-19,0.0
2022-04-20,0.0
2022-04-21,0.0
2022-04-22,0.0
2022-04-23,0.0
2022-04-24,0.0
2022-04-25,0.0
2022-04-26,0.0
2022-04-27,0.0
2022-04-28,0.0
2022-04-29,0.0
2022-04-30,0.0
2022-05-01,0.0
2022-05-02,0.0
2022-05-03,0.0
2022-05-04,0.0
2022-05-05,0.0
2022-05-06,0.0
2022-05-07,0.0
2022-05-08,0.0
2022-05-09,0.0
2022-05-10,0.0
2022-05-11,0.0
2022-05-12,0.0
2022-05-13,0.0
2022-05-14,0.0
2022-05-15,0.0
2022-05-16,0.0
2022-05-17,0.0
2022-05-18,0.0
2022-05-19,0.0
2022-05-20,0.0
2022-05-21,0.0
2022-05-22,0.0
2022-05-23,0.0
2022-05-24,0.0
2022-05-25,0.0
2022-05-26,0.0
2022-05-27,0.0
2022-05-28,0.0
2022-05-29,0.0
2022-05-30,0.0
2022-05-31,0.0
2022-06-01,0.0
2022-06-02,0.0
2022-06-03,0.0
2022-06-04,0.0
2022-06-05,0.0
2022-06-06,0.0
2022-06-07,0.0
2022-06-08,0.0
2022-06-09,0.0
2022-06-10,0.0
2022-06-11,0.0
2022-06-12,0.0
2022-06-13,0.0
2022-06-14,0.0
2022-06-15,0.0
2022-06-16,0.0
2022-06-17,0.0
2022-06-18,0.0
2022-06-19,0.0
2022-06-20,0.0
2022-06-21,0.0
2022-06-22,0.0
2022-06-23,0.0
2022-06-24,0.0
2022-06-25,0.0
2022-06-26,0.0
2022-06-27,0.0
2022-06-28,0.0
2022-06-29,0.0
2022-06-30,0.0
2022-07-01,0.0
2022-07-02,0.0
2022-07-03,0.0
2022-07-04,0.0
2022-07-05,0.0
2022-07-06,0.0
2022-07-07,0.0
2022-07-08,0.0
2022-07-09,0.0
2022-07-10,0.0
2022-07-11,0.0
2022-07-12,0.0
2022-07-13,0.0
2022-07-14,0.0
2022-07-15,0.0
2022-07-16,0.0
2022-07-17,0.0
2022-07-18,0.0
2022-07-19,0.0
2022-07-20,0.0
2022-07-21,0.0
2022-07-22,0.0
2022-07-23,0.0
2022-07-24,0.0
2022-07-25,0.0
2022-07-26,0.0
2022-07-27,0.0
2022-07-28,0.0
2022-07-29,0.0
2022-07-30,0.0
2022-07-31,0.0
2022-08-01,0.0
2022-08-02,0.0
2022-08-03,0.0
2022-08-04,0.0
2022-08-05,0.0
2022-08-06,0.0
2022-08-07,0.0
2022-08-08,0.0
2022-08-09,0.0
2022-08-10,0.0
2022-08-11,0.0
2022-08-12,0.0
2022-08-13,0.0
2022-08-14,0.0
2022-08-15,0.0
2022-08-16,0.0
2022-08-17,0.0
2022-08-18,0.0
2022-08-19,0.0
2022-08-20,0.0
2022-08-21,0.0
2022-08-22,0.0
2022-08-23,0.0
2022-08-24,0.0
2022-08-25,0.0
2022-08-26,0.0
2022-08-27,0.0
2022-08-28,0.0
2022-08-29,0.0
2022-08-30,0.0
2022-08-31,0.0
2022-09-01,0.0
2022-09-02,0.0
2022-09-03,0.0
2022-09-04,0.0
2022-09-05,0.0
2022-09-06,0.0
2022-09-07,0.0
2022-09-08,0.0
2022-09-09,0.0
2022-09-10,0.0
2022-09-11,0.0
2022-09-12,0.0
2022-09-13,0.0
2022-09-14,0.0
2022-09-15,0.0
2022-09-16,0.0
2022-09-17,0.0
2022-09-18,0.0
2022-09-19,0.0
2022-09-20,0.0
2022-09-21,0.0
2022-09-22,0.0
2022-09-23,0.0
2022-09-24,0.0
2022-09-25,0.0
2022-09-26,0.0
2022-09-27,0.0
2022-09-28,0.0
2022-09-29,0.0
2022-09-30,0.0
2022-10-01,0.0
2022-10-02,0.0
2022-10-03,0.0
2022-10-04,0.0
2022-10-05,0.0
2022-10-06,0.0
2022-10-07,0.0
2022-10-08,0.0
2022-10-09,0.0
2022-10-10,0.0
2022-10-11,0.0
2022-10-12,0.0
2022-10-13,0.0
2022-10-14,0.0
2022-10-15,0.0
2022-10-16,0.0
2022-10-17,0.0
2022-10-18,0.0
2022-10-19,0.0
2022-10-20,0.0
2022-10-21,0.0
2022-10-22,0.0
2022-10-23,0.0
2022-10-24,0.0
2022-10-25,0.0
2022-10-26,0.0
2022-10-27,0.0
2022-10-28,0.0
2022-10-29,0.0
2022-10-30,0.0
2022-10-31,0.0
2022-11-01,0.0
2022-11-02,0.0
2022-11-03,0.0
2022-11-04,0.0
2022-11-05,0.0
2022-11-06,0.0
2022-11-07,0.0
2022-11-08,0.0
2022-11-09,0.0
2022-11-10,0.0
2022-11-11,0.0
2022-11-12,0.0
2022-11-13,0.0
2022-11-14,0.0
2022-11-15,0.0
2022-11-16,0.0
2022-11-17,0.0
2022-11-18,0.0
2022-11-19,0.0
2022-11-20,0.0
2022-11-21,0.0
2022-11-22,0.0
2022-11-23,0.0
2022-11-24,0.0
2022-11-25,0.0
2022-11-26,0.0
2022-11-27,0.0
2022-11-28,0.0
2022-11-29,0.0
2022-11-30,0.0
2022-12-01,0.0
2022-12-02,0.0
2022-12-03,0.0
2022-12-04,0.0
2022-12-05,0.0
2022-12-06,0.0
2022-12-07,0.0
2022-12-08,0.0
2022-12-09,0.0
2022-12-10,0.0
2022-12-11,0.0
2022-12-12,0.0
2022-12-13,0.0
2022-12-14,0.0
2022-12-15,0.0
2022-12-16,0.0
2022-12-17,0.0
2022-12-18,0.0
2022-12-19,0.0
2022-12-20,0.0
2022-12-21,0.0
2022-12-22,0.0
2022-12-23,0.0
2022-12-24,0.0
2022-12-25,0.0
2022-12-26,0.0
2022-12-27,0.0
2022-12-28,0.0
2022-12-29,0.0
2022-12-30,0.0
2022-12-31,0.0
2023-01-01,0.0
2023-01-02,0.0
2023-01-03,0.0
2023-01-04,0.0
2023-01-05,0.0
2023-01-06,0.0
2023-01-07,0.0
2023-01-08,0.0
2023-01-09,0.0
2023-01-10,0.0
2023-01-11,0.0
2023-01-12,0.0
2023-01-13,0.0
2023-01-14,0.0
2023-01-15,0.0
2023-01-16,0.0
2023-01-17,0.0
2023-01-18,0.0
2023-01-19,0.0
2023-01-20,0.0
2023-01-21,0.0
2023-01-22,0.0
2023-01-23,0.0
2023-01-24,0.0
2023-01-25,0.0
2023-01-26,0.0
2023-01-27,0.0
2023-01-28,0.0
2023-01-29,0.0
2023-01-30,0.0
2023-01-31,0.0
2023-02-01,0.0
2023-02-02,0.0
2023-02-03,0.0
2023-02-04,0.0
2023-02-05,0.0
2023-02-06,0.0
2023-02-07,0.0
2023-02-08,0.0
2023-02-09,0.0
2023-02-10,0.0
2023-02-11,0.0
2023-02-12,0.0
2023-02-13,0.0
2023-02-14,0.0
2023-02-15,0.0
2023-02-16,0.0
2023-02-17,0.0
2023-02-18,0.0
2023-02-19,0.0
2023-02-20,0.0
2023-02-21,0.0
2023-02-22,0.0
2023-02-23,0.0
2023-02-24,0.0
2023-02-25,0.0
2023-02-26,0.0
2023-02-27,0.0
2023-02-28,0.0
2023-03-01,0.0
2023-03-02,0.0
2023-03-03,0.0
2023-03-04,0.0
2023-03-05,0.0
2023-03-06,0.0
2023-03-07,0.0
2023-03-08,0.0
2023-03-09,0.0
2023-03-10,0.0
2023-03-11,0.0
2023-03-12,0.0
2023-03-13,0.0
2023-03-14,0.0
2023-03-15,0.0
2023-03-16,0.0
2023-03-17,0.0
2023-03-18,0.0
2023-03-19,0.0
2023-03-20,0.0
2023-03-21,0.0
2023-03-22,0.0
2023-03-23,0.0
2023-03-24,0.0
2023-03-25,0.0
2023-03-26,0.0
2023-03-27,0.0
2023-03-28,0.0
2023-03-29,0.0
2023-03-30,0.0
2023-03-31,0.0
2023-04-01,0.0
2023-04-02,0.0
2023-04-03,0.0
2023-04-04,0.0
2023-04-05,0.0
2023-04-06,0.0
2023-04-07,0.0
2023-04-08,0.0
2023-04-09,0.0
2023-04-10,0.0
2023-04-11,0.0
2023-04-12,0.0
2023-04-13,0.0
2023-04-14,0.0
2023-04-15,0.0
2023-04-16,0.0
2023-04-17,0.0
2023-04-18,0.0
2023-04-19,0.0
2023-04-20,0.0
2023-04-21,0.0
2023-04-22,0.0
2023-04-23,0.0
2023-04-24,0.0
2023-04-25,0.0
2023-04-26,0.0
2023-04-27,0.0
2023-04-28,0.0
2023-04-29,0.0
2023-04-30,0.0
2023-05-01,0.0
2023-05-02,0.0
2023-05-03,0.0
2023-05-04,0.0
2023-05-05,0.0
2023-05-06,0.0
2023-05-07,0.0
2023-05-08,0.0
2023-05-09,0.0
2023-05-10,0.0
2023-05-11,0.0
2023-05-12,0.0
2023-05-13,0.0
2023-05-14,0.0
2023-05-15,0.0
2023-05-16,0.0
2023-05-17,0.0
2023-05-18,0.0
2023-05-19,0.0
2023-05-20,0.0
2023-05-21,0.0
2023-05-22,0.0
2023-05-23,0.0
2023-05-24,0.0
2023-05-25,0.0
2023-05-26,0.0
2023-05-27,0.0
2023-05-28,0.0
2023-05-29,0.0
2023-05-30,0.0
2023-05-31,0.0
2023-06-01,0.0
2023-06-02,0.0
2023-06-03,0.0
2023-06-04,0.0
2023-06-05,0.0
2023-06-06,0.0
2023-06-07,0.0
2023-06-08,0.0
2023-06-09,0.0
2023-06-10,0.0
2023-06-11,0.0
2023-06-12,0.0
2023-06-13,0.0
2023-06-14,0.0
2023-06-15,0.0
2023-06-16,0.0
2023-06-17,0.0
2023-06-18,0.0
2023-06-19,0.0
2023-06-20,0.0
2023-06-21,0.0
2023-06-22,0.0
2023-06-23,0.0
2023-06-24,0.0
2023-06-25,0.0
2023-06-26,0.0
2023-06-27,0.0
2023-06-28,0.0
2023-06-29,0.0
2023-06-30,0.0
2023-07-01,0.0
2023-07-02,0.0
2023-07-03,0.0
2023-07-04,0.0
2023-07-05,0.0
2023-07-06,0.0
2023-07-07,0.0
2023-07-08,0.0
2023-07-09,0.0
2023-07-10,0.0
2023-07-11,0.0
2023-07-12,0.0
2023-07-13,0.0
2023-07-14,0.0
2023-07-15,0.0
2023-07-16,0.0
2023-07-17,0.0
2023-07-18,0.0
2023-07-19,0.0
2023-07-20,0.0
2023-07-21,0.0
2023-07-22,0.0
2023-07-23,0.0
2023-07-24,0.0
2023-07-25,0.0
2023-07-26,0.0
2023-07-27,0.0
2023-07-28,0.0
2023-07-29,0.0
2023-07-30,0.0
2023-07-31,0.0
2023-08-01,0.0
2023-08-02,0.0
2023-08-03,0.0
2023-08-04,0.0
2023-08-05,0.0
2023-08-06,0.0
2023-08-07,0.0
2023-08-08,0.0
2023-08-09,0.0
2023-08-10,0.0
2023-08-11,0.0
2023-08-12,0.0
2023-08-13,0.0
2023-08-14,0.0
2023-08-15,0.0
2023-08-16,0.0
2023-08-17,0.0
2023-08-18,0.0
2023-08-19,0.0
2023-08-20,0.0
2023-08-21,0.0
2023-08-22,0.0
2023-08-23,0.0
2023-08-24,0.0
2023-08-25,0.0
2023-08-26,0.0
2023-08-27,0.0
2023-08-28,0.0
2023-08-29,0.0
2023-08-30,0.0
2023-08-31,0.0
2023-09-01,0.0
2023-09-02,0.0
2023-09-03,0.0
2023-09-04,0.0
2023-09-05,0.0
2023-09-06,0.0
2023-09-07,0.0
2023-09-08,0.0
2023-09-09,0.0
2023-09-10,0.0
2023-09-11,0.0
2023-09-12,0.0
2023-09-13,0.0
2023-09-14,0.0
2023-09-15,0.0
2023-09-16,0.0
2023-09-17,0.0
2023-09-18,0.0
2023-09-19,0.0
2023-09-20,0.0
2023-09-21,0.0
2023-09-22,0.0
2023-09-23,0.0
2023-09-24,0.0
2023-09-25,0.0
2023-09-26,0.0
2023-09-27,0.0
2023-09-28,0.0
2023-09-29,0.0
2023-09-30,0.0
2023-10-01,0.0
2023-10-02,0.0
2023-10-03,0.0
2023-10-04,0.0
2023-10-05,0.0
2023-10-06,0.0
2023-10-07,0.0
2023-10-08,0.0
2023-10-09,0.0
2023-10-10,0.0
2023-10-11,0.0
2023-10-12,0.0
2023-10-13,0.0
2023-10-14,0.0
2023-10-15,0.0
2023-10-16,0.0
2023-10-17,0.0
2023-10-18,0.0
2023-10-19,0.0
2023-10-20,0.0
2023-10-21,0.0
2023-10-22,0.0
2023-10-23,0.0
2023-10-24,0.0
2023-10-25,0.0
2023-10-26,0.0
2023-10-27,0.0
2023-10-28,0.0
2023-10-29,0.0
2023-10-30,0.0
2023-10-31,0.0
2023-11-01,0.0
2023-11-02,0.0
2023-11-03,0.0
2023-11-04,0.0
2023-11-05,0.0
2023-11-06,0.0
2023-11-07,0.0
2023-11-08,0.0
2023-11-09,0.0
2023-11-10,0.0
2023-11-11,0.0
2023-11-12,0.0
2023-11-13,0.0
2023-11-14,0.0
2023-11-15,0.0
2023-11-16,0.0
2023-11-17,0.0
2023-11-18,0.0
2023-11-19,0.0
2023-11-20,0.0
2023-11-21,0.0
2023-11-22,0.0
2023-11-23,0.0
2023-11-24,0.0
2023-11-25,0.0
2023-11-26,0.0
2023-11-27,0.0
2023-11-28,0.0
2023-11-29,0.0
2023-11-30,0.0
2023-12-01,0.0
2023-12-02,0.0
2023-12-03,0.0
2023-12-04,0.0
2023-12-05,0.0
2023-12-06,0.0
2023-12-07,0.0
2023-12-08,0.0
2023-12-09,0.0
2023-12-10,0.0
2023-12-11,0.0
2023-12-12,0.0
2023-12-13,0.0
2023-12-14,0.0
2023-12-15,0.0
2023-12-16,0.0
2023-12-17,0.0
2023-12-18,0.0
2023-12-19,0.0
2023-12-20,0.0
2023-12-21,0.0
2023-12-22,0.0
2023-12-23,0.0
2023-12-24,0.0
2023-12-25,0.0
2023-12-26,0.0
2023-12-27,0.0
2023-12-28,0.0
2023-12-29,0.0
2023-12-30,0.0
2023-12-31,0.0
2024-01-01,0.0
2024-01-02,0.0
2024-01-03,0.0
2024-01-04,0.0
2024-01-05,0.0
2024-01-06,0.0
2024-01-07,0.0
2024-01-08,0.0
2024-01-09,0.0
2024-01-10,0.0
2024-01-11,0.0
2024-01-12,0.0
2024-01-13,0.0
2024-01-14,0.0
2024-01-15,0.0
2024-01-16,0.0
2024-01-17,0.0
2024-01-18,0.0
2024-01-19,0.0
2024-01-20,0.0
2024-01-21,0.0
2024-01-22,0.0
2024-01-23,0.0
2024-01-24,0.0
2024-01-25,0.0
2024-01-26,0.0
2024-01-27,0.0
2024-01-28,0.0
2024-01-29,0.0
2024-01-30,0.0
2024-01-31,0.0
2024-02-01,0.0
2024-02-02,0.0
2024-02-03,0.0
2024-02-04,0.0
2024-02-05,0.0
2024-02-06,0.0
2024-02-07,0.0
2024-02-08,0.0
2024-02-09,0.0
2024-02-10,0.0
2024-02-11,0.0
2024-02-12,0.0
2024-02-13,0.0
2024-02-14,0.0
2024-02-15,0.0
2024-02-16,0.0
2024-02-17,0.0
2024-02-18,0.0
2024-02-19,0.0
2024-02-20,0.0
2024-02-21,0.0
2024-02-22,0.0
2024-02-23,0.0
2024-02-24,0.0
2024-02-25,0.0
2024-02-26,0.0
2024-02-27,0.0
2024-02-28,0.0
2024-02-29,0.0
2024-03-01,0.0
2024-03-02,0.0
2024-03-03,0.0
2024-03-04,0.0
2024-03-05,0.0
2024-03-06,0.0
2024-03-07,0.0
2024-03-08,0.0
2024-03-09,0.0
2024-03-10,0.0
2024-03-11,0.0
2024-03-12,0.0
2024-03-13,0.0
2024-03-14,0.0
2024-03-15,0.0
2024-03-16,0.0
2024-03-17,0.0
2024-03-18,0.0
2024-03-19,0.0
2024-03-20,0.0
2024-03-21,0.0
2024-03-22,0.0
2024-03-23,0.0
2024-03-24,0.0
2024-03-25,0.0
2024-03-26,0.0
2024-03-27,0.0
2024-03-28,0.0
2024-03-29,0.0
2024-03-30,0.0
2024-03-31,0.0
2024-04-01,0.0
2024-04-02,0.0
2024-04-03,0.0
2024-04-04,0.0
2024-04-05,0.0
2024-04-06,0.0
2024-04-07,0.0
2024-04-08,0.0
2024-04-09,0.0
2024-04-10,0.0
2024-04-11,0.0
2024-04-12,0.0
2024-04-13,0.0
2024-04-14,0.0
2024-04-15,0.0
2024-04-16,0.0
2024-04-17,0.0
2024-04-18,0.0
2024-04-19,0.0
2024-04-20,0.0
2024-04-21,0.0
2024-04-22,0.0
2024-04-23,0.0
2024-04-24,0.0
2024-04-25,0.0
2024-04-26,0.0
2024-04-27,0.0
2024-04-28,0.0
2024-04-29,0.0
2024-04-30,0.0
2024-05-01,0.0
2024-05-02,0.0
2024-05-03,0.0
2024-05-04,0.0
2024-05-05,0.0
2024-05-06,0.0
2024-05-07,0.0
2024-05-08,0.0
2024-05-09,0.0
2024-05-10,0.0
2024-05-11,0.0
2024-05-12,0.0
2024-05-13,0.0
2024-05-14,0.0
2024-05-15,0.0
2024-05-16,0.0
2024-05-17,0.0
2024-05-18,0.0
2024-05-19,0.0
2024-05-20,0.0
2024-05-21,0.0
2024-05-22,0.0
2024-05-23,0.0
2024-05-24,0.0
2024-05-25,0.0
2024-05-26,0.0
2024-05-27,0.0
2024-05-28,0.0
2024-05-29,0.0
2024-05-30,0.0
2024-05-31,0.0
2024-06-01,0.0
2024-06-02,0.0
2024-06-03,0.0
2024-06-04,0.0
2024-06-05,0.0
2024-06-06,0.0
2024-06-07,0.0
2024-06-08,0.0
2024-06-09,0.0
2024-06-10,0.0
2024-06-11,0.0
2024-06-12,0.0
2024-06-13,0.0
2024-06-14,0.0
2024-06-15,0.0
2024-06-16,0.0
2024-06-17,0.0
2024-06-18,0.0
2024-06-19,0.0
2024-06-20,0.0
2024-06-21,0.0
2024-06-22,0.0
2024-06-23,0.0
2024-06-24,0.0
2024-06-25,0.0
2024-06-26,0.0
2024-06-27,0.0
2024-06-28,0.0
2024-06-29,0.0
2024-06-30,0.0
2024-07-01,0.0
2024-07-02,0.0
2024-07-03,0.0
2024-07-04,0.0
2024-07-05,0.0
2024-07-06,0.0
2024-07-07,0.0
2024-07-08,0.0
2024-07-09,0.0
2024-07-10,0.0
2024-07-11,0.0
2024-07-12,0.0
2024-07-13,0.0
2024-07-14,0.0
2024-07-15,0.0
2024-07-16,0.0
2024-07-17,0.0
2024-07-18,0.0
2024-07-19,0.0
2024-07-20,0.0
2024-07-21,0.0
2024-07-22,0.0
2024-07-23,0.0
2024-07-24,0.0
2024-07-25,0.0
2024-07-26,0.0
2024-07-27,0.0
2024-07-28,0.0
2024-07-29,0.0
2024-07-30,0.0
2024-07-31,0.0
2024-08-01,0.0
2024-08-02,0.0
2024-08-03,0.0
2024-08-04,0.0
2024-08-05,0.0
2024-08-06,0.0
2024-08-07,0.0
2024-08-08,0.0
2024-08-09,0.0
2024-08-10,0.0
2024-08-11,0.0
2024-08-12,0.0
2024-08-13,0.0
2024-08-14,0.0
2024-08-15,0.0
2024-08-16,0.0
2024-08-17,0.0
2024-08-18,0.0
2024-08-19,0.0
2024-08-20,0.0
2024-08-21,0.0
2024-08-22,0.0
2024-08-23,0.0
2024-08-24,0.0
2024-08-25,0.0
2024-08-26,0.0
2024-08-27,0.0
2024-08-28,0.0
2024-08-29,0.0
2024-08-30,0.0
2024-08-31,0.0
2024-09-01,0.0
2024-09-02,0.0
2024-09-03,0.0
2024-09-04,0.0
2024-09-05,0.0
2024-09-06,0.0
2024-09-07,0.0
2024-09-08,0.0
2024-09-09,0.0
2024-09-10,0.0
2024-09-11,0.0
2024-09-12,0.0
2024-09-13,0.0
2024-09-14,0.0
2024-09-15,0.0
2024-09-16,0.0
2024-09-17,0.0
2024-09-18,0.0
2024-09-19,0.0
2024-09-20,0.0
2024-09-21,0.0
2024-09-22,0.0
2024-09-23,0.0
2024-09-24,0.0
2024-09-25,0.0
2024-09-26,0.0
2024-09-27,0.0
2024-09-28,0.0
2024-09-29,0.0
2024-09-30,0.0
2024-10-01,0.0
2024-10-02,0.0
2024-10-03,0.0
2024-10-04,0.0
2024-10-05,0.0
2024-10-06,0.0
2024-10-07,0.0
2024-10-08,0.0
2024-10-09,0.0
2024-10-10,0.0
2024-10-11,0.0
2024-10-12,0.0
2024-10-13,0.0
2024-10-14,0.0
2024-10-15,0.0
2024-10-16,0.0
2024-10-17,0.0
2024-10-18,0.0
2024-10-19,0.0
2024-10-20,0.0
2024-10-21,0.0
2024-10-22,0.0
2024-10-23,0.0
2024-10-24,0.0
2024-10-25,0.0
2024-10-26,0.0
2024-10-27,0.0
2024-10-28,0.0
2024-10-29,0.0
2024-10-30,0.0
2024-10-31,0.0
2024-11-01,0.0
2024-11-02,0.0
2024-11-03,0.0
2024-11-04,0.0
2024-11-05,0.0
2024-11-06,0.0
2024-11-07,0.0
2024-11-08,0.0
2024-11-09,0.0
2024-11-10,0.0
2024-11-11,0.0
2024-11-12,0.0
2024-11-13,0.0
2024-11-14,0.0
2024-11-15,0.0
2024-11-16,0.0
2024-11-17,0.0
2024-11-18,0.0
2024-11-19,0.0
2024-11-20,0.0
2024-11-21,0.0
2024-11-22,0.0
2024-11-23,0.0
2024-11-24,0.0
2024-11-25,0.0
2024-11-26,0.0
2024-11-27,0.0
2024-11-28,0.0
2024-11-29,0.0
2024-11-30,0.0
2024-12-01,0.0
2024-12-02,0.0
2024-12-03,0.0
2024-12-04,0.0
2024-12-05,0.0
2024-12-06,0.0
2024-12-07,0.0
2024-12-08,0.0
2024-12-09,0.0
2024-12-10,0.0
2024-12-11,0.0
2024-12-12,0.0
2024-12-13,0.0
2024-12-14,0.0
2024-12-15,0.0
2024-12-16,0.0
2024-12-17,0.0
2024-12-18,0.0
2024-12-19,0.0
2024-12-20,0.0
2024-12-21,0.0
2024-12-22,0.0
2024-12-23,0.0
2024-12-24,0.0
2024-12-25,0.0
2024-12-26,0.0
2024-12-27,0.0
2024-12-28,0.0
2024-12-29,0.0
2024-12-30,0.0
2024-12-31,0.0
2025-01-01,77.91384786071688
2025-01-02,47.95750632458834
2025-01-03,-210.6364146841579
2025-01-04,0.0
2025-01-05,0.0
2025-01-06,-176.93734162462385
2025-01-07,330.9156248422362
2025-01-08,138.9666546783668
2025-01-09,-216.8307612734049
2025-01-10,3149.378902285205
2025-01-11,0.0
2025-01-12,-54.52033763626315
2025-01-13,-201.23921289362556
2025-01-14,259.7928171552367
2025-01-15,881.7858235781027
2025-01-16,1992.6677146837394
2025-01-17,536.9625228891204
2025-01-18,0.0
2025-01-19,58.989061175973575
2025-01-20,-131.71791798513686
2025-01-21,-104.58316564410586
2025-01-22,-52.19282853239696
2025-01-23,204.08819257648761
2025-01-24,200.04415131379
2025-01-25,0.0
2025-01-26,-497.45672210422595
2025-01-27,-411.6281653220899
2025-01-28,-48.56939987889541
2025-01-29,-3111.4485183347274
2025-01-30,-842.6583613559812
2025-01-31,-286.6504129316977
2025-02-01,0.0
2025-02-02,-334.68356731958625
2025-02-03,135.413254656743
2025-02-04,11.969744449586983
2025-02-05,141.83122867097597
2025-02-06,-323.69709929110275
2025-02-07,-732.4870228035793
2025-02-08,0.0
2025-02-09,64.97675379913221
2025-02-10,-377.93899213503187
2025-02-11,-327.08116805772397
2025-02-12,3327.1981350042843
2025-02-13,-1134.4807768881633
2025-02-14,391.79240395238895
2025-02-15,0.0
2025-02-16,-341.25668516574785
2025-02-17,0.0
2025-02-18,43.53598861172952
2025-02-19,150.2943378169066
2025-02-20,821.6853731227678
2025-02-21,-336.4986612585589
2025-02-22,0.0
2025-02-23,0.0
2025-02-24,119.4477847876139
2025-02-25,-3.536240982383333
2025-02-26,-163.72206559222138
2025-02-27,-68.11843782652909
2025-02-28,-113.3097413739232
2025-03-01,0.0
2025-03-02,-143.27686836211046
2025-03-03,-178.6952372632481
2025-03-04,284.54445279276473
2025-03-05,189.35153453492273
2025-03-06,-139.880483654636
2025-03-07,172.2364260859939
2025-03-08,0.0
2025-03-09,-126.6538819661692
2025-03-10,-143.69827151164168
2025-03-11,-29.683267460976708
2025-03-12,2529.292273487503
2025-03-13,305.82067505057125
2025-03-14,-294.15241662525284
2025-03-15,0.0
2025-03-16,0.0
2025-03-17,3504.554801729467
2025-03-18,-562.2880921857363
2025-03-19,-5716.634581205411
2025-03-20,-301.65071788782063
2025-03-21,208.89396573856607
2025-03-22,0.0
2025-03-23,-310.45863377795854
2025-03-24,-135.2172837114466
2025-03-25,27.07733908301111
2025-03-26,-185.8066951376071
2025-03-27,-40.65915601495709
2025-03-28,-361.0723429188598
2025-03-29,0.0
2025-03-30,-178.88016473324302
2025-03-31,106.91885614612255
2025-04-01,-157.0934340657123
2025-04-02,-361.5894517499855
2025-04-03,148.71082238090395
2025-04-04,-834.4381684898087
2025-04-05,0.0
2025-04-06,7.270518704053643
2025-04-07,13.272737118738632
2025-04-08,255.94217470057816
2025-04-09,-12.487789070391386
2025-04-10,-258.8914969232027
2025-04-11,0.06731961762915262
2025-04-12,0.0
2025-04-13,-76.72101102037288
2025-04-14,258.82892285097523
2025-04-15,457.8035583989556
2025-04-16,1600.975340333117
2025-04-17,442.0465993367726
2025-04-18,0.0
2025-04-19,0.0
2025-04-20,-171.11296416654795
2025-04-21,-231.97770160080245
2025-04-22,-490.15649853017754
2025-04-23,-343.6878580130843
2025-04-24,-840.4107744248622
2025-04-25,-222.5468640110871
2025-04-26,0.0
2025-04-27,-15.333778306094644
2025-04-28,-601.6768495800982
2025-04-29,-540.608864256377
2025-04-30,-282.2479200413992
2025-05-01,68.9634080543326
2025-05-02,2415.478214483892
2025-05-03,0.0
2025-05-04,-965.7754879874739
2025-05-05,608.0656251332723
2025-05-06,218.41603444545376
2025-05-07,1577.5634808458412
2025-05-08,1357.503127160171
2025-05-09,-234.80562031071412
2025-05-10,0.0
2025-05-11,-172.56742401969336
2025-05-12,-25.10561394383052
2025-05-13,-763.2638807618091
2025-05-14,0.0
2025-05-15,1633.1315428518067
2025-05-16,87.31434748225774
2025-05-17,0.0
2025-05-18,317.0854593818158
2025-05-19,-314.30508297869534
2025-05-20,-245.30305625851724
2025-05-21,8.58908341758297
2025-05-22,250.2860528457536
2025-05-23,-99.4654190309268
2025-05-24,0.0
2025-05-25,-43.107734041101594
2025-05-26,-186.12771700628053
2025-05-27,-162.92103117110878
2025-05-28,-46.76989376258325
2025-05-29,-113.90069334318878
2025-05-30,418.4043288312398
2025-05-31,0.0
2025-06-01,103.85327693277668
2025-06-02,210.59568345812272
2025-06-03,-21.124581143136993
2025-06-04,266.0623344130438
2025-06-05,-324.0489575026456
2025-06-06,3182.6014970242
2025-06-07,0.0
2025-06-08,-1289.6876836701017
2025-06-09,1090.1513397136378
2025-06-10,34.9367483708279
2025-06-11,2445.71991702079
2025-06-12,-255.413318549398
2025-06-13,266.5537671816361
2025-06-14,0.0
2025-06-15,-148.12297926317797
2025-06-16,72.81399961803288
2025-06-17,-1394.7961247964054
2025-06-18,-3969.1710398168175
2025-06-19,1623.6143779375625
2025-06-20,160.86417682346587
2025-06-21,0.0
2025-06-22,-154.2674890360663
2025-06-23,41.933449743799486
2025-06-24,-272.47564378586594
2025-06-25,-116.20293665945746
2025-06-26,239.3147603713166
2025-06-27,386.9454643104258
2025-06-28,0.0
2025-06-29,0.0
2025-06-30,0.0
2025-07-01,7.990257686034624
2025-07-02,-214.41150174717444
2025-07-03,2780.2766069664503
2025-07-04,1778.4006502810707
2025-07-05,0.0
2025-07-06,131.14485014539378
2025-07-07,-1398.881133310399
2025-07-08,0.0
2025-07-09,-167.4879961700396
2025-07-10,-34.44562434180261
2025-07-11,0.0
2025-07-12,0.0
2025-07-13,0.0
2025-07-14,305.56187084648326
2025-07-15,-295.360157881782
2025-07-16,2536.057964225871
2025-07-17,-269.7824405775189
2025-07-18,-96.51539313434193
2025-07-19,0.0
2025-07-20,96.05823969854197
2025-07-21,-803.3061318959337
2025-07-22,-19.82213578819892
2025-07-23,-213.55432388628384
2025-07-24,0.0
2025-07-25,-31.691241995353778
2025-07-26,0.0
2025-07-27,302.0606342258004
2025-07-28,-43.174255084314666
2025-07-29,9.69153999378301
2025-07-30,190.09454628637423
2025-07-31,-1295.6806495411051
2025-08-01,-709.400669171629
2025-08-02,0.0
2025-08-03,0.0
2025-08-04,-114.89308649573775
2025-08-05,0.2210419467737097
2025-08-06,-94.22959948665647
2025-08-07,432.6687295824918
2025-08-08,154.63017979692552
2025-08-09,0.0
2025-08-10,-101.2811034998972
2025-08-11,1.5785402326420126
2025-08-12,3633.259386580761
2025-08-13,840.9432266073752
2025-08-14,-60.95348197085053
2025-08-15,-70.72575652058254
2025-08-16,0.0
2025-08-17,0.0
2025-08-18,0.0
2025-08-19,-206.3332584941349
2025-08-20,-221.45943267952077
2025-08-21,-135.71805088981785
2025-08-22,12.899153500109435
2025-08-23,0.0
2025-08-24,25.458108630235387
2025-08-25,1.9047169774326562
2025-08-26,-282.40392179678474
2025-08-27,87.51245129669809
2025-08-28,-9.149995776485468
2025-08-29,60.62501736337617
2025-08-30,0.0
2025-08-31,85.91839279758983
2025-09-01,-101.2811034998972
2025-09-02,-97.62116598588489
2025-09-03,-343.02243251649463
2025-09-04,-107.99091174300742
2025-09-05,-2786.729463648322
2025-09-06,0.0
2025-09-07,-1337.345554545248
2025-09-08,118.3449710883695
2025-09-09,-70.17642953628183
2025-09-10,-165.4095404505951
2025-09-11,-872.5207207709126
2025-09-12,838.131232112001
2025-09-13,0.0
2025-09-14,0.0
2025-09-15,55.54021535727088
2025-09-16,679.1245287055609
2025-09-17,2164.8337917224726
2025-09-18,1039.0696142324646
2025-09-19,0.0
2025-09-20,0.0
2025-09-21,0.0
2025-09-22,-13.060005820246488
2025-09-23,-337.74878631157895
2025-09-24,-47.83569523182467
2025-09-25,278.95066671662477
2025-09-26,155.61077720783823
2025-09-27,0.0
2025-09-28,-245.30305625851724
2025-09-29,-80.15588660964755
2025-09-30,-70.72575652058254
2025-10-01,-82.44576592711473
2025-10-02,-21.902274890088847
2025-10-03,-113.38378174820389
2025-10-04,0.0
2025-10-05,102.42257659664051
2025-10-06,193.07570834333205
2025-10-07,117.10321285308743
2025-10-08,73.62924107306662
2025-10-09,257.065755168509
2025-10-10,74.89144716114191
2025-10-11,0.0
2025-10-12,-66.95329656294848
2025-10-13,-306.09528730036055
2025-10-14,-243.31265498704437
2025-10-15,-380.62168583272705
2025-10-16,285.8002094065415
2025-10-17,-105.05463816575138
2025-10-18,0.0
2025-10-19,-1.5853271686140715
2025-10-20,93.05559283834327
2025-10-21,256.6954531659675
2025-10-22,-387.78971045637206
2025-10-23,-232.9181716605313
2025-10-24,1917.3888949881066
2025-10-25,0.0
2025-10-26,0.0
2025-10-27,31.86142043800021
2025-10-28,-297.78764134016916
2025-10-29,-791.9458327027874
2025-10-30,-514.3862137808236
2025-10-31,-9.39624030322318
2025-11-01,0.0
2025-11-02,0.0
2025-11-03,-274.238815300484
2025-11-04,-475.78285617804875
2025-11-05,206.9069275533319
2025-11-06,-196.54637587562354
2025-11-07,-93.51045949086677
2025-11-08,0.0
2025-11-09,-187.54640571017188
2025-11-10,252.35062976116933
2025-11-11,27.531322668751045
2025-11-12,119.09481015066899
2025-11-13,23.755524183721775
2025-11-14,76.91759930606838
2025-11-15,0.0
2025-11-16,131.3591708653214
2025-11-17,-63.321302584295495
2025-11-18,395.31804935820014
2025-11-19,-236.08494316688666
2025-11-20,2586.119266306737
2025-11-21,90.43139055995698
2025-11-22,0.0
2025-11-23,0.0
2025-11-24,10.099748316826322
2025-11-25,-2933.9827210516332
2025-11-26,177.21187626285956
2025-11-27,0.0
2025-11-28,158.7306964903039
2025-11-29,0.0
2025-11-30,-16.626944072020308
2025-12-01,655.7532029197887
2025-12-02,0.0
2025-12-03,0.0
2025-12-04,186.68928389715597
2025-12-05,154.2724465346247
2025-12-06,0.0
2025-12-07,16.663856827822713
2025-12-08,87.79838967404339
2025-12-09,-385.23632512004474
2025-12-10,4704.253066334926
2025-12-11,-492.3743490199723
2025-12-12,-83.37116685571687
2025-12-13,0.0
2025-12-14,356.9637048760573
2025-12-15,-553.7251428015353
2025-12-16,544.6658595927863
2025-12-17,-32.712953758557205
2025-12-18,68.33179790323658
2025-12-19,94.17602963570255
2025-12-20,0.0
2025-12-21,-196.821059211185
2025-12-22,4.0890779477009005
2025-12-23,-28.876144720449474
2025-12-24,-28.39378412634113
2025-12-25,33.16718259249171
2025-12-26,233.34502770071958
2025-12-27,0.0
2025-12-28,-28.15816546463668
2025-12-29,314.1062055680245
2025-12-30,-256.7473756191836
2025-12-31,18.53859269789166
2026-01-01,-201.35149592692795
2026-01-02,268.5123600972343
2026-01-03,0.0
2026-01-04,149.05135811074194
2026-01-05,17.6782947290705
2026-01-06,353.9999259539473
2026-01-07,-130.9615934842658
2026-01-08,565.6957838996984
2026-01-09,3115.492098574061
2026-01-10,0.0
2026-01-11,-2667.7143842231244
2026-01-12,90.82357503904859
2026-01-13,209.76215282541295
2026-01-14,-1529.6631335891204
2026-01-15,-1581.1466637927192
2026-01-16,226.29583975996536
2026-01-17,0.0
2026-01-18,-688.7471758845527
2026-01-19,97.14474268957963
2026-01-20,132.46355356526192
2026-01-21,-0.9978313514325805
2026-01-22,156.99484552247895
2026-01-23,264.310914928466
2026-01-24,0.0
2026-01-25,-256.29537599610285
2026-01-26,11.36011203229242
2026-01-27,-72.78371216218659
2026-01-28,1108.5126564180187
2026-01-29,22.39155541189831
2026-01-30,179.04405578961268
2026-01-31,0.0
2026-02-01,-159.5191560588646
2026-02-02,-40.79933161685062
2026-02-03,109.02268409809756
2026-02-04,274.45489510641505
2026-02-05,218.5588675651984
2026-02-06,-33.77170672066302
2026-02-07,0.0
2026-02-08,0.0
2026-02-09,-47.205054402513326
2026-02-10,-652.6715772099369
2026-02-11,-444.13563320019466
2026-02-12,-94.35073088106657
2026-02-13,4134.917538987027
2026-02-14,0.0
2026-02-15,-723.1144192709778
2026-02-16,-205.53136757250172
2026-02-17,-163.4826677232685
2026-02-18,357.26224767902386
2026-02-19,79.68880774940453
2026-02-20,224.13295177290752
2026-02-21,0.0
2026-02-22,212.29852027788093
2026-02-23,177.9474041895641
2026-02-24,73.66505125567983
2026-02-25,-304.36209546107455
2026-02-26,-207.27065317786366
2026-02-27,175.14807671193898
2026-02-28,0.0
2026-03-01,380.7757783780189
2026-03-02,-184.9196794773669
2026-03-03,-172.58951370159275
2026-03-04,293.84738439901014
2026-03-05,36.20124486553004
2026-03-06,3696.2175651422776
2026-03-07,0.0
2026-03-08,-123.27110577176745
2026-03-09,34.5742994745018
2026-03-10,248.97824349595584
2026-03-11,-4869.968669638401
2026-03-12,45.20478665191831
2026-03-13,-4.1366798536487295
2026-03-14,0.0
2026-03-15,32.63492224771073
2026-03-16,-115.43141519662578
2026-03-17,43.28748339190929
2026-03-18,3418.0547683555956
2026-03-19,1204.4195132908299
2026-03-20,-290.02707876936273
2026-03-21,0.0
2026-03-22,866.1506823660379
2026-03-23,265.79309512633085
2026-03-24,295.3140280750903
2026-03-25,271.21945134620046
2026-03-26,-398.7603964848829
2026-03-27,-340.09628558921634
2026-03-28,0.0
2026-03-29,0.0
2026-03-30,31.757515111151633
2026-03-31,207.916508309574
2026-04-01,2462.454063270243
2026-04-02,-88.92184356685016
2026-04-03,-265.72693326745457
2026-04-04,0.0
2026-04-05,-66.82084184158049
2026-04-06,320.76951424351233
2026-04-07,99.4166034188288
2026-04-08,230.4062844980424
2026-04-09,-196.25894079095616
2026-04-10,-455.86434805109707
2026-04-11,0.0
2026-04-12,1441.929628486917
2026-04-13,-129.0189288864085
2026-04-14,-73.84379619571962
2026-04-15,-613.1179151455484
2026-04-16,-100.62917699834145
2026-04-17,-101.2811034998972
2026-04-18,0.0
2026-04-19,0.0
2026-04-20,-2.164487535181422
2026-04-21,-860.2491872159285
2026-04-22,227.43301883206118
2026-04-23,-59.54053687977142
2026-04-24,-170.12561743726354
2026-04-25,0.0
2026-04-26,0.0
2026-04-27,0.0
2026-04-28,130.72819842055856
2026-04-29,-1986.1696714717536
2026-04-30,-132.62010989337966
2026-05-01,58.19092701331465
2026-05-02,0.0
2026-05-03,205.49932754372267
2026-05-04,-122.28236229317628
2026-05-05,-388.58547632266914
2026-05-06,-244.8670909239059
2026-05-07,-166.02010785234887
2026-05-08,3096.214635992086
2026-05-09,0.0
2026-05-10,-1390.599236096542
2026-05-11,-255.19157622249185
2026-05-12,3646.2499330092032
2026-05-13,819.2747915942886
2026-05-14,2649.455184277938
2026-05-15,-1504.7707541586847
2026-05-16,0.0
2026-05-17,-34.72524615815962
2026-05-18,-115.90102848111246
2026-05-19,76.86162670696598
2026-05-20,0.0
2026-05-21,0.0
2026-05-22,0.0
2026-05-23,0.0
2026-05-24,0.0
2026-05-25,0.0
2026-05-26,0.0
2026-05-27,0.0
2026-05-28,0.0
2026-05-29,0.0
2026-05-30,0.0
2026-05-31,0.0
2026-06-01,0.0
2026-06-02,0.0
2026-06-03,0.0
2026-06-04,0.0
2026-06-05,0.0
2026-06-06,0.0
2026-06-07,0.0
2026-06-08,0.0
2026-06-09,0.0
2026-06-10,0.0
2026-06-11,0.0
2026-06-12,0.0
2026-06-13,0.0
2026-06-14,0.0
2026-06-15,0.0
2026-06-16,0.0
2026-06-17,0.0
2026-06-18,0.0
2026-06-19,0.0
2026-06-20,0.0
2026-06-21,0.0
2026-06-22,0.0
2026-06-23,0.0
2026-06-24,0.0
2026-06-25,0.0
2026-06-26,0.0
2026-06-27,0.0
2026-06-28,0.0
2026-06-29,0.0
2026-06-30,0.0
2026-07-01,0.0
2026-07-02,0.0
2026-07-03,0.0
2026-07-04,0.0
2026-07-05,0.0
2026-07-06,0.0
2026-07-07,0.0
2026-07-08,0.0
2026-07-09,0.0
2026-07-10,0.0
2026-07-11,0.0
2026-07-12,0.0
2026-07-13,0.0
2026-07-14,0.0
2026-07-15,0.0
2026-07-16,0.0
2026-07-17,0.0
2026-07-18,0.0
2026-07-19,0.0
2026-07-20,0.0
2026-07-21,0.0
2026-07-22,0.0
2026-07-23,0.0
2026-07-24,0.0
2026-07-25,0.0
2026-07-26,0.0
2026-07-27,0.0
2026-07-28,0.0
2026-07-29,0.0
2026-07-30,0.0
2026-07-31,0.0
2026-08-01,0.0
2026-08-02,0.0
2026-08-03,0.0
2026-08-04,0.0
2026-08-05,0.0
2026-08-06,0.0
2026-08-07,0.0
2026-08-08,0.0
2026-08-09,0.0
2026-08-10,0.0
2026-08-11,0.0
2026-08-12,0.0
2026-08-13,0.0
2026-08-14,0.0
2026-08-15,0.0
2026-08-16,0.0
2026-08-17,0.0
2026-08-18,0.0
2026-08-19,0.0
2026-08-20,0.0
