et,pnl_usd,outcome,entry,exit_price,exit_s,block
2016-01-15 08:30:00,-83.43000000000757,stopped_post,4171.5,4167.3285,40.0,Retail Sales MoM
2016-02-12 08:30:00,319.4800000000032,tp,3993.5,4009.474,284.0,Retail Sales MoM
2016-03-15 08:30:00,-86.875,stopped_post,4343.75,4339.40625,208.0,Retail Sales MoM
2016-04-13 08:30:00,-90.43499999999767,stopped_post,4521.75,4517.22825,709.0,Retail Sales MoM
2016-05-13 08:30:00,265.0,timed,4320.5,4333.75,900.0,Retail Sales MoM
2016-06-14 08:30:00,-5.0,timed,4402.75,4402.5,898.0,Retail Sales MoM
2016-08-12 08:30:00,-75.0,timed,4800.75,4797.0,900.0,Retail Sales MoM
2016-09-15 08:30:00,-94.98999999999796,stopped_post,4749.5,4744.7505,62.0,Retail Sales MoM
2016-10-14 08:30:00,120.0,timed,4810.25,4816.25,900.0,Retail Sales MoM
2016-11-15 08:30:00,130.0,timed,4715.5,4722.0,900.0,Retail Sales MoM
2016-12-14 08:30:00,-100.0,stopped_post,4940.75,4935.75,562.0,Retail Sales MoM
2017-01-13 08:30:00,10.0,timed,5040.25,5040.75,900.0,Retail Sales MoM
2017-08-15 08:30:00,-85.0,timed,5926.75,5922.5,900.0,Retail Sales MoM
2017-09-15 08:30:00,0.0,timed,5966.25,5966.25,891.0,Retail Sales MoM
2017-12-14 08:30:00,-45.0,timed,6425.0,6422.75,897.0,Retail Sales MoM
2018-03-14 08:30:00,70.0,timed,7104.75,7108.25,897.0,Retail Sales MoM
2018-04-16 08:30:00,35.0,timed,6680.0,6681.75,900.0,Retail Sales MoM
2018-05-15 08:30:00,-139.0099999999984,stopped_post,6950.5,6943.5495,67.0,Retail Sales MoM
2018-06-14 08:30:00,65.0,timed,7252.0,7255.25,900.0,Retail Sales MoM
2018-07-16 08:30:00,-15.0,timed,7399.25,7398.5,898.0,Retail Sales MoM
2018-08-15 08:30:00,-125.0,timed,7400.5,7394.25,900.0,Retail Sales MoM
2018-09-14 08:30:00,-152.30999999999767,stopped_post,7615.5,7607.8845,862.0,Retail Sales MoM
2018-10-15 08:30:00,-143.36999999999534,stopped_post,7168.5,7161.3315,111.0,Retail Sales MoM
2018-11-15 08:30:00,110.0,timed,6778.75,6784.25,900.0,Retail Sales MoM
2018-12-14 08:30:00,-134.1400000000067,stopped_pre,6707.0,6700.293,-8.0,Retail Sales MoM
2019-02-14 08:30:00,-141.0399999999936,stopped_post,7052.0,7044.948,5.0,Retail Sales MoM
2019-03-11 08:30:00,280.0,timed,7070.75,7084.75,900.0,Retail Sales MoM
2019-04-01 08:30:00,-149.4549999999981,stopped_post,7472.75,7465.27725,0.0,Retail Sales MoM
2019-04-18 08:30:00,-5.0,timed,7695.5,7695.25,900.0,Retail Sales MoM
2019-05-15 08:30:00,-147.69000000000233,stopped_post,7384.5,7377.1155,105.0,Retail Sales MoM
2019-06-14 08:30:00,105.0,timed,7495.5,7500.75,900.0,Retail Sales MoM
2019-07-16 08:30:00,-159.86000000000786,stopped_post,7993.0,7985.007,326.0,Retail Sales MoM
2019-08-15 08:30:00,340.0,timed,7505.0,7522.0,899.0,Retail Sales MoM
2019-09-13 08:30:00,-159.22500000000582,stopped_post,7961.25,7953.28875,503.0,Retail Sales MoM
2019-10-16 08:30:00,-158.99999999999636,stopped_pre,7950.0,7942.05,-17.0,Retail Sales MoM
2019-11-15 08:30:00,170.0,timed,8298.0,8306.5,900.0,Retail Sales MoM
2019-12-13 08:30:00,60.0,timed,8519.5,8522.5,897.0,Retail Sales MoM
2020-01-16 08:30:00,80.0,timed,9092.0,9096.0,899.0,Retail Sales MoM
2020-02-14 08:30:00,-192.77999999998428,stopped_post,9639.0,9629.361,329.0,Retail Sales MoM
2020-03-17 08:30:00,-180.0,stopped_pre,7162.75,7153.75,-273.0,Retail Sales MoM
2020-04-15 08:30:00,-171.07499999998254,stopped_pre,8553.75,8545.19625,-215.0,Retail Sales MoM
2020-05-15 08:30:00,-179.55999999998312,stopped_pre,8978.0,8969.022,-275.0,Retail Sales MoM
2020-06-16 08:30:00,795.1599999999962,tp,9939.5,9979.258,713.0,Retail Sales MoM
2020-07-16 08:30:00,-211.13000000001193,stopped_post,10556.5,10545.9435,21.0,Retail Sales MoM
2020-08-14 08:30:00,-224.12499999998545,stopped_post,11206.25,11195.04375,50.0,Retail Sales MoM
2020-09-16 08:30:00,-229.66499999998632,stopped_post,11483.25,11471.76675,161.0,Retail Sales MoM
2020-10-16 08:30:00,395.0,timed,11939.75,11959.5,900.0,Retail Sales MoM
2020-11-17 08:30:00,-240.64500000000407,stopped_post,12032.25,12020.21775,97.0,Retail Sales MoM
2020-12-16 08:30:00,-252.36000000000786,stopped_post,12618.0,12605.382,0.0,Retail Sales MoM
2021-01-15 08:30:00,-80.0,timed,12905.0,12901.0,898.0,Retail Sales MoM
2021-02-17 08:30:00,-274.49000000000524,stopped_post,13724.5,13710.7755,75.0,Retail Sales MoM
2021-03-16 08:30:00,-262.85500000001775,stopped_post,13142.75,13129.60725,122.0,Retail Sales MoM
2021-04-15 08:30:00,220.0,timed,13924.5,13935.5,900.0,Retail Sales MoM
2021-05-14 08:30:00,-264.900000000016,stopped_post,13245.0,13231.755,20.0,Retail Sales MoM
2021-06-15 08:30:00,-282.8949999999895,stopped_post,14144.75,14130.60525,39.0,Retail Sales MoM
2021-07-16 08:30:00,270.0,timed,14829.5,14843.0,900.0,Retail Sales MoM
2021-08-17 08:30:00,-301.2700000000041,stopped_pre,15063.5,15048.4365,-103.0,Retail Sales MoM
2021-09-16 08:30:00,130.0,timed,15442.0,15448.5,900.0,Retail Sales MoM
2021-10-15 08:30:00,340.0,timed,15088.5,15105.5,900.0,Retail Sales MoM
2021-11-16 08:30:00,-120.0,timed,16188.5,16182.5,900.0,Retail Sales MoM
2021-12-15 08:30:00,-318.5099999999875,stopped_post,15925.5,15909.5745,852.0,Retail Sales MoM
2022-01-14 08:30:00,-307.6050000000032,stopped_pre,15380.25,15364.86975,-168.0,Retail Sales MoM
2022-02-16 08:30:00,-291.69999999998254,stopped_post,14585.0,14570.415,7.0,Retail Sales MoM
2022-03-16 08:30:00,-275.0,stopped_post,13684.5,13670.75,157.0,Retail Sales MoM
2022-04-14 08:30:00,-284.4250000000102,stopped_post,14221.25,14207.02875,185.0,Retail Sales MoM
2022-05-17 08:30:00,-249.54000000001543,stopped_pre,12477.0,12464.523,-94.0,Retail Sales MoM
2022-06-15 08:30:00,-229.01999999998225,stopped_post,11451.0,11439.549,136.0,Retail Sales MoM
2022-07-15 08:30:00,-235.7300000000032,stopped_post,11786.5,11774.7135,2.0,Retail Sales MoM
2022-08-17 08:30:00,-270.570000000007,stopped_post,13528.5,13514.9715,0.0,Retail Sales MoM
2022-09-15 08:30:00,-243.1000000000131,stopped_post,12155.0,12142.845,4.0,Retail Sales MoM
2022-10-14 08:30:00,-221.70999999998457,stopped_pre,11085.5,11074.4145,-4.0,Retail Sales MoM
2022-11-16 08:30:00,-237.75000000001455,stopped_post,11887.5,11875.6125,0.0,Retail Sales MoM
2022-12-15 08:30:00,-233.81000000001222,stopped_post,11690.5,11678.8095,471.0,Retail Sales MoM
2023-01-18 08:30:00,932.7200000000084,tp,11659.0,11705.636,3.0,Retail Sales MoM
2023-02-15 08:30:00,-251.54999999998836,stopped_post,12577.5,12564.9225,0.0,Retail Sales MoM
2023-03-15 08:30:00,973.4600000000137,tp,12168.25,12216.923,84.0,Retail Sales MoM
2023-04-14 08:30:00,-263.12000000001717,stopped_post,13156.0,13142.844,14.0,Retail Sales MoM
2023-05-16 08:30:00,-269.19999999998254,stopped_post,13460.0,13446.54,15.0,Retail Sales MoM
2023-06-15 08:30:00,-301.7949999999837,stopped_post,15089.75,15074.66025,457.0,Retail Sales MoM
2023-07-18 08:30:00,-316.4849999999933,stopped_post,15824.25,15808.42575,253.0,Retail Sales MoM
2023-08-15 08:30:00,-303.76499999998487,stopped_post,15188.25,15173.06175,7.0,Retail Sales MoM
2023-09-14 08:30:00,-312.2899999999936,stopped_post,15614.5,15598.8855,8.0,Retail Sales MoM
2023-10-17 08:30:00,-304.6299999999974,stopped_post,15231.5,15216.2685,0.0,Retail Sales MoM
2023-11-15 08:30:00,-319.92999999998574,stopped_post,15996.5,15980.5035,87.0,Retail Sales MoM
2023-12-14 08:30:00,-336.5649999999732,stopped_post,16828.25,16811.42175,152.0,Retail Sales MoM
2024-01-17 08:30:00,-337.4149999999645,stopped_post,16870.75,16853.87925,3.0,Retail Sales MoM
2024-02-15 08:30:00,550.0,timed,17890.25,17917.75,900.0,Retail Sales MoM
2024-03-14 08:30:00,-367.9950000000099,stopped_post,18399.75,18381.35025,1.0,Retail Sales MoM
2024-04-15 08:30:00,-366.0349999999744,stopped_post,18301.75,18283.44825,0.0,Retail Sales MoM
2024-06-18 08:30:00,-404.75500000000466,stopped_post,20237.75,20217.51225,201.0,Retail Sales MoM
2024-07-16 08:30:00,-412.6550000000134,stopped_post,20632.75,20612.11725,0.0,Retail Sales MoM
2024-08-15 08:30:00,-383.36999999999534,stopped_pre,19168.5,19149.3315,-12.0,Retail Sales MoM
2024-09-17 08:30:00,205.0,timed,19773.5,19783.75,900.0,Retail Sales MoM
2024-10-17 08:30:00,-90.0,timed,20526.0,20521.5,900.0,Retail Sales MoM
2024-11-15 08:30:00,-416.5299999999843,stopped_post,20826.5,20805.6735,4.0,Retail Sales MoM
2024-12-17 08:30:00,-447.0100000000093,stopped_post,22350.5,22328.1495,761.0,Retail Sales MoM
2025-01-16 08:30:00,-428.9800000000105,stopped_post,21449.0,21427.551,288.0,Retail Sales MoM
2025-02-14 08:30:00,375.0,timed,22085.5,22104.25,900.0,Retail Sales MoM
2025-03-17 08:30:00,1574.320000000007,tp,19679.0,19757.716,643.0,Retail Sales MoM
2025-04-16 08:30:00,-373.8500000000204,stopped_post,18692.5,18673.8075,508.0,Retail Sales MoM
2025-05-15 08:30:00,-425.1550000000134,stopped_post,21257.75,21236.49225,9.0,Retail Sales MoM
2025-06-17 08:30:00,-441.70500000000175,stopped_post,22085.25,22063.16475,0.0,Retail Sales MoM
2025-07-17 08:30:00,620.0,timed,23093.0,23124.0,900.0,Retail Sales MoM
2025-08-15 08:30:00,95.0,timed,23897.0,23901.75,900.0,Retail Sales MoM
2025-09-16 08:30:00,115.0,timed,24594.5,24600.25,900.0,Retail Sales MoM
2025-11-25 08:30:00,-498.8300000000163,stopped_post,24941.5,24916.5585,239.0,Retail Sales MoM
2026-01-14 08:30:00,-515.8049999999639,stopped_post,25790.25,25764.45975,227.0,Retail Sales MoM
2026-02-10 08:30:00,-506.56999999999243,stopped_post,25328.5,25303.1715,34.0,Retail Sales MoM
2026-04-01 08:30:00,-482.95500000000175,stopped_pre,24147.75,24123.60225,-116.0,Retail Sales MoM
2026-04-21 08:30:00,-536.9049999999697,stopped_post,26845.25,26818.40475,858.0,Retail Sales MoM
2026-05-14 08:30:00,-591.4199999999983,stopped_post,29571.0,29541.429,179.0,Retail Sales MoM
2026-06-17 08:30:00,830.0,timed,30468.0,30509.5,900.0,Retail Sales MoM
2026-07-16 08:30:00,-140.0,timed,29381.25,29374.25,900.0,Retail Sales MoM
2016-01-28 08:30:00,-83.20999999999913,stopped_post,4160.5,4156.3395,0.0,Durable Goods Orders MoM
2016-02-25 08:30:00,15.0,timed,4206.5,4207.25,900.0,Durable Goods Orders MoM
2016-03-24 08:30:00,-87.46999999999389,stopped_post,4373.5,4369.1265,591.0,Durable Goods Orders MoM
2016-04-26 08:30:00,-65.0,timed,4478.5,4475.25,897.0,Durable Goods Orders MoM
2016-05-26 08:30:00,-30.0,timed,4482.0,4480.5,900.0,Durable Goods Orders MoM
2016-06-24 08:30:00,90.0,timed,4306.5,4311.0,900.0,Durable Goods Orders MoM
2016-07-27 08:30:00,45.0,timed,4700.0,4702.25,899.0,Durable Goods Orders MoM
2016-08-25 08:30:00,30.0,timed,4776.5,4778.0,893.0,Durable Goods Orders MoM
2016-09-28 08:30:00,-20.0,timed,4863.5,4862.5,894.0,Durable Goods Orders MoM
2016-10-27 08:30:00,35.0,timed,4875.0,4876.75,900.0,Durable Goods Orders MoM
2016-11-23 08:30:00,-100.0,stopped_post,4869.75,4864.75,382.0,Durable Goods Orders MoM
2016-12-22 08:30:00,-30.0,timed,4951.75,4950.25,892.0,Durable Goods Orders MoM
2017-01-27 08:30:00,-15.0,timed,5157.25,5156.5,900.0,Durable Goods Orders MoM
2017-02-27 08:30:00,30.0,timed,5332.5,5334.0,899.0,Durable Goods Orders MoM
2017-03-24 08:30:00,25.0,timed,5367.25,5368.5,899.0,Durable Goods Orders MoM
2017-04-27 08:30:00,15.0,timed,5547.0,5547.75,894.0,Durable Goods Orders MoM
2017-05-26 08:30:00,35.0,timed,5777.5,5779.25,900.0,Durable Goods Orders MoM
2017-06-26 08:30:00,-10.0,timed,5841.0,5840.5,891.0,Durable Goods Orders MoM
2017-07-27 08:30:00,-40.0,timed,5991.0,5989.0,898.0,Durable Goods Orders MoM
2017-08-25 08:30:00,-60.0,timed,5859.25,5856.25,899.0,Durable Goods Orders MoM
2017-09-27 08:30:00,-50.0,timed,5910.75,5908.25,897.0,Durable Goods Orders MoM
2017-10-25 08:30:00,-70.0,timed,6070.75,6067.25,898.0,Durable Goods Orders MoM
2017-11-22 08:30:00,-35.0,timed,6389.25,6387.5,900.0,Durable Goods Orders MoM
2017-12-22 08:30:00,40.0,timed,6492.5,6494.5,894.0,Durable Goods Orders MoM
2018-01-26 08:30:00,-139.33999999999287,stopped_post,6967.0,6960.033,4.0,Durable Goods Orders MoM
2018-02-27 08:30:00,-139.9200000000019,stopped_post,6996.0,6989.004,0.0,Durable Goods Orders MoM
2018-03-23 08:30:00,100.0,timed,6684.75,6689.75,900.0,Durable Goods Orders MoM
2018-04-26 08:30:00,-45.0,timed,6604.75,6602.5,899.0,Durable Goods Orders MoM
2018-05-25 08:30:00,-70.0,timed,6955.75,6952.25,900.0,Durable Goods Orders MoM
2018-06-27 08:30:00,205.0,timed,7097.0,7107.25,900.0,Durable Goods Orders MoM
2018-07-26 08:30:00,-150.0,stopped_post,7423.75,7416.25,320.0,Durable Goods Orders MoM
2018-08-24 08:30:00,90.0,timed,7443.25,7447.75,900.0,Durable Goods Orders MoM
2018-09-27 08:30:00,-75.0,timed,7613.0,7609.25,900.0,Durable Goods Orders MoM
2018-10-25 08:30:00,-138.51000000000568,stopped_post,6925.5,6918.5745,385.0,Durable Goods Orders MoM
2018-11-21 08:30:00,-135.0,stopped_post,6620.0,6613.25,72.0,Durable Goods Orders MoM
2018-12-21 08:30:00,505.0,tp,6303.75,6329.0,524.0,Durable Goods Orders MoM
2019-02-21 08:30:00,-141.33499999999913,stopped_post,7066.75,7059.68325,22.0,Durable Goods Orders MoM
2019-03-13 08:30:00,-55.0,timed,7265.25,7262.5,900.0,Durable Goods Orders MoM
2019-04-02 08:30:00,-45.0,timed,7509.0,7506.75,899.0,Durable Goods Orders MoM
2019-04-25 08:30:00,-15.0,timed,7878.5,7877.75,900.0,Durable Goods Orders MoM
2019-05-24 08:30:00,-10.0,timed,7337.5,7337.0,900.0,Durable Goods Orders MoM
2019-06-26 08:30:00,-155.0,stopped_post,7674.0,7666.25,402.0,Durable Goods Orders MoM
2019-07-25 08:30:00,-15.0,timed,8028.25,8027.5,897.0,Durable Goods Orders MoM
2019-08-26 08:30:00,260.0,timed,7548.5,7561.5,900.0,Durable Goods Orders MoM
2019-09-27 08:30:00,55.0,timed,7800.5,7803.25,900.0,Durable Goods Orders MoM
2019-10-24 08:30:00,-65.0,timed,7948.0,7944.75,900.0,Durable Goods Orders MoM
2019-11-27 08:30:00,65.0,timed,8415.75,8419.0,900.0,Durable Goods Orders MoM
2019-12-23 08:30:00,105.0,timed,8736.0,8741.25,900.0,Durable Goods Orders MoM
2020-01-28 08:30:00,20.0,timed,9028.5,9029.5,900.0,Durable Goods Orders MoM
2020-02-27 08:30:00,695.2799999999843,tp,8691.0,8725.764,26.0,Durable Goods Orders MoM
2020-03-25 08:30:00,-149.51499999999214,stopped_pre,7475.75,7468.27425,-284.0,Durable Goods Orders MoM
2020-04-24 08:30:00,550.0,timed,8639.25,8666.75,900.0,Durable Goods Orders MoM
2020-05-28 08:30:00,-186.93500000001222,stopped_post,9346.75,9337.40325,78.0,Durable Goods Orders MoM
2020-06-25 08:30:00,-199.66499999998632,stopped_post,9983.25,9973.26675,4.0,Durable Goods Orders MoM
2020-07-27 08:30:00,-211.14000000001397,stopped_post,10557.0,10546.443,204.0,Durable Goods Orders MoM
2020-08-26 08:30:00,-234.96500000001106,stopped_post,11748.25,11736.50175,137.0,Durable Goods Orders MoM
2020-09-25 08:30:00,-217.88499999998749,stopped_post,10894.25,10883.35575,241.0,Durable Goods Orders MoM
2020-10-27 08:30:00,-231.08000000000175,stopped_pre,11554.0,11542.446,-1.0,Durable Goods Orders MoM
2020-11-25 08:30:00,355.0,timed,12090.75,12108.5,900.0,Durable Goods Orders MoM
2020-12-23 08:30:00,200.0,timed,12715.25,12725.25,900.0,Durable Goods Orders MoM
2021-01-27 08:30:00,-267.7100000000064,stopped_pre,13385.5,13372.1145,-250.0,Durable Goods Orders MoM
2021-02-25 08:30:00,690.0,timed,13170.5,13205.0,900.0,Durable Goods Orders MoM
2021-03-24 08:30:00,-60.0,timed,13095.25,13092.25,900.0,Durable Goods Orders MoM
2021-04-26 08:30:00,115.0,timed,13898.25,13904.0,899.0,Durable Goods Orders MoM
2021-05-27 08:30:00,-272.74499999999534,stopped_post,13637.25,13623.61275,5.0,Durable Goods Orders MoM
2021-06-24 08:30:00,-100.0,timed,14355.0,14350.0,900.0,Durable Goods Orders MoM
2021-07-27 08:30:00,120.0,timed,15115.5,15121.5,900.0,Durable Goods Orders MoM
2021-08-25 08:30:00,290.0,timed,15347.5,15362.0,900.0,Durable Goods Orders MoM
2021-09-27 08:30:00,-303.8349999999991,stopped_post,15191.75,15176.55825,37.0,Durable Goods Orders MoM
2021-10-27 08:30:00,510.0,timed,15540.0,15565.5,900.0,Durable Goods Orders MoM
2021-11-24 08:30:00,-324.95999999999185,stopped_post,16248.0,16231.752,502.0,Durable Goods Orders MoM
2021-12-23 08:30:00,-323.9400000000023,stopped_post,16197.0,16180.803,657.0,Durable Goods Orders MoM
2022-01-27 08:30:00,-285.3450000000157,stopped_pre,14267.25,14252.98275,-120.0,Durable Goods Orders MoM
2022-02-25 08:30:00,-281.18500000000495,stopped_pre,14059.25,14045.19075,-183.0,Durable Goods Orders MoM
2022-03-24 08:30:00,330.0,timed,14514.75,14531.25,897.0,Durable Goods Orders MoM
2022-04-26 08:30:00,-269.7200000000157,stopped_post,13486.0,13472.514,339.0,Durable Goods Orders MoM
2022-05-25 08:30:00,-234.15000000000873,stopped_pre,11707.5,11695.7925,-239.0,Durable Goods Orders MoM
2022-06-27 08:30:00,-243.9549999999872,stopped_pre,12197.75,12185.55225,-79.0,Durable Goods Orders MoM
2022-07-27 08:30:00,-245.6999999999971,stopped_post,12285.0,12272.715,6.0,Durable Goods Orders MoM
2022-08-24 08:30:00,-258.42499999998836,stopped_post,12921.25,12908.32875,369.0,Durable Goods Orders MoM
2022-09-27 08:30:00,-229.9699999999939,stopped_pre,11498.5,11487.0015,-87.0,Durable Goods Orders MoM
2022-10-27 08:30:00,910.580000000009,tp,11382.25,11427.779,21.0,Durable Goods Orders MoM
2022-11-23 08:30:00,-235.1299999999901,stopped_post,11756.5,11744.7435,838.0,Durable Goods Orders MoM
2022-12-23 08:30:00,-221.9800000000032,stopped_pre,11099.0,11087.901,-41.0,Durable Goods Orders MoM
2023-01-26 08:30:00,-239.37000000001717,stopped_post,11968.5,11956.5315,3.0,Durable Goods Orders MoM
2023-02-27 08:30:00,-241.6649999999936,stopped_post,12083.25,12071.16675,0.0,Durable Goods Orders MoM
2023-03-24 08:30:00,260.0,timed,12778.5,12791.5,900.0,Durable Goods Orders MoM
2023-04-26 08:30:00,520.0,timed,12925.25,12951.25,900.0,Durable Goods Orders MoM
2023-05-26 08:30:00,-280.4650000000038,stopped_post,14023.25,14009.22675,38.0,Durable Goods Orders MoM
2023-06-27 08:30:00,450.0,timed,14902.25,14924.75,900.0,Durable Goods Orders MoM
2023-07-27 08:30:00,-316.62499999998545,stopped_post,15831.25,15815.41875,1.0,Durable Goods Orders MoM
2023-08-24 08:30:00,70.0,timed,15335.75,15339.25,900.0,Durable Goods Orders MoM
2023-09-27 08:30:00,495.0,timed,14742.25,14767.0,900.0,Durable Goods Orders MoM
2023-10-26 08:30:00,-286.9599999999991,stopped_post,14348.0,14333.652,4.0,Durable Goods Orders MoM
2023-11-22 08:30:00,-321.25,stopped_post,16062.5,16046.4375,4.0,Durable Goods Orders MoM
2023-12-22 08:30:00,-339.2700000000332,stopped_post,16963.5,16946.5365,69.0,Durable Goods Orders MoM
2024-01-25 08:30:00,-353.0500000000029,stopped_post,17652.5,17634.8475,2.0,Durable Goods Orders MoM
2024-02-27 08:30:00,230.0,timed,17997.25,18008.75,900.0,Durable Goods Orders MoM
2024-03-26 08:30:00,-372.05000000001746,stopped_post,18602.5,18583.8975,306.0,Durable Goods Orders MoM
2024-04-24 08:30:00,-265.0,timed,17734.75,17721.5,900.0,Durable Goods Orders MoM
2024-05-24 08:30:00,665.0,timed,18733.5,18766.75,900.0,Durable Goods Orders MoM
2024-06-27 08:30:00,460.0,timed,19968.75,19991.75,900.0,Durable Goods Orders MoM
2024-07-25 08:30:00,-382.58999999998196,stopped_post,19129.5,19110.3705,3.0,Durable Goods Orders MoM
2024-08-26 08:30:00,-395.625,stopped_post,19781.25,19761.46875,691.0,Durable Goods Orders MoM
2024-09-26 08:30:00,185.0,timed,20495.0,20504.25,900.0,Durable Goods Orders MoM
2024-10-25 08:30:00,300.0,timed,20460.5,20475.5,900.0,Durable Goods Orders MoM
2024-11-27 08:30:00,70.0,timed,20955.0,20958.5,900.0,Durable Goods Orders MoM
2024-12-23 09:30:00,460.0,timed,21592.0,21615.0,900.0,Durable Goods Orders MoM
2025-01-28 08:30:00,-426.9499999999971,stopped_post,21347.5,21326.1525,96.0,Durable Goods Orders MoM
2025-02-27 08:30:00,-427.11499999997613,stopped_post,21355.75,21334.39425,0.0,Durable Goods Orders MoM
2025-03-26 08:30:00,90.0,timed,20461.5,20466.0,899.0,Durable Goods Orders MoM
2025-04-24 08:30:00,1502.8399999999965,tp,18785.5,18860.642,600.0,Durable Goods Orders MoM
2025-05-27 08:30:00,-425.76999999997497,stopped_post,21288.5,21267.2115,734.0,Durable Goods Orders MoM
2025-06-26 08:30:00,-451.41999999999825,stopped_post,22571.0,22548.429,228.0,Durable Goods Orders MoM
2025-07-25 08:30:00,-170.0,timed,23379.0,23370.5,900.0,Durable Goods Orders MoM
2025-08-26 08:30:00,80.0,timed,23469.5,23473.5,900.0,Durable Goods Orders MoM
2025-09-25 08:30:00,-492.52999999996973,stopped_post,24626.5,24601.8735,0.0,Durable Goods Orders MoM
2025-11-26 08:30:00,-80.0,timed,25198.0,25194.0,900.0,Durable Goods Orders MoM
2025-12-23 08:30:00,-513.4049999999843,stopped_post,25670.25,25644.57975,384.0,Durable Goods Orders MoM
2026-01-26 08:30:00,-513.8850000000093,stopped_post,25694.25,25668.55575,420.0,Durable Goods Orders MoM
2026-02-18 08:30:00,-497.61500000000524,stopped_post,24880.75,24855.86925,723.0,Durable Goods Orders MoM
2026-03-13 08:30:00,440.0,timed,24637.0,24659.0,900.0,Durable Goods Orders MoM
2026-04-07 08:30:00,-484.38999999998487,stopped_post,24219.5,24195.2805,808.0,Durable Goods Orders MoM
2026-04-29 08:30:00,-544.855000000025,stopped_post,27242.75,27215.50725,38.0,Durable Goods Orders MoM
2026-05-28 08:30:00,1850.0,timed,29933.0,30025.5,900.0,Durable Goods Orders MoM
2026-06-25 08:30:00,2411.160000000018,tp,30139.5,30260.058,44.0,Durable Goods Orders MoM
2026-07-27 08:30:00,635.0,timed,28637.5,28669.25,900.0,Durable Goods Orders MoM
