series,n_usable,tv_importance_max,first_usable,last_usable,top_utc_time,category,shared_minute_frac,top_shared_partner,direction_instruments,direction_pairs,power_instruments,premium_instruments,premium_m1_long_usd,direction_status,jump_status,power_status,premium_status,deployment_status,timestamp_quality
3-Month Bill Auction,556,-1,2016-01-04,2026-08-31,15:30,bnd,1.0,6-Month Bill Auction,,,,,,NEVER,NEVER,NEVER,NEVER,,SCHEDULED-PRINT
4-Week Bill Auction,556,-1,2016-01-05,2026-08-27,15:30,bnd,0.762589928057554,8-Week Bill Auction,,,,,,NEVER,NEVER,NEVER,NEVER,,SCHEDULED-PRINT
6-Month Bill Auction,556,-1,2016-01-04,2026-08-31,15:30,bnd,1.0,3-Month Bill Auction,,,,,,NEVER,NEVER,NEVER,NEVER,,SCHEDULED-PRINT
EIA Natural Gas Stocks Change,556,-1,2016-01-07,2026-08-27,14:30,enrg,0.10251798561151079,NY Fed Treasury Purchases 22.5 to 30 yrs,CL/ES/GC/HG/NG/NQ/RTY/SI,8.0,,,,TESTED,TESTED,NEVER,NEVER,,SCHEDULED-PRINT
Continuing Jobless Claims,556,-1,2016-01-07,2026-08-27,12:30,lbr,1.0,Initial Jobless Claims,CL/ES/GC/HG/NG/NQ/RTY/SI,8.0,,,,TESTED,TESTED,NEVER,NEVER,,SCHEDULED-PRINT
EIA Gasoline Stocks Change,556,0,2016-01-06,2026-08-26,14:30,enrg,1.0,EIA Crude Oil Stocks Change,CL/ES/GC/HG/NG/NQ/RTY/SI,8.0,,,,TESTED,TESTED,NEVER,NEVER,,SCHEDULED-PRINT
Redbook YoY,556,-1,2016-01-05,2026-08-25,12:55,cnsm,0.4910071942446043,Redbook MoM,,,,,,NEVER,NEVER,NEVER,NEVER,,SCHEDULED-PRINT
Initial Jobless Claims,556,0,2016-01-07,2026-08-27,12:30,lbr,1.0,Continuing Jobless Claims,CL/ES/GC/HG/NG/NQ/RTY/SI,8.0,,,,TESTED,TESTED,NEVER,NEVER,,SCHEDULED-PRINT
MBA 30-Year Mortgage Rate,551,0,2016-01-06,2026-08-26,11:00,hse,1.0,MBA Mortgage Applications,,,,,,NEVER,NEVER,NEVER,NEVER,,SCHEDULED-PRINT
MBA Mortgage Applications,549,-1,2016-01-06,2026-08-26,11:00,hse,0.9981785063752276,MBA 30-Year Mortgage Rate,,,,,,NEVER,NEVER,NEVER,NEVER,,SCHEDULED-PRINT
Baker Hughes Oil Rig Count,509,-1,2016-11-23,2026-08-28,17:00,enrg,0.6994106090373281,Baker Hughes Total Rig Count,,,,,,NEVER,NEVER,NEVER,NEVER,,SCHEDULED-PRINT
8-Week Bill Auction,380,-1,2019-05-23,2026-08-27,15:30,bnd,1.0,4-Week Bill Auction,,,,,,NEVER,NEVER,NEVER,NEVER,,SCHEDULED-PRINT
EIA Crude Oil Imports Change,345,-1,2020-01-23,2026-08-26,14:30,enrg,1.0,EIA Refinery Crude Runs Change,,,,,,NEVER,NEVER,NEVER,NEVER,,SCHEDULED-PRINT
EIA Refinery Crude Runs Change,345,-1,2020-01-23,2026-08-26,14:30,enrg,1.0,EIA Gasoline Production Change,,,,,,NEVER,NEVER,NEVER,NEVER,,SCHEDULED-PRINT
EIA Cushing Crude Oil Stocks Change,345,0,2020-01-23,2026-08-26,14:30,enrg,1.0,EIA Crude Oil Stocks Change,,,,,,NEVER,NEVER,NEVER,NEVER,,SCHEDULED-PRINT
EIA Distillate Stocks Change,345,0,2020-01-23,2026-08-26,14:30,enrg,1.0,EIA Refinery Crude Runs Change,CL/ES/GC/HG/NG/NQ/RTY/SI,8.0,,,,TESTED,TESTED,NEVER,NEVER,,SCHEDULED-PRINT
EIA Distillate Fuel Production Change,345,-1,2020-01-23,2026-08-26,14:30,enrg,1.0,EIA Refinery Crude Runs Change,,,,,,NEVER,NEVER,NEVER,NEVER,,SCHEDULED-PRINT
EIA Gasoline Production Change,345,-1,2020-01-23,2026-08-26,14:30,enrg,1.0,EIA Refinery Crude Runs Change,,,,,,NEVER,NEVER,NEVER,NEVER,,SCHEDULED-PRINT
EIA Heating Oil Stocks Change,295,-1,2021-01-06,2026-08-26,14:30,enrg,1.0,EIA Refinery Crude Runs Change,,,,,,NEVER,NEVER,NEVER,NEVER,,SCHEDULED-PRINT
Jobless Claims 4-week Average,295,0,2021-01-07,2026-08-27,12:30,lbr,1.0,Initial Jobless Claims,,,,,,NEVER,NEVER,NEVER,NEVER,,SCHEDULED-PRINT
Fed Williams Speech,278,0,2016-01-29,2026-07-15,14:00,mny,0.1510791366906475,Fed Lockhart Speech,,,,,,NEVER,NEVER,NEVER,NEVER,,FUZZY (speech/testimony/minutes start-time)
Redbook MoM,271,-1,2016-01-05,2021-04-06,12:55,cnsm,1.0,Redbook YoY,,,,,,NEVER,NEVER,NEVER,NEVER,,SCHEDULED-PRINT
Fed Bostic Speech,256,0,2017-09-26,2026-02-24,17:00,mny,0.19921875,Fed Kaplan Speech,,,,,,NEVER,NEVER,NEVER,NEVER,,FUZZY (speech/testimony/minutes start-time)
MBA Mortgage Market Index,249,-1,2021-10-27,2026-08-26,11:00,hse,1.0,MBA Purchase Index,,,,,,NEVER,NEVER,NEVER,NEVER,,SCHEDULED-PRINT
MBA Mortgage Refinance Index,249,-1,2021-10-27,2026-08-26,11:00,hse,1.0,MBA Purchase Index,,,,,,NEVER,NEVER,NEVER,NEVER,,SCHEDULED-PRINT
MBA Purchase Index,249,-1,2021-10-27,2026-08-26,11:00,hse,1.0,MBA Mortgage Market Index,,,,,,NEVER,NEVER,NEVER,NEVER,,SCHEDULED-PRINT
Baker Hughes Total Rig Count,209,-1,2020-01-03,2023-12-29,17:00,,1.0,Baker Hughes Oil Rig Count,,,,,,NEVER,NEVER,NEVER,NEVER,,SCHEDULED-PRINT
17-Week Bill Auction,198,-1,2022-11-16,2026-08-26,15:30,bnd,0.21212121212121213,2-Year FRN Auction,,,,,,NEVER,NEVER,NEVER,NEVER,,SCHEDULED-PRINT
15-Year Mortgage Rate,170,-1,2023-06-01,2026-08-27,16:00,hse,1.0,30-Year Mortgage Rate,,,,,,NEVER,NEVER,NEVER,NEVER,,SCHEDULED-PRINT
30-Year Mortgage Rate,170,-1,2023-06-01,2026-08-27,16:00,hse,1.0,15-Year Mortgage Rate,,,,,,NEVER,NEVER,NEVER,NEVER,,SCHEDULED-PRINT
Fed Kashkari Speech,159,0,2016-02-16,2026-06-26,17:00,mny,0.1761006289308176,3-Year Note Auction,,,,,,NEVER,NEVER,NEVER,NEVER,,FUZZY (speech/testimony/minutes start-time)
Fed Evans Speech,144,0,2016-01-07,2022-12-02,18:00,mny,0.2152777777777778,Fed Bostic Speech,,,,,,NEVER,NEVER,NEVER,NEVER,,FUZZY (speech/testimony/minutes start-time)
Baker Hughes Total Rigs Count,139,-1,2024-01-05,2026-08-28,17:00,enrg,0.9928057553956835,Baker Hughes Oil Rig Count,,,,,,NEVER,NEVER,NEVER,NEVER,,SCHEDULED-PRINT
52-Week Bill Auction,139,-1,2016-01-05,2026-08-04,15:30,bnd,0.539568345323741,4-Week Bill Auction,,,,,,NEVER,NEVER,NEVER,NEVER,,SCHEDULED-PRINT
Fed Mester Speech,135,0,2016-02-04,2024-05-28,17:00,mny,0.2222222222222222,Continuing Jobless Claims,,,,,,NEVER,NEVER,NEVER,NEVER,,FUZZY (speech/testimony/minutes start-time)
Chicago Fed National Activity Index,128,0,2016-01-22,2026-08-24,12:30,bsnss,0.3203125,Continuing Jobless Claims,,,,,,NEVER,NEVER,NEVER,NEVER,,SCHEDULED-PRINT
Chicago PMI,128,0,2016-01-29,2026-08-28,13:45,bsnss,0.0,,CL/ES/GC/HG/NG/NQ/RTY/SI,8.0,,,,TESTED,TESTED,NEVER,NEVER,,SCHEDULED-PRINT
Capacity Utilization,128,-1,2016-01-15,2026-08-18,13:15,bsnss,1.0,Industrial Production MoM,CL/ES/GC/HG/NG/NQ/RTY/SI,8.0,,,,TESTED,TESTED,NEVER,NEVER,,SCHEDULED-PRINT
Construction Spending MoM,128,0,2016-01-04,2026-08-03,14:00,hse,0.90625,ISM Manufacturing New Orders,CL/ES/GC/HG/NG/NQ/RTY/SI,8.0,,,,TESTED,TESTED,NEVER,NEVER,,SCHEDULED-PRINT
2-Year Note Auction,128,-1,2016-01-26,2026-08-25,17:00,bnd,0.4375,6-Month Bill Auction,,,,,,NEVER,NEVER,NEVER,NEVER,,SCHEDULED-PRINT
10-Year Note Auction,128,0,2016-01-13,2026-08-12,17:00,mrkt,0.171875,3-Month Bill Auction,,,,,,NEVER,NEVER,NEVER,NEVER,,SCHEDULED-PRINT
Consumer Credit Change,128,-1,2016-01-08,2026-08-07,19:00,cnsm,0.0390625,Fed George Speech,CL/ES/GC/HG/NG/NQ/RTY/SI,8.0,,,,TESTED,TESTED,NEVER,NEVER,,SCHEDULED-PRINT
CB Consumer Confidence,128,0,2016-01-26,2026-08-25,14:00,gov,0.7578125,Richmond Fed Manufacturing Index,CL/ES/GC/HG/NG/NQ/RTY/SI,8.0,,,,TESTED,TESTED,NEVER,NEVER,,SCHEDULED-PRINT
Export Prices YoY,128,0,2016-01-14,2026-08-18,12:30,prce,1.0,Import Prices MoM,,,,,,NEVER,NEVER,NEVER,NEVER,,SCHEDULED-PRINT
Core PPI YoY,128,0,2016-01-15,2026-08-13,12:30,prce,1.0,PPI MoM,CL/ES/GC/HG/NG/NQ/RTY/SI,8.0,,,,TESTED,TESTED,NEVER,NEVER,,SCHEDULED-PRINT
Export Prices MoM,128,0,2016-01-14,2026-08-18,12:30,prce,1.0,Import Prices MoM,CL/ES/GC/HG/NG/NQ/RTY/SI,8.0,,,,TESTED,TESTED,NEVER,NEVER,,SCHEDULED-PRINT
Existing Home Sales,128,1,2016-01-22,2026-08-11,14:00,hse,1.0,Existing Home Sales MoM,CL/ES/GC/HG/NG/NQ/RTY/SI,8.0,,,,TESTED,TESTED,NEVER,NEVER,,SCHEDULED-PRINT
Existing Home Sales MoM,128,0,2016-01-22,2026-08-11,14:00,hse,1.0,Existing Home Sales,CL/ES/GC/HG/NG/NQ/SI,7.0,,,,TESTED,TESTED,NEVER,NEVER,,SCHEDULED-PRINT
Dallas Fed Manufacturing Index,128,0,2016-01-25,2026-08-31,14:30,bsnss,0.09375,NY Fed Treasury Purchases 10 to 22.5 yrs,,,,,,NEVER,NEVER,NEVER,NEVER,,SCHEDULED-PRINT
Core PCE Price Index YoY,128,0,2016-02-01,2026-08-26,12:30,prce,1.0,PCE Price Index MoM,CL/ES/GC/HG/NG/NQ/RTY/SI,8.0,,,,TESTED,TESTED,NEVER,NEVER,,SCHEDULED-PRINT
Core PPI MoM,128,0,2016-01-15,2026-08-13,12:30,prce,1.0,PPI MoM,CL/ES/GC/HG/NG/NQ/RTY/SI,8.0,,,,TESTED,TESTED,NEVER,NEVER,,SCHEDULED-PRINT
Factory Orders MoM,128,0,2016-01-06,2026-08-04,14:00,bsnss,1.0,Factory Orders ex Transportation,CL/ES/GC/HG/NG/NQ/RTY/SI,8.0,,,,TESTED,TESTED,NEVER,NEVER,,SCHEDULED-PRINT
Exports,128,0,2016-01-06,2026-08-04,12:30,trd,1.0,Balance of Trade,,,,,,NEVER,NEVER,NEVER,NEVER,,SCHEDULED-PRINT
Factory Orders ex Transportation,128,-1,2016-01-06,2026-08-04,14:00,bsnss,1.0,Factory Orders MoM,,,,,,NEVER,NEVER,NEVER,NEVER,,SCHEDULED-PRINT
Challenger Job Cuts,128,-1,2016-01-07,2026-08-06,11:30,lbr,0.0,,,,,,,NEVER,NEVER,NEVER,NEVER,,SCHEDULED-PRINT
Core PCE Price Index MoM,128,1,2016-02-01,2026-08-26,12:30,prce,1.0,PCE Price Index MoM,CL/ES/GC/HG/NG/NQ/RTY/SI,8.0,,,,TESTED,TESTED,NEVER,NEVER,,SCHEDULED-PRINT
Monthly Budget Statement,128,0,2016-01-13,2026-08-12,18:00,gov,0.1328125,FOMC Minutes,CL/ES/GC/HG/NG/NQ/RTY/SI,8.0,,,,TESTED,TESTED,NEVER,NEVER,,SCHEDULED-PRINT
New Home Sales,128,0,2016-01-27,2026-08-25,14:00,hse,1.0,New Home Sales MoM,CL/ES/GC/HG/NG/NQ/RTY/SI,8.0,,,,TESTED,TESTED,NEVER,NEVER,,SCHEDULED-PRINT
Philadelphia Fed Manufacturing Index,128,0,2016-01-21,2026-08-20,12:30,bsnss,1.0,Continuing Jobless Claims,CL/ES/GC/HG/NG/NQ/RTY/SI,8.0,,,,TESTED,TESTED,NEVER,NEVER,,SCHEDULED-PRINT
Personal Spending MoM,128,1,2016-02-01,2026-08-26,12:30,cnsm,1.0,PCE Price Index MoM,CL/ES/GC/HG/NG/NQ/RTY/SI,8.0,,,,TESTED,TESTED,NEVER,NEVER,,SCHEDULED-PRINT
PPI YoY,128,-1,2016-01-15,2026-08-13,12:30,prce,1.0,PPI MoM,CL/ES/GC/HG/NG/NQ/RTY/SI,8.0,,,,TESTED,TESTED,NEVER,NEVER,,SCHEDULED-PRINT
PPI MoM,128,1,2016-01-15,2026-08-13,12:30,prce,1.0,PPI YoY,CL/ES/GC/HG/NG/NQ/RTY/SI,8.0,,,,TESTED,TESTED,NEVER,NEVER,,SCHEDULED-PRINT
Retail Sales Ex Autos MoM,128,0,2016-01-15,2026-08-14,12:30,cnsm,1.0,Retail Sales YoY,CL/ES/GC/HG/NG/NQ/RTY/SI,8.0,,,,TESTED,TESTED,NEVER,NEVER,,SCHEDULED-PRINT
Overall Net Capital Flows,128,0,2016-01-19,2026-08-17,20:00,trd,1.0,Net Long-term TIC Flows,,,,,,NEVER,NEVER,NEVER,NEVER,,SCHEDULED-PRINT
Wholesale Inventories MoM,128,0,2016-01-08,2026-08-06,14:00,bsnss,0.3203125,JOLTs Job Openings,CL/ES/GC/HG/NG/NQ/RTY/SI,8.0,,,,TESTED,TESTED,NEVER,NEVER,,SCHEDULED-PRINT
S&P/Case-Shiller Home Price YoY,128,0,2016-01-26,2026-08-25,13:00,hse,1.0,S&P/Case-Shiller Home Price MoM,CL/ES/GC/HG/NG/NQ/RTY/SI,8.0,,,,TESTED,TESTED,NEVER,NEVER,,SCHEDULED-PRINT
S&P/Case-Shiller Home Price MoM,128,0,2016-01-26,2026-08-25,13:00,hse,1.0,S&P/Case-Shiller Home Price YoY,,,,,,NEVER,NEVER,NEVER,NEVER,,SCHEDULED-PRINT
Richmond Fed Manufacturing Index,128,-1,2016-01-26,2026-08-25,14:00,bsnss,0.9140625,CB Consumer Confidence,CL/ES/GC/HG/NG/NQ/RTY/SI,8.0,,,,TESTED,TESTED,NEVER,NEVER,,SCHEDULED-PRINT
Retail Sales YoY,128,-1,2016-01-15,2026-08-14,12:30,cnsm,1.0,Retail Sales Ex Autos MoM,,,,,,NEVER,NEVER,NEVER,NEVER,,SCHEDULED-PRINT
Nonfarm Payrolls Private,128,-1,2016-01-08,2026-08-07,12:30,lbr,1.0,Non Farm Payrolls,CL/ES/GC/HG/NG/NQ/RTY/SI,8.0,,,,TESTED,TESTED,NEVER,NEVER,,SCHEDULED-PRINT
PCE Price Index YoY,128,0,2016-02-01,2026-08-26,12:30,prce,1.0,PCE Price Index MoM,CL/ES/GC/HG/NG/NQ/SI,7.0,,,,TESTED,TESTED,NEVER,NEVER,,SCHEDULED-PRINT
NFIB Business Optimism Index,128,-1,2016-01-12,2026-08-11,10:00,bsnss,0.0,,CL/ES/GC/HG/NG/NQ/RTY/SI,8.0,,,,TESTED,TESTED,NEVER,NEVER,,SCHEDULED-PRINT
NAHB Housing Market Index,128,0,2016-01-19,2026-08-17,14:00,hse,0.4765625,Business Inventories MoM,CL/ES/GC/HG/NG/NQ/RTY/SI,8.0,,,,TESTED,TESTED,NEVER,NEVER,,SCHEDULED-PRINT
ISM Manufacturing Employment,128,0,2016-01-04,2026-08-03,14:00,bsnss,1.0,ISM Manufacturing New Orders,CL/ES/GC/HG/NG/NQ/SI,7.0,,,,TESTED,TESTED,NEVER,NEVER,,SCHEDULED-PRINT
ISM Manufacturing New Orders,128,0,2016-01-04,2026-08-03,14:00,bsnss,1.0,ISM Manufacturing PMI,,,,,,NEVER,NEVER,NEVER,NEVER,,SCHEDULED-PRINT
Michigan Consumer Sentiment Final,128,0,2016-01-29,2026-08-28,14:00,cnsm,0.9375,Michigan Current Conditions Final,CL/ES/GC/HG/NG/NQ/RTY/SI,8.0,,,,TESTED,TESTED,NEVER,NEVER,,SCHEDULED-PRINT
Michigan Consumer Sentiment Prel,128,1,2016-01-15,2026-08-14,14:00,cnsm,0.953125,Michigan Current Conditions Prel,CL/ES/GC/HG/NG/NQ/RTY/SI,8.0,,,,TESTED,TESTED,NEVER,NEVER,,SCHEDULED-PRINT
Net Long-term TIC Flows,128,0,2016-01-19,2026-08-17,20:00,trd,1.0,Overall Net Capital Flows,CL/ES/GC/HG/NG/NQ/SI,7.0,,,,TESTED,TESTED,NEVER,NEVER,,SCHEDULED-PRINT
NY Empire State Manufacturing Index,128,0,2016-01-15,2026-08-17,12:30,bsnss,0.546875,Retail Sales YoY,CL/ES/GC/HG/NG/NQ/RTY/SI,8.0,,,,TESTED,TESTED,NEVER,NEVER,,SCHEDULED-PRINT
ISM Manufacturing PMI,128,1,2016-01-04,2026-08-03,14:00,bsnss,1.0,ISM Manufacturing New Orders,CL/ES/GC/HG/NG/NQ/RTY/SI,8.0,,,,TESTED,TESTED,NEVER,NEVER,,SCHEDULED-PRINT
Import Prices MoM,128,0,2016-01-14,2026-08-18,12:30,prce,1.0,Export Prices MoM,CL/ES/GC/HG/NG/NQ/RTY/SI,8.0,,,,TESTED,TESTED,NEVER,NEVER,,SCHEDULED-PRINT
Kansas Fed Manufacturing Index,128,-1,2016-01-28,2026-08-28,15:00,bsnss,0.515625,Kansas Fed Composite Index,,,,,,NEVER,NEVER,NEVER,NEVER,,SCHEDULED-PRINT
JOLTs Job Openings,128,1,2016-01-12,2026-08-04,14:00,lbr,0.78125,JOLTs Job Quits,CL/ES/GC/HG/NG/NQ/RTY/SI,8.0,,,,TESTED,TESTED,NEVER,NEVER,,SCHEDULED-PRINT
Manufacturing Production YoY,128,-1,2016-01-15,2026-08-18,13:15,bsnss,1.0,Industrial Production MoM,,,,,,NEVER,NEVER,NEVER,NEVER,,SCHEDULED-PRINT
Manufacturing Payrolls,128,-1,2016-01-08,2026-08-07,12:30,lbr,1.0,Non Farm Payrolls,CL/ES/GC/HG/NG/NQ/RTY/SI,8.0,,,,TESTED,TESTED,NEVER,NEVER,,SCHEDULED-PRINT
Industrial Production MoM,128,0,2016-01-15,2026-08-18,13:15,bsnss,1.0,Industrial Production YoY,CL/ES/GC/HG/NG/NQ/RTY/SI,8.0,,,,TESTED,TESTED,NEVER,NEVER,,SCHEDULED-PRINT
Industrial Production YoY,128,0,2016-01-15,2026-08-18,13:15,bsnss,1.0,Industrial Production MoM,,,,,,NEVER,NEVER,NEVER,NEVER,,SCHEDULED-PRINT
Imports,128,0,2016-01-06,2026-08-04,12:30,trd,1.0,Balance of Trade,,,,,,NEVER,NEVER,NEVER,NEVER,,SCHEDULED-PRINT
Import Prices YoY,128,0,2016-01-14,2026-08-18,12:30,prce,1.0,Import Prices MoM,,,,,,NEVER,NEVER,NEVER,NEVER,,SCHEDULED-PRINT
Government Payrolls,128,-1,2016-01-08,2026-08-07,12:30,lbr,1.0,Non Farm Payrolls,,,,,,NEVER,NEVER,NEVER,NEVER,,SCHEDULED-PRINT
Housing Starts MoM,128,0,2016-01-20,2026-08-18,12:30,hse,1.0,Housing Starts,,,,,,NEVER,NEVER,NEVER,NEVER,,SCHEDULED-PRINT
Housing Starts,128,1,2016-01-20,2026-08-18,12:30,hse,1.0,Housing Starts MoM,CL/ES/GC/HG/NG/NQ/RTY/SI,8.0,,,,TESTED,TESTED,NEVER,NEVER,,SCHEDULED-PRINT
House Price Index MoM,128,-1,2016-01-26,2026-08-25,13:00,hse,0.7265625,S&P/Case-Shiller Home Price MoM,CL/ES/GC/HG/NG/NQ/RTY/SI,8.0,,,,TESTED,TESTED,NEVER,NEVER,,SCHEDULED-PRINT
Foreign Bond Investment,128,0,2016-01-19,2026-08-17,20:00,mny,1.0,Overall Net Capital Flows,,,,,,NEVER,NEVER,NEVER,NEVER,,SCHEDULED-PRINT
ISM Manufacturing Prices,128,0,2016-01-04,2026-08-03,14:00,bsnss,1.0,ISM Manufacturing New Orders,CL/ES/GC/HG/NG/NQ/RTY/SI,8.0,,,,TESTED,TESTED,NEVER,NEVER,,SCHEDULED-PRINT
3-Year Note Auction,128,-1,2016-01-12,2026-08-11,17:00,bnd,0.1953125,6-Month Bill Auction,,,,,,NEVER,NEVER,NEVER,NEVER,,SCHEDULED-PRINT
7-Year Note Auction,128,-1,2016-01-28,2026-08-27,17:00,bnd,0.15625,Money Supply,,,,,,NEVER,NEVER,NEVER,NEVER,,SCHEDULED-PRINT
Balance of Trade,128,1,2016-01-06,2026-08-04,12:30,trd,1.0,Exports,CL/ES/GC/HG/NG/NQ/RTY/SI,8.0,,,,TESTED,TESTED,NEVER,NEVER,,SCHEDULED-PRINT
ADP Employment Change,128,0,2016-01-06,2026-08-05,12:15,lbr,0.0,,CL/ES/GC/HG/NG/NQ/RTY/SI,8.0,,,,TESTED,TESTED,NEVER,NEVER,,SCHEDULED-PRINT
5-Year Note Auction,128,-1,2016-01-27,2026-08-26,17:00,bnd,0.3828125,3-Month Bill Auction,,,,,,NEVER,NEVER,NEVER,NEVER,,SCHEDULED-PRINT
Average Hourly Earnings MoM,128,0,2016-01-08,2026-08-07,12:30,lbr,1.0,Non Farm Payrolls,CL/ES/GC/HG/NG/NQ/RTY/SI,8.0,,,,TESTED,TESTED,NEVER,NEVER,,SCHEDULED-PRINT
Average Weekly Hours,128,-1,2016-01-08,2026-08-07,12:30,lbr,1.0,Non Farm Payrolls,CL/ES/GC/HG/NG/NQ/RTY/SI,8.0,,,,TESTED,TESTED,NEVER,NEVER,,SCHEDULED-PRINT
Business Inventories MoM,128,0,2016-01-15,2026-08-14,14:00,bsnss,0.84375,Retail Inventories Ex Autos MoM,CL/ES/GC/HG/NG/NQ/RTY/SI,8.0,,,,TESTED,TESTED,NEVER,NEVER,,SCHEDULED-PRINT
CB Leading Index MoM,128,-1,2016-01-22,2026-08-20,14:00,gov,0.4453125,Existing Home Sales MoM,CL/ES/GC/HG/NG/NQ/RTY/SI,8.0,,,,TESTED,TESTED,NEVER,NEVER,,SCHEDULED-PRINT
30-Year Bond Auction,128,0,2016-01-14,2026-08-13,17:00,bnd,0.0703125,Fed Evans Speech,,,,,,NEVER,NEVER,NEVER,NEVER,,SCHEDULED-PRINT
Pending Home Sales YoY,128,0,2016-01-28,2026-08-18,14:00,hse,1.0,Pending Home Sales MoM,,,,,,NEVER,NEVER,NEVER,NEVER,,SCHEDULED-PRINT
Pending Home Sales MoM,128,0,2016-01-28,2026-08-18,14:00,hse,1.0,Pending Home Sales YoY,CL/ES/GC/HG/NG/NQ/RTY/SI,8.0,,,,TESTED,TESTED,NEVER,NEVER,,SCHEDULED-PRINT
New Home Sales MoM,128,0,2016-01-27,2026-08-25,14:00,hse,1.0,New Home Sales,CL/ES/GC/HG/NG/NQ/SI,7.0,,,,TESTED,TESTED,NEVER,NEVER,,SCHEDULED-PRINT
PCE Price Index MoM,128,0,2016-02-01,2026-08-26,12:30,prce,1.0,Core PCE Price Index YoY,CL/ES/GC/HG/NG/NQ/SI,7.0,,,,TESTED,TESTED,NEVER,NEVER,,SCHEDULED-PRINT
Core Inflation Rate YoY,127,1,2016-01-20,2026-08-12,12:30,prce,1.0,Core Inflation Rate MoM,CL/ES/GC/HG/NG/NQ/RTY/SI,8.0,,,,TESTED,TESTED,NEVER,NEVER,,SCHEDULED-PRINT
Core Inflation Rate MoM,127,1,2016-01-20,2026-08-12,12:30,prce,1.0,Inflation Rate YoY,CL/ES/GC/HG/NG/NQ/RTY/SI,8.0,,,,TESTED,TESTED,NEVER,NEVER,,SCHEDULED-PRINT
Participation Rate,127,0,2016-01-08,2026-08-07,12:30,lbr,1.0,Non Farm Payrolls,,,,,,NEVER,NEVER,NEVER,NEVER,,SCHEDULED-PRINT
Inflation Rate YoY,127,1,2016-01-20,2026-08-12,12:30,prce,1.0,Core Inflation Rate MoM,CL/ES/GC/HG/NG/NQ/RTY/SI,8.0,,,,TESTED,TESTED,NEVER,NEVER,,SCHEDULED-PRINT
Unemployment Rate,127,1,2016-01-08,2026-08-07,12:30,lbr,1.0,Non Farm Payrolls,CL/ES/GC/HG/NG/NQ/RTY/SI,8.0,,,,TESTED,TESTED,NEVER,NEVER,,SCHEDULED-PRINT
Durable Goods Orders Ex Transp MoM,127,0,2016-01-28,2026-08-26,12:30,bsnss,1.0,Durable Goods Orders MoM,CL/ES/GC/HG/NG/NQ/RTY/SI,8.0,,,,TESTED,TESTED,NEVER,NEVER,,SCHEDULED-PRINT
Fed Kaplan Speech,125,0,2016-02-04,2021-08-20,17:00,mny,0.16,Fed Bostic Speech,,,,,,NEVER,NEVER,NEVER,NEVER,,FUZZY (speech/testimony/minutes start-time)
Fed Bowman Speech,123,0,2019-02-11,2026-08-08,17:00,mny,0.24390243902439024,Fed Bostic Speech,,,,,,NEVER,NEVER,NEVER,NEVER,,FUZZY (speech/testimony/minutes start-time)
Total Vehicle Sales,123,0,2016-01-05,2026-08-03,00:00,bsnss,0.21951219512195122,Domestic Truck Sales,CL/ES/GC/HG/NG/NQ/SI,7.0,,,,TESTED,TESTED,NEVER,NEVER,,SCHEDULED-PRINT
Fed Bullard Speech,122,0,2016-01-14,2023-07-11,17:00,mny,0.1557377049180328,Import Prices MoM,,,,,,NEVER,NEVER,NEVER,NEVER,,FUZZY (speech/testimony/minutes start-time)
WASDE Report,122,-1,2016-01-12,2026-08-12,16:00,gov,0.1557377049180328,15-Year Mortgage Rate,,,,,,NEVER,NEVER,NEVER,NEVER,,SCHEDULED-PRINT
Fed Barkin Speech,121,0,2018-05-07,2026-08-13,13:00,mny,0.256198347107438,Fed Bostic Speech,,,,,,NEVER,NEVER,NEVER,NEVER,,FUZZY (speech/testimony/minutes start-time)
Fed Harker Speech,120,0,2016-02-16,2025-06-05,14:00,mny,0.24166666666666667,Baker Hughes Oil Rig Count,,,,,,NEVER,NEVER,NEVER,NEVER,,FUZZY (speech/testimony/minutes start-time)
Durable Goods Orders ex Defense MoM,116,-1,2017-01-27,2026-08-26,12:30,bsnss,1.0,Durable Goods Orders MoM,,,,,,NEVER,NEVER,NEVER,NEVER,,SCHEDULED-PRINT
Wholesale Inventories MoM Adv,115,0,2016-10-26,2026-08-27,12:30,bsnss,1.0,Goods Trade Balance Adv,CL/ES/GC/HG/NG/NQ/SI,7.0,,,,TESTED,TESTED,NEVER,NEVER,,SCHEDULED-PRINT
Michigan Current Conditions Prel,113,0,2017-04-13,2026-08-14,14:00,cnsm,1.0,Michigan Inflation Expectations Prel,CL/ES/GC/HG/NG/NQ/RTY/SI,8.0,,,,TESTED,TESTED,NEVER,NEVER,,SCHEDULED-PRINT
Michigan 5 Year Inflation Expectations Prel,113,0,2017-04-13,2026-08-14,14:00,prce,1.0,Michigan Current Conditions Prel,,,,,,NEVER,NEVER,NEVER,NEVER,,SCHEDULED-PRINT
Michigan Consumer Expectations Final,113,0,2017-04-28,2026-08-28,14:00,cnsm,1.0,Michigan Current Conditions Final,CL/ES/GC/HG/NG/NQ/RTY/SI,8.0,,,,TESTED,TESTED,NEVER,NEVER,,SCHEDULED-PRINT
Fed Balance Sheet,113,-1,2024-06-27,2026-08-27,20:30,mny,0.017699115044247787,Fed Barkin Speech,,,,,,NEVER,NEVER,NEVER,NEVER,,SCHEDULED-PRINT
Michigan 5 Year Inflation Expectations Final,113,0,2017-04-28,2026-08-28,14:00,prce,1.0,Michigan Current Conditions Final,,,,,,NEVER,NEVER,NEVER,NEVER,,SCHEDULED-PRINT
Michigan Current Conditions Final,113,0,2017-04-28,2026-08-28,14:00,cnsm,1.0,Michigan Consumer Expectations Final,CL/ES/GC/HG/NG/NQ/RTY/SI,8.0,,,,TESTED,TESTED,NEVER,NEVER,,SCHEDULED-PRINT
Michigan Inflation Expectations Final,113,0,2017-04-28,2026-08-28,14:00,prce,1.0,Michigan Current Conditions Final,,,,,,NEVER,NEVER,NEVER,NEVER,,SCHEDULED-PRINT
Personal Income MoM,113,1,2017-05-01,2026-08-26,12:30,cnsm,1.0,PCE Price Index MoM,CL/ES/GC/HG/NG/NQ/RTY/SI,8.0,,,,TESTED,TESTED,NEVER,NEVER,,SCHEDULED-PRINT
Michigan Inflation Expectations Prel,113,0,2017-04-13,2026-08-14,14:00,prce,1.0,Michigan Current Conditions Prel,,,,,,NEVER,NEVER,NEVER,NEVER,,SCHEDULED-PRINT
Goods Trade Balance Adv,112,0,2016-11-25,2026-08-27,12:30,trd,1.0,Wholesale Inventories MoM Adv,CL/ES/GC/HG/NG/NQ/SI,7.0,,,,TESTED,TESTED,NEVER,NEVER,,SCHEDULED-PRINT
Michigan Consumer Expectations Prel,112,0,2017-04-13,2026-08-14,14:00,cnsm,1.0,Michigan Current Conditions Prel,CL/ES/GC/HG/NG/NQ/RTY/SI,8.0,,,,TESTED,TESTED,NEVER,NEVER,,SCHEDULED-PRINT
Consumer Inflation Expectations,112,-1,2017-05-08,2026-08-07,15:00,prce,0.026785714285714284,Fed Bullard Speech,,,,,,NEVER,NEVER,NEVER,NEVER,,SCHEDULED-PRINT
Fed Chair Powell Speech,111,1,2018-04-06,2026-03-30,14:00,mny,0.15315315315315314,New Home Sales,,,,,,NEVER,NEVER,NEVER,NEVER,,FUZZY (speech/testimony/minutes start-time)
Average Hourly Earnings YoY,109,0,2017-08-04,2026-08-07,12:30,lbr,1.0,Non Farm Payrolls,CL/ES/GC/HG/NG/NQ/RTY/SI,8.0,,,,TESTED,TESTED,NEVER,NEVER,,SCHEDULED-PRINT
42-Day Bill Auction,107,-1,2020-05-05,2025-02-18,15:30,gov,0.5981308411214953,119-Day Bill Auction,,,,,,NEVER,NEVER,NEVER,NEVER,,SCHEDULED-PRINT
Fed Daly Speech,104,0,2018-10-16,2026-06-04,18:00,mny,0.20192307692307693,3-Month Bill Auction,,,,,,NEVER,NEVER,NEVER,NEVER,,FUZZY (speech/testimony/minutes start-time)
Fed Waller Speech,99,0,2021-03-29,2026-07-13,15:00,mny,0.15151515151515152,Fed Daly Speech,,,,,,NEVER,NEVER,NEVER,NEVER,,FUZZY (speech/testimony/minutes start-time)
IBD/TIPP Economic Optimism,95,0,2016-01-12,2023-10-03,14:00,cnsm,0.5894736842105263,JOLTs Job Openings,CL/ES/GC/HG/NQ/SI,6.0,,,,TESTED,TESTED,NEVER,NEVER,,SCHEDULED-PRINT
Manufacturing Production MoM,93,-1,2018-12-14,2026-08-18,13:15,bsnss,1.0,Industrial Production YoY,CL/ES/GC/HG/NG/NQ/RTY/SI,8.0,,,,TESTED,TESTED,NEVER,NEVER,,SCHEDULED-PRINT
ISM Non-Manufacturing New Orders,88,0,2016-01-06,2023-04-05,14:00,bsnss,1.0,ISM Non-Manufacturing Business Activity,,,,,,NEVER,NEVER,NEVER,NEVER,,SCHEDULED-PRINT
ISM Non-Manufacturing PMI,88,1,2016-01-06,2023-04-05,14:00,bsnss,1.0,ISM Non-Manufacturing Business Activity,CL/ES/GC/HG/NG/NQ/RTY/SI,8.0,,,,TESTED,TESTED,NEVER,NEVER,,SCHEDULED-PRINT
ISM Non-Manufacturing Business Activity,88,0,2016-01-06,2023-04-05,14:00,bsnss,1.0,ISM Non-Manufacturing PMI,CL/ES/GC/HG/NG/NQ/SI,7.0,,,,TESTED,TESTED,NEVER,NEVER,,SCHEDULED-PRINT
ISM Non-Manufacturing Prices,88,0,2016-01-06,2023-04-05,14:00,bsnss,1.0,ISM Non-Manufacturing Business Activity,,,,,,NEVER,NEVER,NEVER,NEVER,,SCHEDULED-PRINT
ISM Non-Manufacturing Employment,88,0,2016-01-06,2023-04-05,14:00,bsnss,1.0,ISM Non-Manufacturing Business Activity,,,,,,NEVER,NEVER,NEVER,NEVER,,SCHEDULED-PRINT
FOMC Minutes,86,1,2016-01-06,2026-08-19,18:00,mny,0.08139534883720931,Monthly Budget Statement,,,,,,NEVER,NEVER,NEVER,NEVER,,SCHEDULED-PRINT
Building Permits,82,1,2016-01-20,2022-10-19,12:30,hse,1.0,Housing Starts MoM,CL/ES/GC/HG/NG/NQ/SI,7.0,,,,TESTED,TESTED,NEVER,NEVER,,SCHEDULED-PRINT
Building Permits MoM,82,0,2016-01-20,2022-10-19,12:30,hse,1.0,Housing Starts MoM,,,,,,NEVER,NEVER,NEVER,NEVER,,SCHEDULED-PRINT
Fed Brainard Speech,81,0,2016-03-07,2023-01-19,18:00,mny,0.20987654320987653,30-Year Bond Auction,,,,,,NEVER,NEVER,NEVER,NEVER,,FUZZY (speech/testimony/minutes start-time)
2-Year FRN Auction,80,-1,2020-01-28,2026-08-26,15:30,gov,0.75,17-Week Bill Auction,,,,,,NEVER,NEVER,NEVER,NEVER,,SCHEDULED-PRINT
Fed Barr Speech,80,0,2022-09-07,2026-07-14,14:00,mny,0.2,Wholesale Inventories MoM,,,,,,NEVER,NEVER,NEVER,NEVER,,FUZZY (speech/testimony/minutes start-time)
Fed Beige Book,79,0,2016-01-13,2026-07-15,18:00,mny,0.10126582278481013,Monthly Budget Statement,,,,,,NEVER,NEVER,NEVER,NEVER,,FUZZY (speech/testimony/minutes start-time)
20-Year Bond Auction,76,-1,2020-05-20,2026-08-19,17:00,bnd,0.07894736842105263,Fed Bowman Speech,,,,,,NEVER,NEVER,NEVER,NEVER,,SCHEDULED-PRINT
Markit Services PMI Flash,75,1,2016-01-26,2022-03-24,13:45,bsnss,1.0,Markit Composite PMI Flash,,,,,,NEVER,NEVER,NEVER,NEVER,,SCHEDULED-PRINT
Markit Manufacturing PMI Final,75,0,2016-01-04,2022-03-01,13:45,bsnss,0.0,,,,,,,NEVER,NEVER,NEVER,NEVER,,SCHEDULED-PRINT
Markit Manufacturing PMI Flash,75,1,2016-01-22,2022-03-24,13:45,bsnss,0.8266666666666667,Markit Composite PMI Flash,,,,,,NEVER,NEVER,NEVER,NEVER,,SCHEDULED-PRINT
Markit Services PMI Final,75,0,2016-01-06,2022-03-03,13:45,bsnss,1.0,Markit Composite PMI Final,,,,,,NEVER,NEVER,NEVER,NEVER,,SCHEDULED-PRINT
Markit Composite PMI Flash,75,1,2016-01-26,2022-03-24,13:45,bsnss,1.0,Markit Services PMI Flash,,,,,,NEVER,NEVER,NEVER,NEVER,,SCHEDULED-PRINT
Markit Composite PMI Final,75,0,2016-01-06,2022-03-03,13:45,bsnss,1.0,Markit Services PMI Final,,,,,,NEVER,NEVER,NEVER,NEVER,,SCHEDULED-PRINT
House Price Index YoY,72,-1,2020-09-23,2026-08-25,13:00,hse,1.0,House Price Index MoM,,,,,,NEVER,NEVER,NEVER,NEVER,,SCHEDULED-PRINT
Fed Press Conference,68,1,2016-03-16,2026-07-29,18:30,mny,0.0,,,,,,,NEVER,NEVER,NEVER,NEVER,,FUZZY (speech/testimony/minutes start-time)
CPI,67,0,2021-01-13,2026-08-12,12:30,prce,1.0,Core Inflation Rate MoM,CL/ES/GC/HG/NG/NQ/RTY/SI,8.0,,,,TESTED,TESTED,NEVER,NEVER,,SCHEDULED-PRINT
ISM New York Index,64,-1,2016-01-05,2021-04-05,13:45,,0.015625,Markit Services PMI Final,,,,,,NEVER,NEVER,NEVER,NEVER,,SCHEDULED-PRINT
LMI Logistics Managers Index,63,-1,2021-06-01,2026-08-04,10:00,bsnss,0.0,,,,,,,NEVER,NEVER,NEVER,NEVER,,SCHEDULED-PRINT
Retail Sales Ex Gas/Autos MoM,61,-1,2016-04-13,2026-08-14,12:30,cnsm,1.0,Retail Sales YoY,,,,,,NEVER,NEVER,NEVER,NEVER,,SCHEDULED-PRINT
Fed Quarles Speech,61,0,2017-11-30,2021-12-02,14:00,mny,0.2459016393442623,Baker Hughes Oil Rig Count,,,,,,NEVER,NEVER,NEVER,NEVER,,FUZZY (speech/testimony/minutes start-time)
Philly Fed Prices Paid,59,-1,2021-10-21,2026-08-20,12:30,bsnss,1.0,Philadelphia Fed Manufacturing Index,,,,,,NEVER,NEVER,NEVER,NEVER,,SCHEDULED-PRINT
Non Defense Goods Orders Ex Air,59,-1,2021-10-27,2026-08-26,12:30,bsnss,1.0,Durable Goods Orders MoM,CL/ES/GC/HG/NG/NQ/RTY/SI,8.0,,,,TESTED,TESTED,NEVER,NEVER,,SCHEDULED-PRINT
Philly Fed Employment,59,0,2021-10-21,2026-08-20,12:30,bsnss,1.0,Philly Fed Prices Paid,,,,,,NEVER,NEVER,NEVER,NEVER,,SCHEDULED-PRINT
Kansas Fed Composite Index,59,-1,2021-10-28,2026-08-28,15:00,bsnss,1.0,Kansas Fed Manufacturing Index,,,,,,NEVER,NEVER,NEVER,NEVER,,SCHEDULED-PRINT
Philly Fed New Orders,59,-1,2021-10-21,2026-08-20,12:30,bsnss,1.0,Philly Fed Prices Paid,,,,,,NEVER,NEVER,NEVER,NEVER,,SCHEDULED-PRINT
Philly Fed CAPEX Index,59,-1,2021-10-21,2026-08-20,12:30,bsnss,1.0,Philly Fed Prices Paid,,,,,,NEVER,NEVER,NEVER,NEVER,,SCHEDULED-PRINT
Philly Fed Business Conditions,59,-1,2021-10-21,2026-08-20,12:30,bsnss,1.0,Philly Fed Prices Paid,,,,,,NEVER,NEVER,NEVER,NEVER,,SCHEDULED-PRINT
Richmond Fed Manufacturing Shipments Index,59,-1,2021-10-26,2026-08-25,14:00,bsnss,1.0,Richmond Fed Manufacturing Index,,,,,,NEVER,NEVER,NEVER,NEVER,,SCHEDULED-PRINT
Retail Inventories Ex Autos MoM,58,-1,2021-11-16,2026-08-14,14:00,bsnss,1.0,Business Inventories MoM,,,,,,NEVER,NEVER,NEVER,NEVER,,SCHEDULED-PRINT
Dallas Fed Services Index,58,-1,2021-10-26,2026-07-28,14:30,bsnss,1.0,Dallas Fed Services Revenues Index,,,,,,NEVER,NEVER,NEVER,NEVER,,SCHEDULED-PRINT
Dallas Fed Services Revenues Index,58,-1,2021-10-26,2026-07-28,14:30,bsnss,1.0,Dallas Fed Services Index,,,,,,NEVER,NEVER,NEVER,NEVER,,SCHEDULED-PRINT
House Price Index,58,-1,2021-11-30,2026-08-25,13:00,hse,1.0,S&P/Case-Shiller Home Price MoM,,,,,,NEVER,NEVER,NEVER,NEVER,,SCHEDULED-PRINT
JOLTs Job Quits,57,-1,2021-12-08,2026-08-04,14:00,lbr,1.0,JOLTs Job Openings,,,,,,NEVER,NEVER,NEVER,NEVER,,SCHEDULED-PRINT
Fed Goolsbee Speech,57,0,2023-06-21,2026-07-14,15:00,mny,0.2807017543859649,Fed Bowman Speech,,,,,,NEVER,NEVER,NEVER,NEVER,,FUZZY (speech/testimony/minutes start-time)
Retail Inventories Ex Autos MoM Adv,57,0,2021-10-27,2026-08-27,12:30,bsnss,1.0,Wholesale Inventories MoM Adv,,,,,,NEVER,NEVER,NEVER,NEVER,,SCHEDULED-PRINT
Fed Cook Speech,55,0,2022-10-20,2026-08-05,17:00,mny,0.18181818181818182,Fed Bostic Speech,,,,,,NEVER,NEVER,NEVER,NEVER,,FUZZY (speech/testimony/minutes start-time)
119-Day Bill Auction,55,-1,2020-04-14,2021-10-20,15:30,gov,0.8545454545454545,42-Day Bill Auction,,,,,,NEVER,NEVER,NEVER,NEVER,,SCHEDULED-PRINT
Fed Dudley Speech,54,0,2016-01-15,2018-06-18,12:30,mny,0.14814814814814814,CB Leading Index MoM,,,,,,NEVER,NEVER,NEVER,NEVER,,FUZZY (speech/testimony/minutes start-time)
S&P Global Services PMI Flash,53,0,2022-04-22,2026-08-21,13:45,,1.0,S&P Global Manufacturing PMI Flash,,,,,,NEVER,NEVER,NEVER,NEVER,,SCHEDULED-PRINT
S&P Global Manufacturing PMI Flash,53,0,2022-04-22,2026-08-21,13:45,,1.0,S&P Global Composite PMI Flash,,,,,,NEVER,NEVER,NEVER,NEVER,,SCHEDULED-PRINT
S&P Global Services PMI Final,53,0,2022-04-05,2026-08-05,13:45,,1.0,S&P Global Composite PMI Final,,,,,,NEVER,NEVER,NEVER,NEVER,,SCHEDULED-PRINT
S&P Global Composite PMI Final,53,0,2022-04-05,2026-08-05,13:45,,1.0,S&P Global Services PMI Final,,,,,,NEVER,NEVER,NEVER,NEVER,,SCHEDULED-PRINT
S&P Global Manufacturing PMI Final,53,0,2022-04-01,2026-08-03,13:45,,0.0,,,,,,,NEVER,NEVER,NEVER,NEVER,,SCHEDULED-PRINT
S&P Global Composite PMI Flash,53,0,2022-04-22,2026-08-21,13:45,,1.0,S&P Global Manufacturing PMI Flash,,,,,,NEVER,NEVER,NEVER,NEVER,,SCHEDULED-PRINT
10-Year TIPS Auction,51,-1,2016-07-21,2026-07-23,17:00,bnd,0.0392156862745098,Fed Bostic Speech,,,,,,NEVER,NEVER,NEVER,NEVER,,SCHEDULED-PRINT
Fed Logan Speech,51,0,2022-06-02,2026-07-16,16:00,mny,0.1568627450980392,Fed Williams Speech,,,,,,NEVER,NEVER,NEVER,NEVER,,FUZZY (speech/testimony/minutes start-time)
Fed Clarida Speech,50,0,2018-10-25,2021-11-30,13:00,mny,0.22,Fed Quarles Speech,,,,,,NEVER,NEVER,NEVER,NEVER,,FUZZY (speech/testimony/minutes start-time)
Fed Rosengren Speech,50,0,2016-01-13,2021-05-05,12:30,mny,0.2,Retail Sales YoY,,,,,,NEVER,NEVER,NEVER,NEVER,,FUZZY (speech/testimony/minutes start-time)
Fed Chair Powell Testimony,49,1,2018-02-27,2025-06-25,15:00,mny,0.5918367346938775,CB Consumer Confidence,,,,,,NEVER,NEVER,NEVER,NEVER,,FUZZY (speech/testimony/minutes start-time)
Building Permits MoM Prel,46,0,2022-11-17,2026-08-18,12:30,hse,1.0,Building Permits Prel,,,,,,NEVER,NEVER,NEVER,NEVER,,SCHEDULED-PRINT
Building Permits Prel,46,1,2022-11-17,2026-08-18,12:30,hse,1.0,Building Permits MoM Prel,,,,,,NEVER,NEVER,NEVER,NEVER,,SCHEDULED-PRINT
Building Permits MoM Final,46,-1,2022-10-26,2026-08-25,12:30,hse,0.9782608695652174,Building Permits Final,,,,,,NEVER,NEVER,NEVER,NEVER,,SCHEDULED-PRINT
Building Permits Final,44,0,2022-10-26,2026-08-25,12:30,hse,1.0,Building Permits MoM Final,,,,,,NEVER,NEVER,NEVER,NEVER,,SCHEDULED-PRINT
Fed George Speech,44,0,2016-02-02,2022-11-22,18:00,mny,0.25,Fed Kaplan Speech,,,,,,NEVER,NEVER,NEVER,NEVER,,FUZZY (speech/testimony/minutes start-time)
Employment Cost Index QoQ,43,0,2016-01-29,2026-07-31,12:30,lbr,0.9767441860465116,Employment Cost - Benefits QoQ,,,,,,NEVER,NEVER,NEVER,NEVER,,SCHEDULED-PRINT
Current Account,42,0,2016-03-17,2026-06-24,12:30,trd,0.6190476190476191,Continuing Jobless Claims,,,,,,NEVER,NEVER,NEVER,NEVER,,SCHEDULED-PRINT
Core PCE Prices QoQ Final,42,-1,2016-03-25,2026-06-25,12:30,prce,1.0,GDP Growth Rate QoQ Final,,,,,,NEVER,NEVER,NEVER,NEVER,,SCHEDULED-PRINT
Used Car Prices YoY,42,-1,2023-03-07,2026-08-07,13:00,cnsm,1.0,Used Car Prices MoM,,,,,,NEVER,NEVER,NEVER,NEVER,,SCHEDULED-PRINT
Used Car Prices MoM,42,-1,2023-03-07,2026-08-07,13:00,cnsm,1.0,Used Car Prices YoY,,,,,,NEVER,NEVER,NEVER,NEVER,,SCHEDULED-PRINT
PCE Prices QoQ Final,42,-1,2016-03-25,2026-06-25,12:30,prce,1.0,GDP Growth Rate QoQ Final,,,,,,NEVER,NEVER,NEVER,NEVER,,SCHEDULED-PRINT
Core PCE Prices QoQ Adv,42,-1,2016-01-29,2026-07-30,12:30,prce,1.0,GDP Growth Rate QoQ Adv,,,,,,NEVER,NEVER,NEVER,NEVER,,SCHEDULED-PRINT
Unit Labour Costs QoQ Prel,42,0,2016-02-04,2026-08-06,12:30,lbr,1.0,Nonfarm Productivity QoQ Prel,,,,,,NEVER,NEVER,NEVER,NEVER,,SCHEDULED-PRINT
GDP Growth Rate QoQ Adv,42,1,2016-01-29,2026-07-30,12:30,gdp,1.0,Core PCE Prices QoQ Adv,,,,,,NEVER,NEVER,NEVER,NEVER,,SCHEDULED-PRINT
GDP Growth Rate QoQ Final,42,1,2016-03-25,2026-06-25,12:30,gdp,1.0,Core PCE Prices QoQ Final,,,,,,NEVER,NEVER,NEVER,NEVER,,SCHEDULED-PRINT
GDP Price Index QoQ Final,42,0,2016-03-25,2026-06-25,12:30,prce,1.0,GDP Growth Rate QoQ Final,,,,,,NEVER,NEVER,NEVER,NEVER,,SCHEDULED-PRINT
Nonfarm Productivity QoQ Prel,42,0,2016-02-04,2026-08-06,12:30,lbr,1.0,Unit Labour Costs QoQ Prel,,,,,,NEVER,NEVER,NEVER,NEVER,,SCHEDULED-PRINT
Nonfarm Productivity QoQ Final,41,0,2016-03-03,2026-06-04,12:30,lbr,1.0,Unit Labour Costs QoQ Final,,,,,,NEVER,NEVER,NEVER,NEVER,,SCHEDULED-PRINT
CPI s.a,41,0,2023-03-14,2026-08-12,12:30,prce,1.0,Core Inflation Rate MoM,,,,,,NEVER,NEVER,NEVER,NEVER,,SCHEDULED-PRINT
FOMC Economic Projections,41,1,2016-03-16,2026-06-17,18:00,mny,1.0,Fed Interest Rate Decision,,,,,,NEVER,NEVER,NEVER,NEVER,,SCHEDULED-PRINT
GDP Price Index QoQ 2nd Est,41,0,2016-02-26,2026-08-26,12:30,prce,1.0,GDP Growth Rate QoQ 2nd Est,,,,,,NEVER,NEVER,NEVER,NEVER,,SCHEDULED-PRINT
PCE Prices QoQ Adv,41,-1,2016-01-29,2026-07-30,12:30,prce,1.0,GDP Growth Rate QoQ Adv,,,,,,NEVER,NEVER,NEVER,NEVER,,SCHEDULED-PRINT
GDP Price Index QoQ Adv,41,0,2016-01-29,2026-07-30,12:30,prce,1.0,GDP Growth Rate QoQ Adv,,,,,,NEVER,NEVER,NEVER,NEVER,,SCHEDULED-PRINT
GDP Growth Rate QoQ 2nd Est,41,1,2016-02-26,2026-08-26,12:30,gdp,1.0,GDP Price Index QoQ 2nd Est,,,,,,NEVER,NEVER,NEVER,NEVER,,SCHEDULED-PRINT
Unit Labour Costs QoQ Final,41,0,2016-03-03,2026-06-04,12:30,lbr,1.0,Nonfarm Productivity QoQ Final,,,,,,NEVER,NEVER,NEVER,NEVER,,SCHEDULED-PRINT
Fed Jefferson Speech,40,0,2022-10-04,2026-07-16,13:00,mny,0.2,Fed Mester Speech,,,,,,NEVER,NEVER,NEVER,NEVER,,FUZZY (speech/testimony/minutes start-time)
Jobless Claims 4-Week Average,40,0,2020-04-02,2020-12-31,12:30,lbr,1.0,Initial Jobless Claims,,,,,,NEVER,NEVER,NEVER,NEVER,,SCHEDULED-PRINT
ISM Services New Orders,40,-1,2023-05-03,2026-08-05,14:00,bsnss,1.0,ISM Services Prices,,,,,,NEVER,NEVER,NEVER,NEVER,,SCHEDULED-PRINT
ISM Services Employment,40,0,2023-05-03,2026-08-05,14:00,bsnss,1.0,ISM Services Prices,,,,,,NEVER,NEVER,NEVER,NEVER,,SCHEDULED-PRINT
ISM Services Prices,40,-1,2023-05-03,2026-08-05,14:00,bsnss,1.0,ISM Services PMI,,,,,,NEVER,NEVER,NEVER,NEVER,,SCHEDULED-PRINT
ISM Services PMI,40,1,2023-05-03,2026-08-05,14:00,bsnss,1.0,ISM Services Prices,,,,,,NEVER,NEVER,NEVER,NEVER,,SCHEDULED-PRINT
ISM Services Business Activity,40,-1,2023-05-03,2026-08-05,14:00,bsnss,1.0,ISM Services Prices,,,,,,NEVER,NEVER,NEVER,NEVER,,SCHEDULED-PRINT
