anchor,tier,clock,n_moments,n_filled,gross_mean,net_stressed_mean,t,p,alpha,half1_gross,half2_gross,mde_usd,jump_ratio,jump_ok,ctrl_mean_net,ctrl_p,floor_ok,noise_p,noise_ok,verdict,t2_fdr_pass
GRID API Crude Oil Stock Change,2,16:30,454,409,-0.6456723716380595,-43.14567237163806,-15.616987409691388,5.57795725155253e-55,0.05,-2.9742156862744284,1.6715121951220342,7.740050933163761,1.0,False,-45.668603988603884,1.1356996820305566e-54,True,0.174,False,VOID-TIMESTAMP,True
GRID Durable Goods Orders MoM,2,08:30,127,127,0.7859055118112177,-41.71409448818878,-6.546770849938214,5.879447053419207e-11,0.05,2.6807936507938157,-1.0793749999997777,17.850875372672004,0.999999999999778,False,-40.99644155844165,3.7190411208413824e-32,False,0.503,False,VOID-TIMESTAMP,True
GRID EIA Crude Oil Stocks Change,2,10:30,551,551,1.407422867513649,-41.092577132486355,-13.234950150888196,5.513330489874131e-40,0.05,4.776036363636328,-1.948985507246265,8.698510790459636,1.000000000000222,False,-43.88967914438491,2.348040883577668e-33,True,0.16,False,VOID-TIMESTAMP,True
GRID Fed Interest Rate Decision,2,14:00,84,84,12.096071428571745,-30.40392857142825,-3.202094776861004,0.0013643210199251713,0.05,-1.1371428571427784,25.329285714286275,26.601085481950786,1.0000000000000555,False,-43.50968253968247,5.7547073423889104e-36,True,0.039,False,VOID-TIMESTAMP,True
GRID Inflation Rate MoM,2,08:30,118,115,6.921217391304364,-35.578782608695626,-4.668888115917504,3.0283423597626065e-06,0.05,-4.028070175438535,17.681724137931003,21.34919256712533,0.999999999999889,False,-40.99644155844165,3.7190411208413824e-32,True,0.217,False,VOID-TIMESTAMP,True
GRID Non Farm Payrolls,2,08:30,127,124,-6.59887096774204,-49.09887096774203,-8.47532852720904,2.344170601822436e-17,0.05,-6.639193548387252,-6.558548387096828,16.23001052097155,1.0,False,-40.99644155844165,3.7190411208413824e-32,False,0.924,False,VOID-TIMESTAMP,True
GRID Retail Sales MoM,2,08:30,113,113,-4.344955752212416,-46.84495575221242,-7.276147737728853,3.4348741641667834e-13,0.05,-6.7744642857146635,-1.9580701754382805,18.037035577550835,1.0,False,-40.99644155844165,3.7190411208413824e-32,False,0.803,False,VOID-TIMESTAMP,True
Initial Jobless Claims,1,08:30,435,434,-1.7689170506911616,-44.26891705069116,-13.22173687386154,6.572842652824468e-40,0.05,-3.2653456221198813,-0.2724884792624407,9.380245942479556,1.0,False,-40.99644155844165,3.7190411208413824e-32,False,0.834,False,VOID-TIMESTAMP,False
PPI MoM,1,08:30,103,103,9.270776699028668,-33.22922330097133,-3.901765214429124,9.549375798492746e-05,0.05,1.6947058823525838,16.701153846153286,23.85958552541513,1.0,False,-40.99644155844165,3.7190411208413824e-32,True,0.13,False,VOID-TIMESTAMP,False
Core PCE Price Index MoM,1,08:30,114,113,0.6611504424781524,-41.83884955752184,-5.942279970376559,2.8108480861527106e-09,0.05,-10.304642857143023,11.434561403509484,19.725610889801423,0.999999999999778,False,-40.99644155844165,3.7190411208413824e-32,False,0.555,False,VOID-TIMESTAMP,False
GDP Growth Rate QoQ Adv,1,08:30,33,33,0.4142424242420563,-42.08575757575795,-3.3694258646626842,0.000753249508169756,0.05,-6.85000000000005,7.251176470587569,34.993153458213136,0.999999999999889,False,-40.99644155844165,3.7190411208413824e-32,False,0.55,False,VOID-TIMESTAMP,False
ISM Manufacturing PMI,1,10:00,128,128,-4.5479687500000505,-47.04796875000005,-8.42521255073382,3.6009596383904594e-17,0.05,-0.9148437500000952,-8.181093750000006,15.644577870654034,1.2499999999999445,True,-50.69881266490765,8.364275126105269e-60,True,0.239,False,SIGNIFICANT-NEGATIVE (p=3.6e-17),False
ISM Services PMI,1,10:00,128,128,0.9344531250000454,-41.56554687499995,-6.692569112806282,2.1928612241861028e-11,0.05,5.340468750000099,-3.47156250000001,17.399808619900146,1.499999999999667,True,-50.69881266490765,8.364275126105269e-60,True,0.047,False,SIGNIFICANT-NEGATIVE (p=2.2e-11),False
JOLTs Job Openings,1,10:00,127,127,0.23346456692896533,-42.26653543307103,-6.475187504863859,9.469427410015207e-11,0.05,-3.68714285714278,4.092812499999592,18.2872389150446,1.0,False,-50.69881266490765,8.364275126105269e-60,True,0.065,False,VOID-TIMESTAMP,False
Michigan Consumer Sentiment Prel,1,10:00,127,127,2.140236220472503,-40.35976377952749,-6.395500983016312,1.6002181246308473e-10,0.05,3.8484126984126052,0.4587500000002157,17.67982179052772,0.999999999999889,False,-50.69881266490765,8.364275126105269e-60,True,0.026,False,VOID-TIMESTAMP,False
ADP Employment Change,1,08:15,126,126,9.545873015873006,-32.954126984126994,-4.777818000654643,1.772076623193815e-06,0.05,4.368888888888551,14.722857142857459,19.32342233339176,1.000000000000111,False,-33.31362944162439,6.167074633488192e-19,True,0.484,False,VOID-TIMESTAMP,False
FOMC Minutes,1,14:00,85,85,9.69482352941192,-32.80517647058808,-3.6366428876389216,0.00027621445050807154,0.05,-3.1178571428571615,22.209534883721254,25.272346045869472,0.500000000000222,False,-43.50968253968247,5.7547073423889104e-36,True,0.08,False,VOID-TIMESTAMP,False
10-Year Note Auction,2,13:00,108,108,2.3443518518519855,-40.15564814814802,-5.849544469339696,4.9292109029720195e-09,0.05,6.122592592592702,-1.433888888888737,19.23217626513129,1.0,False,-36.40787012987005,4.367169335715973e-22,False,0.681,False,VOID-TIMESTAMP,True
10-Year TIPS Auction,2,13:00,50,49,22.81918367346927,-19.68081632653073,-1.5193684785668562,0.12866977165331314,0.05,18.35583333333344,27.103999999999658,36.28973806752655,1.000000000000111,False,-36.40787012987005,4.367169335715973e-22,True,0.06,False,VOID-TIMESTAMP,False
15-Year Mortgage Rate,2,12:00,150,150,-1.756200000000089,-44.256200000000085,-9.136300040423649,6.462556417468935e-20,0.05,2.046266666666372,-5.55866666666655,13.570867332918647,1.000000000000111,False,-43.34730964467007,1.381724086020777e-40,False,0.555,False,VOID-TIMESTAMP,True
17-Week Bill Auction,2,11:30,193,193,-4.023108808289931,-46.523108808289926,-10.494304980322587,9.175043447093783e-26,0.05,-1.133749999999804,-6.882680412370881,12.419922445221387,1.000000000000222,False,-40.62067010309262,5.197735989271766e-29,False,0.879,False,VOID-TIMESTAMP,True
2-Year Note Auction,2,13:00,91,90,-15.902111111111063,-58.402111111111054,-10.790451225355099,3.819097773073292e-27,0.05,-11.43333333333348,-20.37088888888864,15.163266838542565,0.500000000000222,False,-36.40787012987005,4.367169335715973e-22,False,0.998,False,VOID-TIMESTAMP,True
20-Year Bond Auction,2,13:00,71,71,-4.900281690140897,-47.4002816901409,-5.403451308876926,6.537070669656701e-08,0.05,-5.389714285714726,-4.424444444444121,24.576131246729943,1.5,True,-36.40787012987005,4.367169335715973e-22,False,0.91,False,SIGNIFICANT-NEGATIVE (p=6.5e-08),True
3-Year Note Auction,2,13:00,106,106,3.269716981132285,-39.23028301886771,-5.762745743150294,8.275641881922951e-09,0.05,-0.03999999999976789,6.5794339622643365,19.071981644769668,1.0,False,-36.40787012987005,4.367169335715973e-22,False,0.657,False,VOID-TIMESTAMP,True
30-Year Bond Auction,2,13:00,123,123,11.515040650406824,-30.98495934959318,-4.201119053451338,2.6559886703014803e-05,0.05,-3.3247540983604735,26.115483870968202,20.66282888343172,1.0,False,-36.40787012987005,4.367169335715973e-22,True,0.204,False,VOID-TIMESTAMP,True
4-Week Bill Auction,2,11:30,545,545,-0.8127339449540355,-43.31273394495403,-14.668154874120702,1.0311096849369593e-48,0.05,3.9167647058825397,-5.524908424908426,8.27263662330958,1.000000000000111,False,-40.62067010309262,5.197735989271766e-29,False,0.812,False,VOID-TIMESTAMP,True
42-Day Bill Auction,2,11:30,84,83,11.143373493975819,-31.356626506024178,-4.6209110464916625,3.820585732632206e-06,0.05,-1.2636585365852824,23.25499999999975,19.0110262777888,1.000000000000222,False,-40.62067010309262,5.197735989271766e-29,True,0.115,False,VOID-TIMESTAMP,True
5-Year Note Auction,2,13:00,100,100,-3.7058999999998616,-46.205899999999865,-6.209744060190325,5.307096583972559e-10,0.05,-10.342999999999678,2.931199999999956,20.846232181032278,1.0,False,-36.40787012987005,4.367169335715973e-22,False,0.92,False,VOID-TIMESTAMP,True
52-Week Bill Auction,2,11:30,102,101,-4.145643564355974,-46.64564356435596,-6.491912436933316,8.475351735752473e-11,0.05,-2.490199999999689,-5.768627450979784,20.1299304023313,1.500000000000222,True,-40.62067010309262,5.197735989271766e-29,False,0.8,False,SIGNIFICANT-NEGATIVE (p=8.5e-11),True
6-Month Bill Auction,2,11:30,551,551,0.6673502722323306,-41.832649727767674,-13.541442397703891,8.902353200792899e-42,0.05,-1.6916000000000642,3.017753623188522,8.65474516676173,1.0,False,-40.62067010309262,5.197735989271766e-29,False,0.658,False,VOID-TIMESTAMP,True
7-Year Note Auction,2,13:00,119,119,-12.492941176470584,-54.99294117647058,-11.263368499343718,1.990036053127042e-29,0.05,-5.823728813559012,-19.051000000000297,13.678626527214245,1.0,False,-36.40787012987005,4.367169335715973e-22,False,0.998,False,VOID-TIMESTAMP,True
Baker Hughes Oil Rig Count,2,13:00,505,504,-1.169047619047501,-43.669047619047504,-14.681026744083477,8.52891422688654e-49,0.05,-0.40329365079368235,-1.934801587301321,8.333378888499455,1.0,False,-36.40787012987005,4.367169335715973e-22,False,0.987,False,VOID-TIMESTAMP,True
Building Permits,2,08:30,120,119,11.952016806722664,-30.547983193277336,-3.8201088246759562,0.0001333928062632347,0.05,24.995593220338886,-0.8741666666666201,22.403230407219173,1.0,False,-40.99644155844165,3.7190411208413824e-32,True,0.059,False,VOID-TIMESTAMP,True
CB Leading Index MoM,2,10:00,73,73,2.3036986301372715,-40.19630136986273,-5.04953004310322,4.4289828281208367e-07,0.05,0.33055555555550165,4.22351351351413,22.301751412278378,0.999999999999778,False,-50.69881266490765,8.364275126105269e-60,True,0.058,False,VOID-TIMESTAMP,True
Challenger Job Cuts,2,07:30,128,127,-3.8637007874012466,-46.363700787401235,-7.85005708953828,4.158479299692364e-15,0.05,-2.044444444444164,-5.654531249999624,16.546613271147507,0.500000000000222,False,-31.286615776081433,2.0396119249274428e-14,False,0.99,False,VOID-TIMESTAMP,True
Chicago Fed National Activity Index,2,08:30,88,88,1.4952272727273503,-41.004772727272645,-5.082641081116698,3.722226499865771e-07,0.05,-1.9486363636361808,4.939090909090878,22.60210062868737,1.0,False,-40.99644155844165,3.7190411208413824e-32,False,0.444,False,VOID-TIMESTAMP,True
Chicago PMI,2,09:45,127,126,10.158730158730272,-32.34126984126973,-4.433898722572378,9.254411260726378e-06,0.05,8.200634920634945,12.116825396825602,20.43502326401152,1.000000000000111,False,-42.72735218508976,3.935171819330722e-37,True,0.041,False,VOID-TIMESTAMP,True
Consumer Credit Change,2,15:00,126,125,-4.870879999999893,-47.370879999999886,-10.258829016755353,1.0800850655593862e-24,0.05,5.0058064516128065,-14.590793650793342,12.936521019602711,1.0,False,-40.73064516129047,1.1471626776499784e-32,False,0.866,False,VOID-TIMESTAMP,True
Consumer Inflation Expectations,2,11:00,109,109,-2.6407339449544884,-45.14073394495449,-7.515808302464825,5.656037913334713e-14,0.05,10.301481481481197,-15.347636363636791,16.826615035751573,0.999999999999889,False,-40.92347258485636,2.501121834098059e-29,False,0.743,False,VOID-TIMESTAMP,True
Dallas Fed Manufacturing Index,2,10:30,125,125,8.750479999999907,-33.74952000000009,-4.7691141758227005,1.8503776948296921e-06,0.05,6.066290322580512,11.39206349206344,19.82593682795702,1.0,False,-43.88967914438491,2.348040883577668e-33,True,0.075,False,VOID-TIMESTAMP,True
Dallas Fed Services Revenues Index,2,10:30,57,57,0.04140350877136649,-42.45859649122863,-4.043353648566505,5.269205135782123e-05,0.05,2.078571428570451,-1.9255172413794763,29.418988958578804,1.500000000000222,True,-43.88967914438491,2.348040883577668e-33,True,0.396,False,SIGNIFICANT-NEGATIVE (p=5.3e-05),True
EIA Natural Gas Stocks Change,2,10:30,552,552,-4.890815217391313,-47.39081521739131,-16.80972006332065,2.0714724819634313e-63,0.05,-3.8548913043478668,-5.9267391304347585,7.898371116354951,8.50000000000111,True,-43.88967914438491,2.348040883577668e-33,False,0.874,False,SIGNIFICANT-NEGATIVE (p=2.1e-63),True
Existing Home Sales,2,10:00,113,113,-9.770973451327508,-52.27097345132751,-7.826595944331757,5.0125680606033655e-15,0.05,-9.45660714285701,-10.079824561403788,18.71076361135399,1.499999999999667,True,-50.69881266490765,8.364275126105269e-60,False,0.586,False,SIGNIFICANT-NEGATIVE (p=5e-15),True
Factory Orders MoM,2,10:00,59,59,-7.775423728813163,-50.275423728813166,-6.871464916238617,6.354592129439226e-12,0.05,3.4958620689658164,-18.670999999999513,20.49794122604703,0.999999999999889,False,-50.69881266490765,8.364275126105269e-60,True,0.431,False,VOID-TIMESTAMP,True
Fed Balance Sheet,2,16:30,110,104,10.651634615384777,-31.848365384615214,-5.939156572588533,2.864921523674434e-09,0.05,3.660192307692238,17.643076923077317,15.023330100065388,1.0,False,-45.668603988603884,1.1356996820305566e-54,True,0.007,True,VOID-TIMESTAMP,True
Fed Barkin Speech,2,08:00,97,91,-4.820109890110013,-47.320109890110004,-6.865812007776034,6.611409258477526e-12,0.05,0.35777777777780323,-9.885434782608959,19.308906254961887,0.666666666666716,False,-36.508155844155816,2.9564108369995883e-19,False,0.906,False,VOID-TIMESTAMP,True
Fed Barr Speech,2,12:00,67,64,8.325156249999882,-34.17484375000012,-3.902449635258987,9.522405642791122e-05,0.05,3.2087499999997053,13.441562500000058,24.53426592398436,1.0000000000000555,False,-43.34730964467007,1.381724086020777e-40,True,0.136,False,VOID-TIMESTAMP,True
Fed Beige Book,2,14:00,71,71,-13.212535211267264,-55.71253521126727,-9.245802784428365,2.3348137622480742e-20,0.05,-7.093428571428488,-19.161666666666076,16.88154277043874,1.0,False,-43.50968253968247,5.7547073423889104e-36,False,0.925,False,VOID-TIMESTAMP,True
Fed Bostic Speech,2,12:00,247,228,7.543114035087621,-34.956885964912374,-7.079330167298185,1.4485289854870268e-12,0.05,5.321140350877083,9.76508771929816,13.833892854525356,1.0,False,-43.34730964467007,1.381724086020777e-40,True,0.031,False,VOID-TIMESTAMP,True
Fed Bowman Speech,2,11:00,102,97,-0.30608247422682844,-42.80608247422683,-5.5036040132895385,3.72104826467778e-08,0.05,3.1645833333333413,-3.7059183673469915,21.790246472484064,1.000000000000111,False,-40.92347258485636,2.501121834098059e-29,False,0.571,False,VOID-TIMESTAMP,True
Fed Brainard Speech,2,14:00,63,58,9.45913793103446,-33.04086206896554,-2.7171143837186613,0.00658538443277513,0.05,0.0020689655174541306,18.91620689655148,34.06805077660465,1.000000000000111,False,-43.50968253968247,5.7547073423889104e-36,True,0.13,False,VOID-TIMESTAMP,True
Fed Bullard Speech,2,09:30,110,95,-7.065578947368402,-49.56557894736839,-7.727769640598504,1.0944716443659002e-14,0.05,-7.587234042553244,-6.55479166666658,17.96924595332236,0.333333333333432,False,-43.84227390180878,9.644626873320167e-32,False,0.789,False,VOID-TIMESTAMP,True
Fed Chair Powell Speech,2,09:00,97,92,-1.6685869565217768,-44.16858695652178,-5.682482226666687,1.32753713427312e-08,0.05,-3.8954347826088935,0.5582608695653393,21.776057613351835,0.7499999999999167,False,-43.273107049608406,5.04897439909697e-34,False,0.549,False,VOID-TIMESTAMP,True
Fed Cook Speech,2,13:30,47,39,4.283333333333499,-38.2166666666665,-3.6911330560522244,0.00022325730425854103,0.05,11.065789473684017,-2.159999999999492,29.006607678738135,1.9999999999991118,True,-31.25260869565209,1.3143038756456579e-14,False,0.725,False,SIGNIFICANT-NEGATIVE (p=0.00022),True
Fed Daly Speech,2,14:00,91,77,-6.781818181818289,-49.28181818181829,-6.8758368565908405,6.162699639380486e-12,0.05,-10.654210526315506,-3.0087179487184383,20.08005952667911,1.0,False,-43.50968253968247,5.7547073423889104e-36,False,0.772,False,VOID-TIMESTAMP,True
Fed Dudley Speech,2,08:30,47,42,-3.062380952380987,-45.56238095238099,-6.465994461955762,1.0063476365394243e-10,0.05,-11.510952380952276,5.3861904761903,19.7412623476094,0.500000000000111,False,-40.99644155844165,3.7190411208413824e-32,False,0.626,False,VOID-TIMESTAMP,True
Fed Evans Speech,2,13:00,133,125,3.0847200000000723,-39.41527999999992,-6.07392892487823,1.248179904848556e-09,0.05,-0.6219354838707648,6.732539682539627,18.1802038203669,1.0,False,-36.40787012987005,4.367169335715973e-22,False,0.674,False,VOID-TIMESTAMP,True
Fed Goolsbee Speech,2,12:45,43,40,-7.594750000000262,-50.09475000000025,-5.682704970753252,1.3258086883549978e-08,0.05,-14.659500000000378,-0.5300000000001411,24.69681460926243,1.500000000000222,True,-46.9895090439276,5.103907438756981e-45,False,0.578,False,SIGNIFICANT-NEGATIVE (p=1.3e-08),True
Fed Harker Speech,2,09:00,100,93,-1.2560215053763506,-43.756021505376346,-7.099792539393993,1.2494430376069702e-12,0.05,-0.3876086956519048,-2.1059574468087865,17.26616973732997,0.4999999999999445,False,-43.273107049608406,5.04897439909697e-34,False,0.532,False,VOID-TIMESTAMP,True
Fed Kaplan Speech,2,13:00,109,97,-4.98979381443273,-47.48979381443273,-12.441888092001838,1.5480090575207557e-35,0.05,-9.597499999999629,-0.4761224489794385,10.69344969290678,0.5,False,-36.40787012987005,4.367169335715973e-22,False,0.945,False,VOID-TIMESTAMP,True
Fed Kashkari Speech,2,13:00,151,132,-2.0912121212121697,-44.59121212121216,-9.034507064814385,1.647432322137684e-19,0.05,2.4145454545452094,-6.596969696969549,13.827658761349088,1.0,False,-36.40787012987005,4.367169335715973e-22,False,0.906,False,VOID-TIMESTAMP,True
Fed Logan Speech,2,13:30,44,41,-10.927073170731997,-53.427073170732,-5.503628076202535,3.720540170721695e-08,0.05,-11.400000000000633,-10.476666666666635,27.19669578120338,1.999999999999556,True,-31.25260869565209,1.3143038756456579e-14,False,0.976,False,SIGNIFICANT-NEGATIVE (p=3.7e-08),True
Fed Mester Speech,2,12:00,118,98,9.684999999999595,-32.815000000000396,-3.561378312819218,0.0003689130793136968,0.05,5.106734693877146,14.263265306122042,25.814168246474082,1.0,False,-43.34730964467007,1.381724086020777e-40,True,0.052,False,VOID-TIMESTAMP,True
Fed Press Conference,2,14:30,68,68,-12.570735294117373,-55.07073529411737,-7.742190213464041,9.771864815723144e-15,0.05,-13.926176470588196,-11.215294117646552,19.927869728996725,1.0,False,-39.01597402597398,1.554277652887654e-26,False,0.983,False,VOID-TIMESTAMP,True
Fed Quarles Speech,2,13:15,48,44,3.816136363636213,-38.68386363636378,-3.8306843652010376,0.00012778734279193956,0.05,-6.409090909091312,14.041363636363739,28.291587152426445,0.500000000000111,False,-41.17410187667556,1.5120069567950512e-29,True,0.396,False,VOID-TIMESTAMP,True
Fed Rosengren Speech,2,11:00,40,34,8.577058823529516,-33.92294117647049,-3.5842217694853318,0.0003380847405922729,0.05,1.5047058823532387,15.649411764705793,26.515661332378002,0.5000000000000555,False,-40.92347258485636,2.501121834098059e-29,True,0.265,False,VOID-TIMESTAMP,True
Fed Waller Speech,2,11:00,88,79,9.251898734177116,-33.24810126582289,-3.769301169154393,0.0001637052593975871,0.05,18.141794871794716,0.5842499999999526,24.7121110468199,1.000000000000111,False,-40.92347258485636,2.501121834098059e-29,True,0.185,False,VOID-TIMESTAMP,True
Fed Williams Speech,2,09:00,267,243,3.7302469135801135,-38.76975308641988,-8.736958434410331,2.3947054690387056e-18,0.05,4.5457024793387255,2.9214754098359146,12.431874089897198,0.4999999999999445,False,-43.273107049608406,5.04897439909697e-34,True,0.162,False,VOID-TIMESTAMP,True
Foreign Bond Investment,2,16:00,125,123,-7.6751219512194515,-50.175121951219445,-12.989199676674303,1.4089266842849e-38,0.05,4.317213114754207,-19.474032258064504,10.822058595712,1.0,False,-45.55852631578956,1.1743611426167595e-49,False,0.822,False,VOID-TIMESTAMP,True
House Price Index MoM,2,09:00,66,66,2.5386363636363747,-39.96136363636362,-5.140816184548502,2.7354757095167226e-07,0.05,-3.05818181818195,8.1354545454547,21.7777025416892,0.7500000000000278,False,-43.273107049608406,5.04897439909697e-34,True,0.345,False,VOID-TIMESTAMP,True
IBD/TIPP Economic Optimism,2,10:00,40,40,-5.479499999999804,-47.9794999999998,-3.818953700610629,0.00013401891132150076,0.05,-11.249499999999356,0.29049999999975,35.19777105079,1.2499999999999445,True,-50.69881266490765,8.364275126105269e-60,True,0.368,False,SIGNIFICANT-NEGATIVE (p=0.00013),True
ISM New York Index,2,09:45,62,62,-7.31064516129014,-49.81064516129014,-8.401657080157113,4.4022180031916185e-17,0.05,2.70645161290348,-17.32774193548376,16.60967186517025,0.999999999999889,False,-42.72735218508976,3.935171819330722e-37,False,0.806,False,VOID-TIMESTAMP,True
Imports,2,08:30,55,55,15.592363636363881,-26.90763636363612,-2.26919152346929,0.02325668151756585,0.05,11.415925925925945,19.619642857143315,33.220658340559936,1.499999999999889,True,-40.99644155844165,3.7190411208413824e-32,True,0.068,False,SIGNIFICANT-NEGATIVE (p=0.023),True
Industrial Production MoM,2,09:15,111,110,-0.3649090909091077,-42.8649090909091,-5.995310376902217,2.0309715962878526e-09,0.05,-3.3607272727273436,2.630909090909127,20.030605284251155,1.0,False,-45.25809768637532,1.0219090745050153e-34,True,0.371,False,VOID-TIMESTAMP,True
Kansas Fed Manufacturing Index,2,11:00,116,116,1.788362068965749,-40.71163793103425,-6.461569116218225,1.0362280666001919e-10,0.05,7.788275862068925,-4.211551724137429,17.651613874461386,1.499999999999889,True,-40.92347258485636,2.501121834098059e-29,True,0.483,False,SIGNIFICANT-NEGATIVE (p=1e-10),True
LMI Logistics Managers Index,2,06:00,63,62,-11.866612903225892,-54.3666129032259,-6.230434734505662,4.6514258110645217e-10,0.05,-12.179032258064298,-11.554193548387497,24.446560408521634,2.0,True,-44.96842105263169,1.4315244487817752e-41,False,0.882,False,SIGNIFICANT-NEGATIVE (p=4.7e-10),True
MBA 30-Year Mortgage Rate,2,07:00,543,523,6.001376673040152,-36.498623326959844,-11.550965272791212,7.2995944992140065e-31,0.05,8.656973180076736,3.3559160305342424,8.852420659763547,1.0,False,-40.05862433862437,4.068808384305082e-28,True,0.141,False,VOID-TIMESTAMP,True
Michigan Consumer Sentiment Final,2,10:00,90,89,3.2700000000001612,-39.22999999999983,-4.82562076975225,1.3956785908098216e-06,0.05,-1.1629545454548578,7.604444444445068,22.775554354430273,0.999999999999778,False,-50.69881266490765,8.364275126105269e-60,True,0.043,False,VOID-TIMESTAMP,True
Monthly Budget Statement,2,14:00,116,115,-6.629739130434816,-49.12973913043482,-7.804401991247799,5.978434564978957e-15,0.05,-6.336842105263185,-6.917586206896586,17.6363481927229,1.0,False,-43.50968253968247,5.7547073423889104e-36,False,0.817,False,VOID-TIMESTAMP,True
NAHB Housing Market Index,2,10:00,124,124,2.775080645161214,-39.724919354838775,-6.6472542652773665,2.9861093675645104e-11,0.05,11.358064516129163,-5.807903225806733,16.742664330706802,0.999999999999889,False,-50.69881266490765,8.364275126105269e-60,True,0.028,False,VOID-TIMESTAMP,True
NFIB Business Optimism Index,2,06:00,127,115,-0.3901739130433342,-42.89017391304334,-7.323673017750803,2.412741677367786e-13,0.05,0.18894736842097354,-0.9593103448272248,16.407133002430836,2.0,True,-44.96842105263169,1.4315244487817752e-41,True,0.357,False,SIGNIFICANT-NEGATIVE (p=2.4e-13),True
NY Empire State Manufacturing Index,2,08:30,65,63,-6.5993650793651915,-49.09936507936519,-5.815374995185798,6.049810893919458e-09,0.05,-7.470322580645236,-5.755625000000157,23.653858190570237,1.0,False,-40.99644155844165,3.7190411208413824e-32,False,0.832,False,VOID-TIMESTAMP,True
New Home Sales,2,10:00,89,89,3.672359550562116,-38.82764044943789,-5.698721971958402,1.2070889390059314e-08,0.05,12.753409090909075,-5.2068888888882405,19.08830507982499,1.0,False,-50.69881266490765,8.364275126105269e-60,True,0.035,False,VOID-TIMESTAMP,True
Pending Home Sales YoY,2,10:00,117,117,0.685213675213729,-41.81478632478627,-6.185045221830333,6.208466956487492e-10,0.05,-6.182413793103439,7.43644067796619,18.94047385187779,1.0,False,-50.69881266490765,8.364275126105269e-60,True,0.067,False,VOID-TIMESTAMP,True
Redbook YoY,2,08:55,553,553,-0.9992224231465148,-43.49922242314651,-14.26344479550526,3.697429780200854e-46,0.05,-5.187862318840631,3.174296028880835,8.543993426498217,1.0000000000000555,False,-38.53483290488439,1.68982790594925e-23,False,0.949,False,VOID-TIMESTAMP,True
Richmond Fed Manufacturing Index,2,10:00,124,124,1.2936290322578479,-41.20637096774214,-6.742747869708933,1.554187800265425e-11,0.05,1.1972580645160853,1.3899999999996069,17.121085061501525,1.0,False,-50.69881266490765,8.364275126105269e-60,True,0.046,False,VOID-TIMESTAMP,True
S&P Global Composite PMI Final,2,09:45,127,125,16.108240000000027,-26.391759999999973,-3.38530991906084,0.0007109793176028304,0.05,3.2922580645163957,28.720793650793446,21.841062261107474,0.999999999999889,False,-42.72735218508976,3.935171819330722e-37,True,0.003,True,VOID-TIMESTAMP,True
S&P Global Manufacturing PMI Final,2,09:45,128,128,1.65726562499996,-40.842734375000035,-6.469705786665144,9.81939189220522e-11,0.05,-3.7781249999999096,7.09265624999983,17.686183065407622,1.000000000000111,False,-42.72735218508976,3.935171819330722e-37,True,0.348,False,VOID-TIMESTAMP,True
S&P Global Services PMI Flash,2,09:45,126,126,7.585555555555428,-34.91444444444457,-5.087700973013188,3.6243022961003486e-07,0.05,4.714285714285373,10.456825396825481,19.22593171230989,0.999999999999889,False,-42.72735218508976,3.935171819330722e-37,True,0.101,False,VOID-TIMESTAMP,True
S&P/Case-Shiller Home Price MoM,2,09:00,95,95,1.191789473684473,-41.30821052631553,-5.575107350232724,2.4737727048834075e-08,0.05,8.626170212765864,-6.087708333332718,20.758070608758242,1.2500000000000833,True,-43.273107049608406,5.04897439909697e-34,True,0.41,False,SIGNIFICANT-NEGATIVE (p=2.5e-08),True
Total Vehicle Sales,2,19:00,117,97,8.14195876288649,-34.358041237113504,-4.7631556349798005,1.9058872953617595e-06,0.05,0.012500000000128075,16.105510204081295,20.20865742272448,1.000000000000444,False,-41.406683168316626,1.3959857553859177e-25,True,0.117,False,VOID-TIMESTAMP,True
Used Car Prices MoM,2,09:00,42,41,-10.848292682926562,-53.348292682926555,-6.439895167981819,1.1955604936628787e-10,0.05,-15.167999999999846,-6.734285714285337,23.208419443579153,1.5,True,-43.273107049608406,5.04897439909697e-34,False,0.817,False,SIGNIFICANT-NEGATIVE (p=1.2e-10),True
WASDE Report,2,12:00,110,110,0.18772727272737302,-42.31227272727263,-5.689578548802365,1.273532979394494e-08,0.05,-5.418000000000106,5.793454545454847,20.83483632957219,1.0,False,-43.34730964467007,1.381724086020777e-40,True,0.422,False,VOID-TIMESTAMP,True
Wholesale Inventories MoM,2,10:00,97,97,-6.518247422680496,-49.01824742268049,-7.9614267480775505,1.7006673525937965e-15,0.05,-12.86062499999972,-0.3053061224494201,17.249269732503464,1.499999999999667,True,-50.69881266490765,8.364275126105269e-60,True,0.393,False,SIGNIFICANT-NEGATIVE (p=1.7e-15),True
Wholesale Inventories MoM Adv,2,08:30,49,49,5.568571428571459,-36.93142857142854,-3.1428897774667504,0.0016728882073689976,0.05,8.51833333333348,2.7367999999999184,32.92083137576902,1.0,False,-40.99644155844165,3.7190411208413824e-32,True,0.358,False,VOID-TIMESTAMP,True
