set,instrument,lead_min,stop_pct,direction,n,gross_mean,gross_ci_lo,gross_ci_hi,gross_sd,mde_usd,stopped_pre_release,stopped_total,net_optimistic,net_realistic,net_stressed
RELEASES,NQ,5,0.1,long,574,83.0961672473868,19.276246825370137,146.91608766940345,780.1105175815188,91.17131488859523,0.11672473867595819,0.6045296167247387,75.5961672473868,70.5961672473868,60.5961672473868
RELEASES,NQ,5,0.1,short,574,-37.50917247386758,-85.73322199678654,10.714877049051388,589.4725030121299,68.89149931845566,0.1602787456445993,0.6480836236933798,-45.00917247386758,-50.00917247386758,-60.00917247386758
RELEASES,NQ,5,0.2,long,574,84.24210801393758,11.197923244055815,157.28629278381936,892.8644286979501,104.34883538554537,0.027874564459930314,0.3797909407665505,76.74210801393758,71.74210801393758,61.74210801393758
RELEASES,NQ,5,0.2,short,574,-29.658013937282337,-97.1481403147644,37.83211244019974,824.97372406338,96.41446625354581,0.047038327526132406,0.4355400696864111,-37.158013937282334,-42.158013937282334,-52.158013937282334
RELEASES,NQ,5,0.4,long,574,103.27742160278748,21.018920894111858,185.5359223114631,1005.4967342326391,117.5121438695366,0.005226480836236934,0.16376306620209058,95.77742160278748,90.77742160278748,80.77742160278748
RELEASES,NQ,5,0.4,short,574,-85.44386759581869,-168.25581761464056,-2.6319175769968126,1012.2618888260375,118.30278574117409,0.020905923344947737,0.23519163763066203,-92.94386759581869,-97.94386759581869,-107.94386759581869
RELEASES,NQ,15,0.1,long,574,52.71196864111519,-7.007799343347088,112.43173662557747,729.9918082651682,85.31395426351753,0.2456445993031359,0.6358885017421603,45.21196864111519,40.21196864111519,30.21196864111519
RELEASES,NQ,15,0.1,short,574,-53.624390243902276,-102.12269424642636,-5.126086241378189,592.8248858201785,69.28329143217726,0.30662020905923343,0.7020905923344948,-61.124390243902276,-66.12439024390227,-76.12439024390227
RELEASES,NQ,15,0.2,long,574,99.80287456445983,25.934538348452904,173.67121078046677,902.9385435973547,105.5261945942956,0.050522648083623695,0.37630662020905925,92.30287456445983,87.30287456445983,77.30287456445983
RELEASES,NQ,15,0.2,short,574,-59.33221254355442,-126.19526907884975,7.530843991740909,817.3086599907006,95.51865219327902,0.09407665505226481,0.44773519163763065,-66.83221254355442,-71.83221254355442,-81.83221254355442
RELEASES,NQ,15,0.4,long,574,122.24296167247411,39.220610678151004,205.26531266679723,1014.8337506023065,118.60335856331871,0.006968641114982578,0.1672473867595819,114.74296167247411,109.74296167247411,99.74296167247411
RELEASES,NQ,15,0.4,short,574,-102.41787456445917,-185.2581399778436,-19.577609151074753,1012.6080054767892,118.34323630483487,0.02264808362369338,0.2456445993031359,-109.91787456445917,-114.91787456445917,-124.91787456445917
RELEASES,NQ,30,0.1,long,574,63.33587108013912,1.6436095770930805,125.02813258318517,754.1028214023411,88.13180214720863,0.34494773519163763,0.6550522648083623,55.83587108013912,50.83587108013912,40.83587108013912
RELEASES,NQ,30,0.1,short,574,-67.02222125435544,-113.58848113377385,-20.455961374937033,569.2083107618,66.52322839916916,0.42334494773519166,0.7177700348432056,-74.52222125435544,-79.52222125435544,-89.52222125435544
RELEASES,NQ,30,0.2,long,574,102.32000000000045,25.650799466723342,178.98920053327754,937.1752474003805,109.52742933325301,0.12195121951219512,0.40418118466898956,94.82000000000045,89.82000000000045,79.82000000000045
RELEASES,NQ,30,0.2,short,574,-80.15472125435524,-143.89286557508942,-16.41657693362106,779.1109175150281,91.05449188676312,0.15505226480836237,0.47038327526132406,-87.65472125435524,-92.65472125435524,-102.65472125435524
RELEASES,NQ,30,0.4,long,574,136.77292682926844,50.18254861162151,223.36330504691537,1058.4479629912626,123.70054031092418,0.0313588850174216,0.17421602787456447,129.27292682926844,124.27292682926844,114.27292682926844
RELEASES,NQ,30,0.4,short,574,-118.55090592334474,-200.511665436854,-36.590146409835484,1001.857258715737,117.08679930501322,0.041811846689895474,0.259581881533101,-126.05090592334474,-131.05090592334474,-141.05090592334474
CONTROL,NQ,5,0.1,long,542,4.670415129150999,-18.58847352784282,27.929303786144818,276.2692391192245,33.22698379570545,0.07749077490774908,0.29704797047970477,-2.8295848708490006,-7.829584870849001,-17.829584870849
CONTROL,NQ,5,0.1,short,542,-15.273597785977703,-38.21680097087487,7.669605398919462,272.51952491476226,32.77600454985309,0.07749077490774908,0.2952029520295203,-22.773597785977703,-27.773597785977703,-37.7735977859777
CONTROL,NQ,5,0.2,long,542,4.5333763837637004,-21.233301425588905,30.30005419311631,306.05677588467006,36.80953972764658,0.016605166051660517,0.08671586715867159,-2.9666236162362996,-7.9666236162362996,-17.966623616236298
CONTROL,NQ,5,0.2,short,542,-12.240110701107074,-38.22461412852884,13.744392726314693,308.6441100712734,37.120719182031095,0.012915129151291513,0.0940959409594096,-19.740110701107074,-24.740110701107074,-34.74011070110707
CONTROL,NQ,5,0.4,long,542,5.100147601475979,-21.60217623702415,31.802471439976106,317.1703858412568,38.14617691214304,0.0018450184501845018,0.00922509225092251,-2.399852398524021,-7.399852398524021,-17.399852398524022
CONTROL,NQ,5,0.4,short,542,-8.745977859778634,-35.25061688406058,17.75866116450331,314.82228426104393,37.86377003468849,0.0018450184501845018,0.01107011070110701,-16.245977859778634,-21.245977859778634,-31.245977859778634
CONTROL,NQ,15,0.1,long,542,19.477121771217977,-6.740201747290389,45.694445289726346,311.40954871130157,37.453319312154804,0.2140221402214022,0.34501845018450183,11.977121771217977,6.977121771217977,-3.022878228782023
CONTROL,NQ,15,0.1,short,542,-5.3298708487087705,-33.513721094474896,22.85397939705736,334.767966676115,40.26264320823732,0.23616236162361623,0.3800738007380074,-12.82987084870877,-17.829870848708772,-27.829870848708772
CONTROL,NQ,15,0.2,long,542,-3.719889298893013,-35.05262687010489,27.61284827231886,372.1704719420526,44.761053673159815,0.07380073800738007,0.15498154981549817,-11.219889298893012,-16.219889298893012,-26.219889298893012
CONTROL,NQ,15,0.2,short,542,-0.2392435424356527,-32.453205701490205,31.9747186166189,382.637663645266,46.019945941506506,0.04981549815498155,0.13468634686346864,-7.739243542435653,-12.739243542435652,-22.739243542435652
CONTROL,NQ,15,0.4,long,542,-3.270036900369018,-36.27374896243556,29.733675161697523,392.0183184141685,47.148160088666486,0.02214022140221402,0.03874538745387454,-10.770036900369018,-15.770036900369018,-25.770036900369018
CONTROL,NQ,15,0.4,short,542,-0.6439114391143844,-34.4584301833068,33.170607305078036,401.6490857499218,48.306455348846306,0.005535055350553505,0.02214022140221402,-8.143911439114385,-13.143911439114385,-23.143911439114383
CONTROL,NQ,30,0.1,long,542,-16.098099630995332,-42.39714092433319,10.20094166234253,312.3801930016457,37.57005899048266,0.37453874538745385,0.43726937269372695,-23.598099630995332,-28.598099630995332,-38.598099630995335
CONTROL,NQ,30,0.1,short,542,-19.845987084871087,-53.65054694817914,13.95857277843697,401.53079409441864,48.29222837615437,0.3800738007380074,0.4612546125461255,-27.345987084871087,-32.34598708487108,-42.34598708487108
CONTROL,NQ,30,0.2,long,542,2.896549815498028,-30.299878211706158,36.09297784270221,394.3073999708961,47.42346861029169,0.14391143911439114,0.1900369003690037,-4.6034501845019715,-9.603450184501972,-19.603450184501973
CONTROL,NQ,30,0.2,short,542,-26.16795202952006,-65.07222649079827,12.736322431758154,462.1052390940841,55.57753494468316,0.11623616236162361,0.2066420664206642,-33.66795202952006,-38.66795202952006,-48.66795202952006
CONTROL,NQ,30,0.4,long,542,0.0015129151291910273,-38.346132497361104,38.349158327619485,455.4935954318211,54.78235058927185,0.027675276752767528,0.05350553505535055,-7.498487084870809,-12.49848708487081,-22.49848708487081
CONTROL,NQ,30,0.4,short,542,5.068929889298673,-35.5418870010087,45.67974677960605,482.3755617799788,58.0154527004391,0.014760147601476014,0.027675276752767528,-2.4310701107013273,-7.431070110701327,-17.431070110701327
