title,et,unverified,jump_pct,res_pct,pred,abs_fp
Non Farm Payrolls,2019-09-06 08:30:00,False,0.09228740936058609,0.03295978905735003,0.10315798687779593,1.0
Inflation Rate MoM,2019-09-12 08:30:00,False,0.006343970056455564,0.1014970819588879,0.08420006717827605,0.19999999999999998
Retail Sales MoM,2019-09-13 08:30:00,False,0.037761973692485934,0.01888098684625728,0.05204606274633948,0.6000000000000001
Durable Goods Orders MoM,2019-09-27 08:30:00,False,0.03893322951139683,0.006488871585240182,0.00999554019671908,3.0
Non Farm Payrolls,2019-10-04 08:30:00,False,0.5000337860666169,0.6285482562854948,0.09228740936058609,23.0
Inflation Rate MoM,2019-10-10 08:30:00,False,0.027006954290736008,0.1012965964343598,0.06598046978094484,0.0
Retail Sales MoM,2019-10-16 08:30:00,False,0.07220216606497598,0.1378133613335024,0.052035904774306085,0.3
Durable Goods Orders MoM,2019-10-24 08:30:00,False,0.01284274064085568,0.05137096256340811,0.013575889220747046,1.1
Non Farm Payrolls,2019-11-01 08:30:00,False,0.2557381241608593,0.4731457800511567,0.11286819924224673,91.0
Inflation Rate MoM,2019-11-13 08:30:00,False,0.0,0.006301991429285925,0.05552580890373768,0.3
Retail Sales MoM,2019-11-15 08:30:00,False,0.04386239739332323,0.050125313283205165,0.05204606274633948,0.5
Durable Goods Orders MoM,2019-11-27 08:30:00,False,0.06139112284363681,0.09208668426545522,0.013209314930801363,0.5999999999999999
Non Farm Payrolls,2019-12-06 08:30:00,False,0.2778635381290522,0.6545230009262062,0.13344898912390737,24.0
Inflation Rate MoM,2019-12-11 08:30:00,False,0.00611658205394269,0.042813455657495135,0.04507114802653052,0.2
Retail Sales MoM,2019-12-13 08:30:00,False,0.0,0.030237058538945333,0.052035904774306085,0.09999999999999998
Durable Goods Orders MoM,2019-12-23 08:30:00,False,0.0,0.023857807467499166,0.013575889220747046,1.3
Non Farm Payrolls,2020-01-10 08:30:00,False,0.0419689429821959,0.25179856115108185,0.13888876668686498,92.0
Inflation Rate MoM,2020-01-14 08:30:00,False,0.05998440405494572,0.04198908283846473,0.03603905115863326,0.0
Retail Sales MoM,2020-01-16 08:30:00,False,0.023587687227272728,0.14741435226133615,0.05144868542803149,0.0
Durable Goods Orders MoM,2020-01-28 08:30:00,False,0.030158634417033595,0.05427899402930243,0.013209314930801363,3.5
Fed Interest Rate Decision,2020-01-29 14:00:00,False,0.036205648081108883,0.012068549360369628,0.022395200459743803,0.0
Non Farm Payrolls,2020-02-07 08:30:00,False,0.10139568173685111,0.20280345958843368,0.13344898912390737,13.0
Inflation Rate MoM,2020-02-13 08:30:00,False,0.017849705479856877,0.07734872374605548,0.04507114802653052,0.0
Retail Sales MoM,2020-02-14 08:30:00,False,0.05295986818877786,0.21768547390716275,0.05086146608175691,0.09999999999999998
Durable Goods Orders MoM,2020-02-27 08:30:00,False,0.04576359832636281,0.013076168682578979,0.013575889220747046,4.4
Non Farm Payrolls,2020-03-06 08:30:00,False,0.09770395701024939,0.013970382788491581,0.11742233543037925,98.0
Inflation Rate MoM,2020-03-11 08:30:00,False,0.030663089306254575,0.1686469911843653,0.03603905115863326,0.1
Retail Sales MoM,2020-03-17 08:30:00,False,0.0,0.0,0.05144868542803149,0.39999999999999997
Durable Goods Orders MoM,2020-03-25 08:30:00,False,0.04642956634785031,0.10213556174558115,0.021867261818890323,0.9
Non Farm Payrolls,2020-04-03 08:30:00,False,0.0,0.30927835051545965,0.10139568173685111,375.0
Retail Sales MoM,2020-04-15 08:30:00,False,0.0587445451493828,0.830815709969777,0.05086146608175691,7.6
Durable Goods Orders MoM,2020-04-24 08:30:00,False,0.1238850346878097,0.48732138432310756,0.030158634417033595,13.0
Fed Interest Rate Decision,2020-04-29 14:00:00,False,0.05138368934889859,0.3524229074889835,0.025467974022672292,0.0
Non Farm Payrolls,2020-05-08 08:30:00,False,0.6004618937644307,0.6544502617801047,0.09954981937355026,21130.0
Inflation Rate MoM,2020-05-12 08:30:00,False,0.015077271013949903,0.18096817976171495,0.030663089306254575,0.4
Retail Sales MoM,2020-05-15 08:30:00,False,0.14798980514675283,0.2630281111293807,0.05144868542803149,3.6999999999999993
Durable Goods Orders MoM,2020-05-28 08:30:00,False,0.020738282870175206,0.08295313148071655,0.03454593196421521,2.3999999999999986
Non Farm Payrolls,2020-06-05 08:30:00,False,0.7744039127776708,2.2001901398886385,0.10139568173685111,12687.0
Inflation Rate MoM,2020-06-10 08:30:00,False,0.05301524188203807,0.02650937769234963,0.028835021798495293,0.8
Fed Interest Rate Decision,2020-06-10 14:00:00,False,0.17571129282963685,0.8785564641481381,0.030836811051890588,0.0
Retail Sales MoM,2020-06-16 08:30:00,False,0.37581141100102494,0.7791675210170249,0.052035904774306085,22.7
Durable Goods Orders MoM,2020-06-25 08:30:00,False,0.15955903684363543,0.09430540442509644,0.030158634417033595,29.0
Non Farm Payrolls,2020-07-02 08:30:00,False,0.6808392385716239,0.8756080611535726,0.11742233543037925,301.0
Inflation Rate MoM,2020-07-14 08:30:00,False,0.14213630872006255,0.19185674696227142,0.030663089306254575,0.6
Retail Sales MoM,2020-07-16 08:30:00,False,0.1292429086456611,0.31284004352558054,0.05204606274633948,13.2
Durable Goods Orders MoM,2020-07-27 08:30:00,False,0.0408218805279568,0.33337869097835515,0.03454593196421521,8.1
Fed Interest Rate Decision,2020-07-29 14:00:00,False,0.10749798441278613,0.13434540202861556,0.036205648081108883,0.0
Non Farm Payrolls,2020-08-07 08:30:00,False,0.26645869890166435,0.1689847913687857,0.13344898912390737,3200.0
Inflation Rate MoM,2020-08-12 08:30:00,False,0.006285355122558708,0.3393665158370955,0.037867118666392544,0.3
Retail Sales MoM,2020-08-14 08:30:00,False,0.08272351256760767,0.03182281059063136,0.05205622071837288,6.5
Durable Goods Orders MoM,2020-08-26 08:30:00,False,0.0,0.006380399412997451,0.03893322951139683,3.4000000000000004
Non Farm Payrolls,2020-09-04 08:30:00,False,0.07038648579472159,0.3775033591400514,0.13888876668686498,334.0
Inflation Rate MoM,2020-09-11 08:30:00,False,0.02647954455183973,0.03969304048689528,0.030663089306254575,0.3
Retail Sales MoM,2020-09-16 08:30:00,False,0.045248868778283484,0.20682523267838968,0.052508044453575375,0.09999999999999998
Fed Interest Rate Decision,2020-09-16 14:00:00,False,0.019235701461910396,0.4167735316747885,0.04379466871500373,0.0
Durable Goods Orders MoM,2020-09-25 08:30:00,False,0.04167534903105761,0.013890818169193324,0.03454593196421521,10.2
Non Farm Payrolls,2020-10-02 08:30:00,False,0.19240976645435848,0.4644065547668016,0.13344898912390737,639.0
Inflation Rate MoM,2020-10-13 08:30:00,False,0.0,0.018349746161855886,0.028835021798495293,0.2
Retail Sales MoM,2020-10-16 08:30:00,False,0.08543878921030704,0.23800805565727398,0.05205622071837288,0.09999999999999998
Durable Goods Orders MoM,2020-10-27 08:30:00,False,0.043632737019263575,0.08104232903185304,0.03893322951139683,0.09999999999999998
Fed Interest Rate Decision,2020-11-05 14:00:00,False,0.07235017484625862,0.0783982631769361,0.036205648081108883,0.0
Non Farm Payrolls,2020-11-06 08:30:00,False,0.23077857403134838,0.43098215369672865,0.13888876668686498,72.0
Inflation Rate MoM,2020-11-12 08:30:00,False,0.011642798928865146,0.1571777855396464,0.027006954290736008,0.1
Retail Sales MoM,2020-11-17 08:30:00,False,0.011321822813475543,0.27170836635344475,0.052508044453575375,1.1
Durable Goods Orders MoM,2020-11-25 08:30:00,False,0.021649707728950585,0.01082368221669258,0.039046304091298736,1.2000000000000002
Non Farm Payrolls,2020-12-04 08:30:00,False,0.07001292546315999,0.059238515805908186,0.14432854424982258,141.0
Inflation Rate MoM,2020-12-10 08:30:00,False,0.02627430373095113,0.25222006200409625,0.02674324942128787,0.1
Retail Sales MoM,2020-12-16 08:30:00,False,0.06603342307105982,0.11174319382365125,0.05205622071837288,0.19999999999999998
Fed Interest Rate Decision,2020-12-16 14:00:00,False,0.03590111806339345,0.28722367543725374,0.04379466871500373,0.0
Durable Goods Orders MoM,2020-12-23 08:30:00,False,0.06524466750313448,0.14055519301240813,0.03893322951139683,1.2000000000000002
Non Farm Payrolls,2021-01-08 08:30:00,False,0.19502449697951593,0.09041591320072764,0.13888876668686498,265.0
Inflation Rate MoM,2021-01-13 08:30:00,False,0.04719875395289565,0.13686992637340173,0.02647954455183973,0.2
Retail Sales MoM,2021-01-15 08:30:00,False,0.03756397614688369,0.11268134654209544,0.052508044453575375,1.4
Durable Goods Orders MoM,2021-01-27 08:30:00,False,0.08087535680303606,0.004757147614286145,0.039046304091298736,0.29999999999999993
Fed Interest Rate Decision,2021-01-27 14:00:00,False,0.11697548193898559,0.23871934094738387,0.036205648081108883,0.0
Non Farm Payrolls,2021-02-05 08:30:00,False,0.09466708740929376,0.14876256592887263,0.14432854424982258,277.0
Inflation Rate MoM,2021-02-10 08:30:00,False,0.0,0.2122774336091338,0.02674324942128787,0.09999999999999998
Retail Sales MoM,2021-02-17 08:30:00,False,0.026445698166447627,0.22478843441468455,0.05205622071837288,2.1
Durable Goods Orders MoM,2021-02-25 08:30:00,False,0.026290421523087772,0.23223205678731848,0.03915937867120065,0.09999999999999987
Non Farm Payrolls,2021-03-05 08:30:00,False,0.3710575139146568,0.913856287980715,0.13888876668686498,16.0
Inflation Rate MoM,2021-03-10 08:30:00,False,0.1953732072288127,0.35517670040845317,0.02647954455183973,0.10000000000000003
Retail Sales MoM,2021-03-16 08:30:00,False,0.05110514884375763,0.012775743122380001,0.05204606274633948,8.1
Fed Interest Rate Decision,2021-03-17 14:00:00,False,0.4392068185771399,1.0133518897055505,0.04379466871500373,0.0
Durable Goods Orders MoM,2021-03-24 08:30:00,False,0.0,0.11783901377809594,0.039046304091298736,2.7
Non Farm Payrolls,2021-04-02 08:30:00,False,0.22104332449160036,1.5202404101113502,0.14432854424982258,179.0
Inflation Rate MoM,2021-04-13 08:30:00,False,0.009027307605498448,0.42422601317806824,0.02674324942128787,0.09999999999999998
Retail Sales MoM,2021-04-15 08:30:00,False,0.07062146892654966,0.09709594845089031,0.052035904774306085,8.600000000000001
Durable Goods Orders MoM,2021-04-26 08:30:00,False,0.0,0.00438327342859249,0.03893322951139683,3.4
Fed Interest Rate Decision,2021-04-28 14:00:00,False,0.060949063996521155,0.23073574227253732,0.05138368934889859,0.0
Non Farm Payrolls,2021-05-07 08:30:00,False,0.1690391459074814,0.56509744593754,0.16836915535209052,208.0
Inflation Rate MoM,2021-05-12 08:30:00,False,0.771243630353954,0.03214400514303247,0.02647954455183973,0.39999999999999997
Retail Sales MoM,2021-05-14 08:30:00,False,0.05496518871380626,0.09160445197636605,0.05204606274633948,9.7
Durable Goods Orders MoM,2021-05-27 08:30:00,False,0.02221136333348141,0.31985784095956543,0.03454593196421521,0.6000000000000001
Non Farm Payrolls,2021-06-04 08:30:00,False,0.24562480810561468,0.2455709524644759,0.1690391459074814,372.0
Inflation Rate MoM,2021-06-10 08:30:00,False,0.20205494174798236,0.32245582355217334,0.02674324942128787,0.4
Retail Sales MoM,2021-06-15 08:30:00,False,0.034411562284935554,0.043016303178904806,0.05205622071837288,1.7000000000000002
Fed Interest Rate Decision,2021-06-16 14:00:00,False,0.477389115528166,0.47300815830585363,0.05616637667270987,0.0
Durable Goods Orders MoM,2021-06-24 08:30:00,False,0.017292810514032725,0.09511868217390604,0.030158634417033595,3.5999999999999996
Non Farm Payrolls,2021-07-02 08:30:00,False,0.22378103886044987,0.4259530160915623,0.18072445618091992,117.0
Inflation Rate MoM,2021-07-13 08:30:00,False,0.1673640167364097,0.04404316229905307,0.027006954290736008,0.09999999999999998
Retail Sales MoM,2021-07-16 08:30:00,False,0.06378132118451439,0.48298172871009093,0.05204606274633948,1.2999999999999998
Durable Goods Orders MoM,2021-07-27 08:30:00,False,0.09546322392946466,0.04091839054330943,0.028224527970060684,1.1
Fed Interest Rate Decision,2021-07-28 14:00:00,False,0.040747951283564586,0.18564636631197234,0.060949063996521155,0.0
Non Farm Payrolls,2021-08-06 08:30:00,False,0.5862084396115973,0.5235836391300579,0.19240976645435848,68.0
Inflation Rate MoM,2021-08-11 08:30:00,False,0.10741619299107712,0.21929824561403916,0.028835021798495293,0.4
Retail Sales MoM,2021-08-17 08:30:00,False,0.0,0.39060704930839574,0.05205622071837288,1.0
Durable Goods Orders MoM,2021-08-25 08:30:00,False,0.0,0.10324086542776402,0.030158634417033595,1.1
Non Farm Payrolls,2021-09-03 08:30:00,False,0.30314841280152444,0.43732409612469836,0.19371713171693722,303.0
Inflation Rate MoM,2021-09-14 08:30:00,False,0.46080887616321503,0.7426628489620779,0.030663089306254575,0.09999999999999998
Retail Sales MoM,2021-09-16 08:30:00,False,0.2660653889515261,0.5412231643514342,0.05204606274633948,1.0
Fed Interest Rate Decision,2021-09-22 14:00:00,False,0.11730205278591965,0.5863779882724403,0.05616637667270987,0.0
Durable Goods Orders MoM,2021-09-27 08:30:00,False,0.026749888542127016,0.20955013598465458,0.028224527970060684,0.19999999999999996
Non Farm Payrolls,2021-10-08 08:30:00,False,0.2750177430802108,0.5724428666518789,0.19502449697951593,134.0
Inflation Rate MoM,2021-10-13 08:30:00,False,0.12968428584205757,0.3979610087640892,0.037867118666392544,0.0
Retail Sales MoM,2021-10-15 08:30:00,False,0.004383081306154243,0.4295607960024426,0.05205622071837288,1.1
Durable Goods Orders MoM,2021-10-27 08:30:00,False,0.039383861368811966,0.0656282814140707,0.026749888542127016,2.4000000000000004
Fed Interest Rate Decision,2021-11-03 14:00:00,False,0.21420471250367126,0.47879042419151996,0.060949063996521155,0.0
Non Farm Payrolls,2021-11-05 08:30:00,False,0.1572782583502414,0.4345666749441272,0.20237402160701107,138.0
Inflation Rate MoM,2021-11-10 08:30:00,False,0.061955309570030155,0.1899648977906219,0.04507114802653052,0.19999999999999996
Retail Sales MoM,2021-11-16 08:30:00,False,0.02085331776285607,0.06255995328856823,0.05204606274633948,0.5999999999999999
Durable Goods Orders MoM,2021-11-24 08:30:00,False,0.0259044987479453,0.030220610456342997,0.028454261479580308,0.6000000000000001
Non Farm Payrolls,2021-12-03 08:30:00,False,0.12667390517554208,0.24436600597337477,0.19502449697951593,4.0
Inflation Rate MoM,2021-12-10 08:30:00,False,0.39127501686529426,0.6431012772081391,0.04613495098971308,0.20000000000000007
Retail Sales MoM,2021-12-15 08:30:00,False,0.0509424350483911,0.018524521835784322,0.052035904774306085,1.0
Fed Interest Rate Decision,2021-12-15 14:00:00,False,0.5077087894173036,0.9640910996227597,0.06240097347709335,0.0
Durable Goods Orders MoM,2021-12-23 08:30:00,False,0.02241348395194549,0.04482495853691335,0.026749888542127016,1.5
Non Farm Payrolls,2022-01-07 08:30:00,False,0.10438887123858426,0.25415267314150447,0.19371713171693722,151.0
Inflation Rate MoM,2022-01-12 08:30:00,False,0.009115354815198618,0.4603463992707342,0.04719875395289565,0.4
Retail Sales MoM,2022-01-14 08:30:00,False,0.03741114852226814,0.39740053298424427,0.05157052680903186,0.2
Fed Interest Rate Decision,2022-01-26 14:00:00,False,0.23129921259842745,0.5068149387393571,0.06385288295766554,0.0
Durable Goods Orders MoM,2022-01-27 08:30:00,False,0.015145395799674602,0.0050487201494375245,0.026520155032607393,3.7
Non Farm Payrolls,2022-02-04 08:30:00,False,0.1720909044895526,0.44014975209955576,0.19240976645435848,360.0
Inflation Rate MoM,2022-02-10 08:30:00,False,0.3850967555598344,1.3335901015839304,0.04613495098971308,0.09999999999999998
Retail Sales MoM,2022-02-16 08:30:00,False,0.14006955177743868,0.16905762449886488,0.05110514884375763,4.5
Durable Goods Orders MoM,2022-02-25 08:30:00,False,0.1146446017346204,0.1943973681587012,0.026290421523087772,0.3999999999999999
Non Farm Payrolls,2022-03-04 08:30:00,False,0.2986114567262231,0.2041527660210196,0.18225033547195554,81.0
Inflation Rate MoM,2022-03-10 08:30:00,False,0.19118534916483107,0.14087341517408844,0.04719875395289565,0.20000000000000007
Retail Sales MoM,2022-03-16 08:30:00,False,0.05027146591594611,0.17597667052139374,0.05157052680903186,4.5
Fed Interest Rate Decision,2022-03-16 14:00:00,False,0.004983554270912809,0.8770618428265379,0.06810152890196208,0.25
Durable Goods Orders MoM,2022-03-24 08:30:00,False,0.0729465544910762,0.0632203472255861,0.026520155032607393,2.1
Non Farm Payrolls,2022-04-01 08:30:00,False,0.033723563135340986,0.09153979572172341,0.19240976645435848,260.0
Inflation Rate MoM,2022-04-12 08:30:00,False,0.41343148129473717,0.7665153807362605,0.05010699791746686,0.3999999999999999
Retail Sales MoM,2022-04-14 08:30:00,False,0.029697089685206346,0.12868738863592044,0.05110514884375763,0.20000000000000007
Durable Goods Orders MoM,2022-04-26 08:30:00,False,0.06167446163334766,0.35464638157894035,0.026749888542127016,2.7
Fed Interest Rate Decision,2022-05-04 14:00:00,False,0.02112378538234532,0.4223418857565199,0.06385288295766554,0.5
Non Farm Payrolls,2022-05-06 08:30:00,False,0.4557640750670241,0.1983914209115306,0.18225033547195554,37.0
Inflation Rate MoM,2022-05-11 08:30:00,False,0.7586827020343936,1.3093565608316917,0.05301524188203807,1.0
Retail Sales MoM,2022-05-17 08:30:00,False,0.07724990343761318,0.1544912822776404,0.051023791946074364,0.4999999999999999
Durable Goods Orders MoM,2022-05-25 08:30:00,False,0.12522768670309914,0.13661979848578948,0.028454261479580308,0.0
Non Farm Payrolls,2022-06-03 08:30:00,False,0.3920945265723568,0.16418621895026264,0.19240976645435848,111.0
Inflation Rate MoM,2022-06-10 08:30:00,False,0.9729203826820172,1.026583099200346,0.056499822968491896,0.39999999999999997
Retail Sales MoM,2022-06-15 08:30:00,False,0.01742970020915376,0.19172670230071778,0.05110514884375763,0.49999999999999994
Fed Interest Rate Decision,2022-06-15 14:00:00,False,0.1038182027915535,0.7208350152817024,0.06240097347709335,0.5
Durable Goods Orders MoM,2022-06-27 08:30:00,False,0.05096839959224508,0.022653904966860938,0.030158634417033595,0.30000000000000004
Non Farm Payrolls,2022-07-08 08:30:00,False,0.19211210306248522,0.5819866651599026,0.19371713171693722,116.0
Inflation Rate MoM,2022-07-13 08:30:00,False,1.8411572988735803,2.722489132921536,0.05998440405494572,0.10000000000000009
Retail Sales MoM,2022-07-15 08:30:00,False,0.10531242686636756,0.32182562902282036,0.051023791946074364,0.9
Durable Goods Orders MoM,2022-07-27 08:30:00,False,0.03853352416601443,0.04403588924973603,0.03454593196421521,1.3
Fed Interest Rate Decision,2022-07-27 14:00:00,False,0.010960705869460486,0.09865716634694188,0.06385288295766554,0.75
Non Farm Payrolls,2022-08-05 08:30:00,False,0.7690697917756641,1.0723439870272533,0.19240976645435848,148.0
Inflation Rate MoM,2022-08-10 08:30:00,False,0.9216829827119254,1.4424078317017193,0.06096985681248794,1.1
Retail Sales MoM,2022-08-17 08:30:00,False,0.04987033712347895,0.08975317875841209,0.05110514884375763,0.7000000000000001
Durable Goods Orders MoM,2022-08-24 08:30:00,False,0.0,0.28578851649779163,0.03853352416601443,1.6
Non Farm Payrolls,2022-09-02 08:30:00,False,0.6017834673669237,0.40496908006348664,0.19371713171693722,226.0
Inflation Rate MoM,2022-09-13 08:30:00,False,2.5370966068278555,2.407513101229693,0.061955309570030155,0.1
Retail Sales MoM,2022-09-15 08:30:00,False,0.26143790849672954,0.19606775230108037,0.051023791946074364,0.4
Fed Interest Rate Decision,2022-09-21 14:00:00,False,0.8665415608786867,1.628125172470887,0.06240097347709335,0.75
Durable Goods Orders MoM,2022-09-27 08:30:00,False,0.017774617845713624,0.15998103928423565,0.034346079291524015,0.30000000000000004
Non Farm Payrolls,2022-10-07 08:30:00,False,1.208493336345147,1.6606416629010443,0.19502449697951593,65.0
Inflation Rate MoM,2022-10-13 08:30:00,False,2.4686314560840357,3.4295713035870494,0.0639678896754875,0.1
Retail Sales MoM,2022-10-14 08:30:00,False,0.14958863126403177,0.3797905397629265,0.05110514884375763,0.2
Durable Goods Orders MoM,2022-10-27 08:30:00,False,0.2533318647428206,0.13771828347931472,0.030158634417033595,0.39999999999999997
Fed Interest Rate Decision,2022-11-02 14:00:00,False,0.48538394415358266,1.3034467713787137,0.06385288295766554,0.75
Non Farm Payrolls,2022-11-04 08:30:00,False,0.45695179715798523,0.10035122930255641,0.20237402160701107,115.0
Inflation Rate MoM,2022-11-10 08:30:00,False,2.261575771248104,2.9806932369876904,0.06598046978094484,0.19999999999999996
Retail Sales MoM,2022-11-16 08:30:00,False,0.23820867079561697,0.12702445220704264,0.05157052680903186,1.0
Durable Goods Orders MoM,2022-11-23 08:30:00,False,0.08597528210638952,0.22567298909246242,0.034346079291524015,0.10000000000000003
Non Farm Payrolls,2022-12-02 08:30:00,False,1.3260198104164376,1.549603280259872,0.20972354623450618,84.0
Inflation Rate MoM,2022-12-13 08:30:00,False,1.7662532882374973,1.481799634918938,0.08420006717827605,0.10000000000000003
Fed Interest Rate Decision,2022-12-14 14:00:00,False,0.6669535283993164,1.0274893754370937,0.06810152890196208,0.5
Retail Sales MoM,2022-12-15 08:30:00,False,0.14351954073747716,0.07176769349675288,0.052035904774306085,1.4000000000000001
Durable Goods Orders MoM,2022-12-23 08:30:00,False,0.4483541430193014,0.7600680657969422,0.03853352416601443,1.2999999999999998
Non Farm Payrolls,2023-01-06 08:30:00,False,0.7270661743822752,1.2723658051689912,0.21538343536305327,56.0
Inflation Rate MoM,2023-01-12 08:30:00,False,0.3189189189189238,0.12917115177610825,0.10241966457560725,0.1
Retail Sales MoM,2023-01-18 08:30:00,False,0.28967188076052036,0.015801116612250178,0.05204606274633948,0.19999999999999996
Durable Goods Orders MoM,2023-01-26 08:30:00,False,0.13101352059532542,0.05764594906193843,0.03873337683870563,4.2
Fed Interest Rate Decision,2023-02-01 14:00:00,False,0.330561437942248,0.10327911179963851,0.07235017484625862,0.25
Non Farm Payrolls,2023-02-03 08:30:00,False,0.5193508114856474,0.6238458851125418,0.22104332449160036,75.0
Inflation Rate MoM,2023-02-14 08:30:00,False,0.44631406145796165,0.42046969541585705,0.10328593282939508,0.4
Retail Sales MoM,2023-02-15 08:30:00,False,0.11905994409358912,0.1501190599440983,0.05205622071837288,2.9000000000000004
Durable Goods Orders MoM,2023-02-27 08:30:00,False,0.052534804307853955,0.273152282397439,0.03893322951139683,9.1
Non Farm Payrolls,2023-03-10 08:30:00,False,0.32967032967032966,0.7252747252747277,0.2224121816760251,299.0
Inflation Rate MoM,2023-03-14 08:30:00,False,0.06167302085670198,0.23547880690738093,0.10415220108318289,0.09999999999999998
Retail Sales MoM,2023-03-15 08:30:00,False,0.3207698476343302,0.6015468347178459,0.052508044453575375,3.5
Fed Interest Rate Decision,2023-03-22 14:00:00,False,0.555773873014096,0.20217904077278087,0.08808418881890606,0.25
Durable Goods Orders MoM,2023-03-24 08:30:00,False,0.011685655857437655,0.023372677340181346,0.039046304091298736,5.6
Non Farm Payrolls,2023-04-07 08:30:00,False,0.26699994319150405,1.107514056909184,0.22378103886044987,87.0
Inflation Rate MoM,2023-04-12 08:30:00,False,0.6654466810846781,0.5700370800819057,0.10328593282939508,0.2
Retail Sales MoM,2023-04-14 08:30:00,False,0.005504789166569914,0.3632361034672487,0.05295986818877786,0.2
Durable Goods Orders MoM,2023-04-26 08:30:00,False,0.06860671202331589,0.04001600640256362,0.03893322951139683,1.9
Fed Interest Rate Decision,2023-05-03 14:00:00,False,0.056580287427860136,0.022632114971136333,0.1038182027915535,0.25
Non Farm Payrolls,2023-05-05 08:30:00,False,0.19502122289779114,0.2121924643000542,0.22727980644589912,15.0
Inflation Rate MoM,2023-05-10 08:30:00,False,0.6328031469129547,1.2652456400319188,0.10415220108318289,0.30000000000000004
Retail Sales MoM,2023-05-16 08:30:00,False,0.10226691665246035,0.09092975676289548,0.052508044453575375,1.5
Durable Goods Orders MoM,2023-05-26 08:30:00,False,0.0511073253833101,0.24416557833172192,0.039046304091298736,4.3
Non Farm Payrolls,2023-06-02 08:30:00,False,0.20773679187019514,0.5107194971377336,0.22378103886044987,104.0
Inflation Rate MoM,2023-06-13 08:30:00,False,0.18438520703824676,0.2739581686950132,0.10578419703713,0.2
Fed Interest Rate Decision,2023-06-14 14:00:00,False,0.2312989538979059,0.6359718280248035,0.08808418881890606,0.0
Retail Sales MoM,2023-06-15 08:30:00,False,0.06894357233772709,0.14319049639371118,0.05295986818877786,0.5
Durable Goods Orders MoM,2023-06-27 08:30:00,False,0.04356112169888127,0.332189729347064,0.03915937867120065,2.2
Non Farm Payrolls,2023-07-07 08:30:00,False,0.021540118470656486,0.38246067657833094,0.2224121816760251,81.0
Inflation Rate MoM,2023-07-12 08:30:00,False,0.5157829585310502,0.505702048609317,0.10741619299107712,0.19999999999999998
Retail Sales MoM,2023-07-18 08:30:00,False,0.05605095541400811,0.09172441907868843,0.05396252845129206,0.0
Fed Interest Rate Decision,2023-07-26 14:00:00,False,0.08571572631473028,0.07562770999294141,0.1038182027915535,0.25
Durable Goods Orders MoM,2023-07-27 08:30:00,False,0.13500675033750775,0.4949752512374427,0.03927162002000631,1.0
Non Farm Payrolls,2023-08-04 08:30:00,False,0.1271682181189277,0.2238502238502285,0.22104332449160036,15.0
Inflation Rate MoM,2023-08-10 08:30:00,False,0.5394297456974056,0.10783055198972576,0.11747932560207314,0.0
Retail Sales MoM,2023-08-15 08:30:00,False,0.11504471055796923,0.031374189500099826,0.05496518871380626,0.10000000000000003
Durable Goods Orders MoM,2023-08-24 08:30:00,False,0.06410256410256653,0.037395159997853415,0.039383861368811966,8.4
Non Farm Payrolls,2023-09-01 08:30:00,False,0.16213389121338437,0.1935247659396317,0.21538343536305327,13.0
Inflation Rate MoM,2023-09-13 08:30:00,False,0.3090201928712335,0.16519236917829633,0.12754245821306914,0.39999999999999997
Retail Sales MoM,2023-09-14 08:30:00,False,0.2135155332550443,0.11208967173738506,0.05550807206390719,0.3
Fed Interest Rate Decision,2023-09-20 14:00:00,False,0.2913564260278456,0.32365951019527456,0.09476696455314189,0.0
Durable Goods Orders MoM,2023-09-27 08:30:00,False,0.028009635314548205,0.08962581223391827,0.040102870948384384,5.1
Non Farm Payrolls,2023-10-06 08:30:00,False,0.840528332094462,1.0580497569345153,0.20972354623450618,57.0
Inflation Rate MoM,2023-10-12 08:30:00,False,0.11673800655957177,0.33359279439564105,0.12861337202756334,0.3
Retail Sales MoM,2023-10-17 08:30:00,False,0.20549118100348973,0.18836691591986882,0.05605095541400811,0.5
Durable Goods Orders MoM,2023-10-26 08:30:00,False,0.030227918505531713,0.5198887679845188,0.039383861368811966,1.8
Fed Interest Rate Decision,2023-11-01 14:00:00,False,0.20460973701630036,0.2768415984593109,0.1038182027915535,0.0
Non Farm Payrolls,2023-11-03 08:30:00,False,0.42213612444341375,0.6131420638593322,0.21538343536305327,117.0
Inflation Rate MoM,2023-11-14 08:30:00,False,1.215095221404367,2.833109410596413,0.12754245821306914,0.30000000000000004
Retail Sales MoM,2023-11-15 08:30:00,False,0.09908620499835857,0.7432283637965206,0.05713850093272997,1.2
Durable Goods Orders MoM,2023-11-22 08:30:00,False,0.02777469170092212,0.02777469170092212,0.03927162002000631,7.1
Non Farm Payrolls,2023-12-08 08:30:00,False,0.3148345784418405,0.5017882880478348,0.22104332449160036,30.0
Inflation Rate MoM,2023-12-12 08:30:00,False,0.14600823903634325,0.5528031290743107,0.12861337202756334,0.0
Fed Interest Rate Decision,2023-12-13 14:00:00,False,0.5227584750237666,1.5525162380524826,0.10565809360216982,0.0
Retail Sales MoM,2023-12-14 08:30:00,False,0.10508406725380987,0.5203642549784895,0.058226046451451824,0.1
Durable Goods Orders MoM,2023-12-22 08:30:00,False,0.07842752806234543,0.2352595206587244,0.03915937867120065,7.3
Non Farm Payrolls,2024-01-05 08:30:00,False,0.6317183758724383,0.5194805194805219,0.2224121816760251,3.0
Inflation Rate MoM,2024-01-11 08:30:00,False,0.7017543859649122,0.747204252545001,0.12968428584205757,0.1
Retail Sales MoM,2024-01-17 08:30:00,False,0.12545083895247836,0.18295870360690017,0.05848529580041731,0.10000000000000003
Durable Goods Orders MoM,2024-01-25 08:30:00,False,0.08061265618701678,0.4686082837851548,0.03927162002000631,4.4
Fed Interest Rate Decision,2024-01-31 14:00:00,False,0.38561698717948945,0.5255781359495445,0.10749798441278613,0.0
Non Farm Payrolls,2024-02-02 08:30:00,False,0.8760888172800898,0.7554772097708387,0.22378103886044987,153.0
Inflation Rate MoM,2024-02-13 08:30:00,False,1.2777371372835915,2.336699351187867,0.13483896124746994,0.0
Retail Sales MoM,2024-02-15 08:30:00,False,0.20217959465456428,0.4931209625721189,0.0587445451493828,0.5
Durable Goods Orders MoM,2024-02-27 08:30:00,False,0.029341288082542372,0.12225536701061177,0.039383861368811966,4.2
Non Farm Payrolls,2024-03-08 08:30:00,False,0.5085884272142963,1.2902916346891613,0.22727980644589912,29.0
Inflation Rate MoM,2024-03-12 08:30:00,False,0.5293023699394358,0.5151197176380894,0.1399936366528823,0.10000000000000003
Retail Sales MoM,2024-03-14 08:30:00,False,0.3762263072673631,0.16189705252131284,0.0612629331669486,1.9000000000000001
Fed Interest Rate Decision,2024-03-20 14:00:00,False,0.46629104332620497,0.6995045176333475,0.11223673317588587,0.0
Durable Goods Orders MoM,2024-03-26 08:30:00,False,0.014207909069390571,0.10417653186856107,0.03927162002000631,8.0
Non Farm Payrolls,2024-04-05 08:30:00,False,0.4459576100508383,0.5511886503067485,0.23077857403134838,70.0
Inflation Rate MoM,2024-04-10 08:30:00,False,2.4650391087935533,3.3786665403023353,0.14106497268647245,0.10000000000000003
Retail Sales MoM,2024-04-15 08:30:00,False,0.489033787788979,0.059276822762290945,0.06378132118451439,0.6000000000000001
Durable Goods Orders MoM,2024-04-24 08:30:00,False,0.024845955078513216,0.2385211687537359,0.03915937867120065,1.8
Fed Interest Rate Decision,2024-05-01 14:00:00,False,0.22153970092140834,0.22156201218590377,0.11697548193898559,0.0
Non Farm Payrolls,2024-05-03 08:30:00,False,2.106304079110008,2.0078136590673017,0.23820169106848155,72.0
Inflation Rate MoM,2024-05-15 08:30:00,False,1.2964728312678655,1.2923223652837343,0.14213630872006255,0.0
Durable Goods Orders MoM,2024-05-24 08:30:00,False,0.014535587964541977,0.15020107563350496,0.039046304091298736,1.6
Non Farm Payrolls,2024-06-07 08:30:00,False,1.2578003120124672,1.3163668275559457,0.24562480810561468,20.0
Inflation Rate MoM,2024-06-12 08:30:00,False,1.8585719890152934,2.0641302216120763,0.1440722738782029,0.19999999999999998
Fed Interest Rate Decision,2024-06-12 14:00:00,False,0.6484149855907781,0.3313643567209379,0.11713876736245263,0.0
Retail Sales MoM,2024-06-18 08:30:00,False,0.2693042158350879,0.014690759512275692,0.0649073721277871,0.4
Durable Goods Orders MoM,2024-06-27 08:30:00,False,0.0539347879382157,0.27463096464127,0.03893322951139683,0.30000000000000004
Non Farm Payrolls,2024-07-05 08:30:00,False,0.39984396333137395,0.39982446730702703,0.250681466133237,28.0
Inflation Rate MoM,2024-07-11 08:30:00,False,1.2581344902386074,1.7469356239745333,0.14600823903634325,0.1
Retail Sales MoM,2024-07-16 08:30:00,False,0.09879204275000306,0.2918331612265972,0.06603342307105982,0.3
Durable Goods Orders MoM,2024-07-25 08:30:00,False,0.013559322033906526,0.0225998915205207,0.039046304091298736,0.19999999999999998
Fed Interest Rate Decision,2024-07-31 14:00:00,False,0.2413445083154153,0.2984681560812966,0.11730205278591965,0.0
Non Farm Payrolls,2024-08-02 08:30:00,False,0.993851985392687,1.9974107638246843,0.2557381241608593,4.0
Inflation Rate MoM,2024-08-14 08:30:00,False,0.7591474915126324,0.004711647191853989,0.15668612788637648,0.30000000000000004
Retail Sales MoM,2024-08-15 08:30:00,False,1.3272857483886455,1.8238243017426505,0.06748849770439345,0.5
Durable Goods Orders MoM,2024-08-26 08:30:00,False,0.035631569570627436,0.15143417067520207,0.03893322951139683,11.9
Non Farm Payrolls,2024-09-06 08:30:00,False,0.43779127241913696,0.1695234507440153,0.2610984115312618,71.0
Inflation Rate MoM,2024-09-11 08:30:00,False,1.5162317600646462,1.0028993773468278,0.1673640167364097,0.0
Retail Sales MoM,2024-09-17 08:30:00,False,0.12605231170934708,0.13955791653535807,0.06894357233772709,1.3
Fed Interest Rate Decision,2024-09-18 14:00:00,False,1.9377410962590749,1.1610705159815347,0.14307351404225688,0.25
Durable Goods Orders MoM,2024-09-26 08:30:00,False,0.013388673182495734,0.16511223169261538,0.03873337683870563,12.4
Non Farm Payrolls,2024-10-04 08:30:00,False,0.3025650289017259,0.9358047016274782,0.26645869890166435,19.0
Inflation Rate MoM,2024-10-10 08:30:00,False,0.6537126369415266,0.8836789900811501,0.17587461188732822,0.1
Retail Sales MoM,2024-10-17 08:30:00,False,0.11295017159737213,0.09559814018162854,0.06978252063213838,0.19999999999999998
Durable Goods Orders MoM,2024-10-25 08:30:00,False,0.02235336194563662,0.05811874105864302,0.03853352416601443,0.19999999999999996
Non Farm Payrolls,2024-11-01 08:30:00,False,0.23037311410246472,0.5417851821752675,0.2667293210465842,110.0
Fed Interest Rate Decision,2024-11-07 14:00:00,False,0.05419150443952341,0.008340283569633783,0.1688449752985941,0.25
Inflation Rate MoM,2024-11-13 08:30:00,False,1.3223209443957709,1.4015767738706004,0.18438520703824676,0.0
Retail Sales MoM,2024-11-15 08:30:00,False,0.0894416286894633,0.04260213862735909,0.07062146892654966,0.5
Durable Goods Orders MoM,2024-11-27 08:30:00,False,0.2364933741080604,0.032622436080403175,0.03708254686832094,0.9
Non Farm Payrolls,2024-12-06 08:30:00,False,0.507023522566714,0.7439115617986906,0.26645869890166435,164.0
Inflation Rate MoM,2024-12-11 08:30:00,False,0.568443051201668,0.6976647031791902,0.18778527810153892,0.09999999999999998
Retail Sales MoM,2024-12-17 08:30:00,False,0.016817321841500563,0.0,0.07141181749576282,0.0
Fed Interest Rate Decision,2024-12-18 14:00:00,False,0.4576178680885046,1.7752224273963482,0.14307351404225688,0.25
Durable Goods Orders MoM,2024-12-23 09:30:00,False,0.004418717688122887,0.32258064516129836,0.03853352416601443,1.2000000000000002
Non Farm Payrolls,2025-01-10 08:30:00,False,1.1209964412811306,1.3980409617097103,0.2667293210465842,52.0
Inflation Rate MoM,2025-01-15 08:30:00,False,1.3968225633702127,2.5977504017139714,0.19118534916483107,0.0
Retail Sales MoM,2025-01-16 08:30:00,False,0.06602403274792024,0.03520352035204321,0.07062146892654966,0.20000000000000007
Durable Goods Orders MoM,2025-01-28 08:30:00,False,0.008707767328468863,0.1959247648902821,0.03708254686832094,2.6
Fed Interest Rate Decision,2025-01-29 14:00:00,False,0.3960309861606912,0.7179531807501524,0.1688449752985941,0.0
Non Farm Payrolls,2025-02-07 08:30:00,False,0.42299723756906865,0.2158242327448526,0.26699994319150405,137.0
Inflation Rate MoM,2025-02-12 08:30:00,False,2.2150659297619604,2.1671961356020795,0.1932792781968219,0.10000000000000003
Retail Sales MoM,2025-02-14 08:30:00,False,0.039273869785306816,0.056733874487201144,0.06978252063213838,0.7999999999999999
Durable Goods Orders MoM,2025-02-27 08:30:00,False,0.02279773846434434,0.04103967168263069,0.035631569570627436,3.8
Non Farm Payrolls,2025-03-07 08:30:00,False,1.0411645618432426,0.26007802340700453,0.27100884313585744,35.0
Inflation Rate MoM,2025-03-12 08:30:00,False,1.2542871141597212,0.25467724556763865,0.1953732072288127,0.2
Retail Sales MoM,2025-03-17 08:30:00,False,0.11220059515096967,0.448802380603923,0.06894357233772709,1.7999999999999998
Fed Interest Rate Decision,2025-03-19 14:00:00,False,0.3902862098872462,0.5732453393708796,0.17227813406411546,0.0
Durable Goods Orders MoM,2025-03-26 08:30:00,False,0.014197151105020204,0.12303615370056617,0.03292974403807958,4.3
Non Farm Payrolls,2025-04-04 08:30:00,False,0.17807997409745585,0.4578507945057905,0.2750177430802108,18.0
Inflation Rate MoM,2025-04-10 08:30:00,False,0.7357679914070916,0.11806375442739324,0.19871407448839754,0.1
Retail Sales MoM,2025-04-16 08:30:00,False,0.010594903851249959,0.1059490385124755,0.06978252063213838,1.1
Durable Goods Orders MoM,2025-04-24 08:30:00,False,0.036446943663440874,0.2863390254060808,0.030227918505531713,1.1
Non Farm Payrolls,2025-05-02 08:30:00,False,0.730328647891558,0.41541541541541316,0.27100884313585744,55.0
Fed Interest Rate Decision,2025-05-07 14:00:00,False,0.025061400431056088,0.6062427977353643,0.17571129282963685,0.0
Inflation Rate MoM,2025-05-13 08:30:00,False,0.27041130983442374,0.11391684070626715,0.20205494174798236,0.4
Retail Sales MoM,2025-05-15 08:30:00,False,0.0,0.19177294083804775,0.06894357233772709,1.7
Durable Goods Orders MoM,2025-05-27 08:30:00,False,0.019281754639676595,0.004820206304825463,0.03292974403807958,15.399999999999999
Non Farm Payrolls,2025-06-06 08:30:00,False,0.3503621987595328,0.6532235160465862,0.2750177430802108,17.0
Inflation Rate MoM,2025-06-11 08:30:00,False,1.088265258868204,1.0465385505904101,0.23623312579120304,0.0
Retail Sales MoM,2025-06-17 08:30:00,False,0.0047010154193476775,0.06110458284372183,0.06748849770439345,0.6
Fed Interest Rate Decision,2025-06-18 14:00:00,False,0.32747005988023953,0.046781437125748504,0.17227813406411546,0.0
Durable Goods Orders MoM,2025-06-26 08:30:00,False,0.07868184763490782,0.0,0.030227918505531713,15.1
Non Farm Payrolls,2025-07-03 08:30:00,False,0.3448275862069046,0.02653927813165091,0.27644064060463147,34.0
Inflation Rate MoM,2025-07-15 08:30:00,False,0.4468828812884346,0.1991414789573837,0.27041130983442374,0.19999999999999998
Retail Sales MoM,2025-07-17 08:30:00,False,0.15245269482558027,0.2285765507350468,0.06603342307105982,1.0
Durable Goods Orders MoM,2025-07-25 08:30:00,False,0.01321760585100154,0.10133944307367738,0.03292974403807958,27.3
Fed Interest Rate Decision,2025-07-30 14:00:00,False,0.008801267382495075,0.14520174242089706,0.17571129282963685,0.0
Non Farm Payrolls,2025-08-01 08:30:00,False,0.29233088201708723,0.4472435195326637,0.2778635381290522,96.0
Inflation Rate MoM,2025-08-12 08:30:00,False,0.809372624424268,0.7289477214793696,0.2897157513528286,0.09999999999999998
Retail Sales MoM,2025-08-15 08:30:00,False,0.09966633444555974,0.16897014860708337,0.06748849770439345,0.4
Durable Goods Orders MoM,2025-08-26 08:30:00,False,0.055446558048288914,0.0895598771750217,0.030227918505531713,5.4
Non Farm Payrolls,2025-09-05 08:30:00,False,0.23094688221709006,0.49563172043009607,0.2850972100730697,4.0
Inflation Rate MoM,2025-09-11 08:30:00,False,0.3691584864501941,0.020980194696206784,0.3090201928712335,0.09999999999999998
Retail Sales MoM,2025-09-16 08:30:00,False,0.012362467548511443,0.004121162167727552,0.06894357233772709,0.39999999999999997
Fed Interest Rate Decision,2025-09-17 14:00:00,False,0.35626535626534883,0.30303030303030676,0.17227813406411546,0.25
Durable Goods Orders MoM,2025-09-25 08:30:00,False,0.11076014275750988,0.2912342589933922,0.03292974403807958,2.2
Inflation Rate MoM,2025-10-24 08:30:00,False,1.2521433983331376,0.9933774834437124,0.3139695558950787,0.0
Fed Interest Rate Decision,2025-10-29 14:00:00,False,0.2013899857842327,0.29224754156629246,0.17571129282963685,0.25
Non Farm Payrolls,2025-11-20 08:30:00,False,0.468058191018339,0.3795706634051706,0.2778635381290522,54.0
Retail Sales MoM,2025-11-25 08:30:00,False,0.05759420766824239,0.2262815765654571,0.06748849770439345,0.19999999999999996
Durable Goods Orders MoM,2025-11-26 08:30:00,False,0.0,0.06470136277244971,0.035631569570627436,2.7
Fed Interest Rate Decision,2025-12-10 14:00:00,False,0.4069216182048112,0.8255974718546352,0.18257824452036492,0.25
Non Farm Payrolls,2025-12-16 08:30:00,False,0.41131306800376055,0.0039203387172794335,0.2850972100730697,155.0
Durable Goods Orders MoM,2025-12-23 08:30:00,False,0.03504263520617104,0.15963867149477723,0.03292974403807958,2.2
Non Farm Payrolls,2026-01-09 08:30:00,False,0.18651745270450654,0.2550923281934063,0.29233088201708723,4.0
Inflation Rate MoM,2026-01-13 08:30:00,False,0.9901738473166977,0.5555765524018224,0.3189189189189238,
Retail Sales MoM,2026-01-14 08:30:00,False,0.1021721032316589,0.1627308507417568,0.06603342307105982,0.5
Durable Goods Orders MoM,2026-01-26 08:30:00,False,0.01867832193955695,0.07844309140487503,0.03504263520617104,5.800000000000001
Fed Interest Rate Decision,2026-01-28 14:00:00,False,0.06374920313497105,0.12747928461625327,0.189445196211093,0.0
Retail Sales MoM,2026-02-10 08:30:00,False,0.1261501929355757,0.018551498961116058,0.06748849770439345,0.19999999999999996
Non Farm Payrolls,2026-02-11 08:30:00,False,0.337724995360917,0.6345789883846203,0.2850972100730697,22.0
Inflation Rate MoM,2026-02-13 08:30:00,False,0.5413235742604556,0.19446350949439142,0.34403870268455894,0.0
Durable Goods Orders MoM,2026-02-18 08:30:00,False,0.04143282232852119,0.12053184677390007,0.03263527685585138,7.4
Retail Sales MoM,2026-03-06 08:30:00,False,0.6546389743989471,1.1331775700934543,0.06894357233772709,0.3
Inflation Rate MoM,2026-03-11 08:30:00,False,0.058983130824584167,0.5034612964128454,0.3691584864501941,0.09999999999999998
Durable Goods Orders MoM,2026-03-13 08:30:00,False,0.15170266278093844,0.4591184924944107,0.03504263520617104,2.1
Fed Interest Rate Decision,2026-03-18 14:00:00,False,0.05147699374355457,0.35251713074819335,0.18257824452036492,0.0
Retail Sales MoM,2026-04-01 08:30:00,False,0.003951788184149736,0.18574138476129537,0.06978252063213838,0.6
Non Farm Payrolls,2026-04-03 08:30:00,False,0.20508775389468814,0.007887990534404185,0.29233088201708723,193.0
Durable Goods Orders MoM,2026-04-07 08:30:00,False,0.06688436872958328,0.20460358056265268,0.03533710238839924,0.0
Inflation Rate MoM,2026-04-10 08:30:00,False,0.07142588624488144,0.03383967513912209,0.34403870268455894,0.6000000000000001
Retail Sales MoM,2026-04-21 08:30:00,False,0.0070997515086907385,0.25918693413812116,0.06894357233772709,0.7
Durable Goods Orders MoM,2026-04-29 08:30:00,False,0.11188508319196987,0.09022013713460844,0.035631569570627436,1.7
Fed Interest Rate Decision,2026-04-29 14:00:00,False,0.13478070814511942,0.39708561020036764,0.17571129282963685,0.0
Non Farm Payrolls,2026-05-08 08:30:00,False,0.06628986114018878,0.05931405045184302,0.2850972100730697,123.0
Inflation Rate MoM,2026-05-12 08:30:00,False,0.12905476107428734,0.03139607897858407,0.3189189189189238,0.30000000000000004
Retail Sales MoM,2026-05-14 08:30:00,False,0.0418775082882505,0.16401451702958608,0.06748849770439345,1.1
Durable Goods Orders MoM,2026-05-28 08:30:00,False,0.14425553838227093,0.3536116451524213,0.03603925661703415,2.2
Non Farm Payrolls,2026-06-05 08:30:00,False,0.17805170347542607,0.09243726248759877,0.2778635381290522,94.0
Inflation Rate MoM,2026-06-10 08:30:00,False,0.33679483581251435,0.5894530016490713,0.3139695558950787,0.09999999999999998
Retail Sales MoM,2026-06-17 08:30:00,False,0.033693857609757745,0.03033060357899896,0.06603342307105982,0.09999999999999998
Fed Interest Rate Decision,2026-06-17 14:00:00,False,0.7724064455986089,0.8160682166411298,0.17227813406411546,0.0
Durable Goods Orders MoM,2026-06-25 08:30:00,False,0.4708066708663597,0.5768465720726724,0.036446943663440874,13.0
Non Farm Payrolls,2026-07-02 08:30:00,False,0.4858671744197558,0.3053685765884151,0.27644064060463147,19.0
Inflation Rate MoM,2026-07-14 08:30:00,False,1.6458970138725608,0.87686880564421,0.3189189189189238,0.6
Retail Sales MoM,2026-07-16 08:30:00,False,0.023512814483902886,0.0033591991669155515,0.06602872790949002,0.8
Durable Goods Orders MoM,2026-07-27 08:30:00,False,0.037030802895132435,0.07407158008148793,0.03749023391472765,6.5
Fed Interest Rate Decision,2026-07-29 14:00:00,False,0.6684856753069546,0.3514158990105828,0.17571129282963685,0.0
Non Farm Payrolls,2026-08-07 08:30:00,False,0.2613038732510712,0.5127696175731109,0.2778635381290522,60.0
