et,title,direction,qty,entry,exit_price,outcome,exit_s_from_release,pnl_points,pnl_usd,net_stressed_usd
2016-01-20 08:30:00,Inflation Rate MoM,long,1,15639.0,15647.0,timed,899.0,8.0,40.0,17.5
2016-02-19 08:30:00,Inflation Rate MoM,long,1,16337.0,16320.663,stopped_post,1.0,-16.336999999999534,-81.68499999999767,-104.18499999999767
2016-03-16 08:30:00,Inflation Rate MoM,long,1,17138.0,17120.0,stopped_post,627.0,-18.0,-90.0,-112.5
2016-04-14 08:30:00,Inflation Rate MoM,long,1,17828.0,17853.0,timed,900.0,25.0,125.0,102.5
2016-05-17 08:30:00,Inflation Rate MoM,long,1,17647.0,17629.353,stopped_post,150.0,-17.647000000000844,-88.23500000000422,-110.73500000000422
2016-06-16 08:30:00,Inflation Rate MoM,long,1,17469.0,17471.0,timed,893.0,2.0,10.0,-12.5
2016-08-16 08:30:00,Inflation Rate MoM,long,1,18552.0,18540.0,timed,900.0,-12.0,-60.0,-82.5
2016-09-16 08:30:00,Inflation Rate MoM,long,1,18073.0,18053.0,stopped_post,37.0,-20.0,-100.0,-122.5
2016-10-18 08:30:00,Inflation Rate MoM,long,1,18096.0,18118.0,timed,900.0,22.0,110.0,87.5
2016-11-17 08:30:00,Inflation Rate MoM,long,1,18832.0,18826.0,timed,900.0,-6.0,-30.0,-52.5
2016-12-15 08:30:00,Inflation Rate MoM,long,1,19763.0,19776.0,timed,900.0,13.0,65.0,42.5
2017-01-18 08:30:00,Inflation Rate MoM,long,1,19775.0,19780.0,timed,883.0,5.0,25.0,2.5
2017-02-15 08:30:00,Inflation Rate MoM,long,1,20492.0,20492.0,timed,897.0,0.0,0.0,-22.5
2017-06-14 08:30:00,Inflation Rate MoM,long,1,21316.0,21294.0,stopped_post,288.0,-22.0,-110.0,-132.5
2017-08-11 08:30:00,Inflation Rate MoM,long,1,21831.0,21840.0,timed,900.0,9.0,45.0,22.5
2017-09-14 08:30:00,Inflation Rate MoM,long,1,22099.0,22081.0,timed,900.0,-18.0,-90.0,-112.5
2017-12-13 08:30:00,Inflation Rate MoM,long,1,24556.0,24556.0,timed,889.0,0.0,0.0,-22.5
2018-02-14 08:30:00,Inflation Rate MoM,long,1,24767.0,24742.233,stopped_post,1.0,-24.766999999999825,-123.83499999999913,-146.33499999999913
2018-03-13 08:30:00,Inflation Rate MoM,long,1,25271.0,25372.084,tp,123.0,101.08399999999892,505.4199999999946,482.9199999999946
2018-04-11 08:30:00,Inflation Rate MoM,long,1,24144.0,24119.856,stopped_post,227.0,-24.144000000000233,-120.72000000000116,-143.22000000000116
2018-05-10 08:30:00,Inflation Rate MoM,long,1,24508.0,24548.0,timed,899.0,40.0,200.0,177.5
2018-06-12 08:30:00,Inflation Rate MoM,long,1,25342.0,25347.0,timed,898.0,5.0,25.0,2.5
2018-07-12 08:30:00,Inflation Rate MoM,long,1,24874.0,24876.0,timed,900.0,2.0,10.0,-12.5
2018-08-10 08:30:00,Inflation Rate MoM,long,1,25375.0,25384.0,timed,900.0,9.0,45.0,22.5
2018-09-13 08:30:00,Inflation Rate MoM,long,1,26095.0,26126.0,timed,900.0,31.0,155.0,132.5
2018-10-11 08:30:00,Inflation Rate MoM,long,1,25390.0,25491.56,tp,42.0,101.56000000000131,507.80000000000655,485.30000000000655
2018-11-14 08:30:00,Inflation Rate MoM,long,1,25355.0,25456.42,tp,428.0,101.41999999999825,507.09999999999127,484.59999999999127
2018-12-12 08:30:00,Inflation Rate MoM,long,1,24649.0,24624.351,stopped_post,298.0,-24.64900000000125,-123.24500000000626,-145.74500000000626
2019-01-11 08:30:00,Inflation Rate MoM,long,1,23897.0,23873.103,stopped_post,519.0,-23.897000000000844,-119.48500000000422,-141.98500000000422
2019-02-13 08:30:00,Inflation Rate MoM,long,1,25476.0,25482.0,timed,900.0,6.0,30.0,7.5
2019-03-12 08:30:00,Inflation Rate MoM,long,1,25617.0,25657.0,timed,899.0,40.0,200.0,177.5
2019-04-10 08:30:00,Inflation Rate MoM,long,1,26188.0,26161.812,stopped_post,574.0,-26.187999999998283,-130.93999999999141,-153.43999999999141
2019-05-10 08:30:00,Inflation Rate MoM,long,1,25689.0,25663.311,stopped_post,25.0,-25.688999999998487,-128.44499999999243,-150.94499999999243
2019-06-12 08:30:00,Inflation Rate MoM,long,1,26008.0,26008.0,timed,899.0,0.0,0.0,-22.5
2019-07-11 08:30:00,Inflation Rate MoM,long,1,26976.0,26949.024,stopped_post,1.0,-26.97599999999875,-134.87999999999374,-157.37999999999374
2019-08-13 08:30:00,Inflation Rate MoM,long,1,25806.0,25780.194,stopped_post,127.0,-25.806000000000495,-129.03000000000247,-151.53000000000247
2019-09-12 08:30:00,Inflation Rate MoM,long,1,27195.0,27211.0,timed,900.0,16.0,80.0,57.5
2019-10-10 08:30:00,Inflation Rate MoM,long,1,26244.0,26274.0,timed,899.0,30.0,150.0,127.5
2019-11-13 08:30:00,Inflation Rate MoM,long,1,27574.0,27567.0,timed,892.0,-7.0,-35.0,-57.5
2019-12-11 08:30:00,Inflation Rate MoM,long,1,27887.0,27891.0,timed,900.0,4.0,20.0,-2.5
2020-01-14 08:30:00,Inflation Rate MoM,long,1,28864.0,28882.0,timed,900.0,18.0,90.0,67.5
2020-02-13 08:30:00,Inflation Rate MoM,long,1,29356.0,29362.0,timed,900.0,6.0,30.0,7.5
2020-03-11 08:30:00,Inflation Rate MoM,long,1,24198.0,24173.802,stopped_pre,-186.0,-24.19800000000032,-120.9900000000016,-143.4900000000016
2020-05-12 08:30:00,Inflation Rate MoM,long,1,24234.0,24209.766,stopped_post,108.0,-24.23400000000038,-121.17000000000189,-143.6700000000019
2020-06-10 08:30:00,Inflation Rate MoM,long,1,27292.0,27276.0,timed,900.0,-16.0,-80.0,-102.5
2020-07-14 08:30:00,Inflation Rate MoM,long,1,26081.0,26054.919,stopped_post,13.0,-26.080999999998312,-130.40499999999156,-152.90499999999156
2020-08-12 08:30:00,Inflation Rate MoM,long,1,27864.0,27836.136,stopped_post,81.0,-27.864000000001397,-139.32000000000698,-161.82000000000698
2020-09-11 08:30:00,Inflation Rate MoM,long,1,27551.0,27523.449,stopped_post,89.0,-27.550999999999476,-137.75499999999738,-160.25499999999738
2020-10-13 08:30:00,Inflation Rate MoM,long,1,28671.0,28642.0,stopped_post,241.0,-29.0,-145.0,-167.5
2020-11-12 08:30:00,Inflation Rate MoM,long,1,29053.0,29105.0,timed,900.0,52.0,260.0,237.5
2020-12-10 08:30:00,Inflation Rate MoM,long,1,30045.0,30014.955,stopped_post,312.0,-30.044999999998254,-150.22499999999127,-172.72499999999127
2021-01-13 08:30:00,Inflation Rate MoM,long,1,30918.0,30934.0,timed,900.0,16.0,80.0,57.5
2021-02-10 08:30:00,Inflation Rate MoM,long,1,31367.0,31433.0,timed,900.0,66.0,330.0,307.5
2021-03-10 08:30:00,Inflation Rate MoM,long,1,31913.0,31963.0,timed,900.0,50.0,250.0,227.5
2021-04-13 08:30:00,Inflation Rate MoM,long,1,33523.0,33556.0,timed,900.0,33.0,165.0,142.5
2021-05-12 08:30:00,Inflation Rate MoM,long,1,34086.0,34051.914,stopped_post,1.0,-34.08600000000297,-170.43000000001484,-192.93000000001484
2021-06-10 08:30:00,Inflation Rate MoM,long,1,34505.0,34470.495,stopped_post,1.0,-34.50499999999738,-172.5249999999869,-195.0249999999869
2021-07-13 08:30:00,Inflation Rate MoM,long,1,34845.0,34810.155,stopped_post,1.0,-34.845000000001164,-174.22500000000582,-196.72500000000582
2021-08-11 08:30:00,Inflation Rate MoM,long,1,35158.0,35219.0,timed,897.0,61.0,305.0,282.5
2021-09-14 08:30:00,Inflation Rate MoM,long,1,34731.0,34869.924,tp,74.0,138.92399999999907,694.6199999999953,672.1199999999953
2021-10-13 08:30:00,Inflation Rate MoM,long,1,34290.0,34255.71,stopped_post,5.0,-34.29000000000087,-171.45000000000437,-193.95000000000437
2021-11-10 08:30:00,Inflation Rate MoM,long,1,36169.0,36132.831,stopped_post,1.0,-36.16900000000169,-180.84500000000844,-203.34500000000844
2021-12-10 08:30:00,Inflation Rate MoM,long,1,35840.0,35958.0,timed,900.0,118.0,590.0,567.5
2022-01-12 08:30:00,Inflation Rate MoM,long,1,36236.0,36199.764,stopped_post,1.0,-36.23599999999715,-181.17999999998574,-203.67999999998574
2022-02-10 08:30:00,Inflation Rate MoM,long,1,35708.0,35672.292,stopped_post,41.0,-35.70799999999872,-178.5399999999936,-201.0399999999936
2022-03-10 08:30:00,Inflation Rate MoM,long,1,32900.0,32919.0,timed,900.0,19.0,95.0,72.5
2022-04-12 08:30:00,Inflation Rate MoM,long,1,34256.0,34393.024,tp,841.0,137.0239999999976,685.1199999999881,662.6199999999881
2022-05-11 08:30:00,Inflation Rate MoM,long,1,32364.0,32331.636,stopped_pre,-1.0,-32.3640000000014,-161.82000000000698,-184.32000000000698
2022-06-10 08:30:00,Inflation Rate MoM,long,1,32204.0,32171.796,stopped_post,1.0,-32.20400000000154,-161.0200000000077,-183.5200000000077
2022-07-13 08:30:00,Inflation Rate MoM,long,1,31085.0,31209.34,tp,-7.0,124.34000000000015,621.7000000000007,599.2000000000007
2022-08-10 08:30:00,Inflation Rate MoM,long,1,32813.0,32944.252,tp,1.0,131.2520000000004,656.260000000002,633.760000000002
2022-09-13 08:30:00,Inflation Rate MoM,long,1,32713.0,32680.287,stopped_post,1.0,-32.71299999999974,-163.5649999999987,-186.0649999999987
2022-10-13 08:30:00,Inflation Rate MoM,long,1,29551.0,29521.449,stopped_pre,-1.0,-29.550999999999476,-147.75499999999738,-170.25499999999738
2022-11-10 08:30:00,Inflation Rate MoM,long,1,32617.0,32583.0,stopped_pre,-34.0,-34.0,-170.0,-192.5
2022-12-13 08:30:00,Inflation Rate MoM,long,1,34472.0,34609.888,tp,-193.0,137.887999999999,689.439999999995,666.939999999995
2023-01-12 08:30:00,Inflation Rate MoM,long,1,34236.0,34201.764,stopped_pre,-2.0,-34.23599999999715,-171.17999999998574,-193.67999999998574
2023-02-14 08:30:00,Inflation Rate MoM,long,1,34365.0,34330.635,stopped_post,0.0,-34.36499999999796,-171.8249999999898,-194.3249999999898
2023-03-14 08:30:00,Inflation Rate MoM,long,1,32308.0,32275.692,stopped_pre,-76.0,-32.3080000000009,-161.5400000000045,-184.0400000000045
2023-04-12 08:30:00,Inflation Rate MoM,long,1,33909.0,34044.636,tp,48.0,135.6359999999986,678.179999999993,655.679999999993
2023-05-10 08:30:00,Inflation Rate MoM,long,1,33578.0,33712.312,tp,45.0,134.31199999999808,671.5599999999904,649.0599999999904
2023-06-13 08:30:00,Inflation Rate MoM,long,1,34374.0,34339.626,stopped_post,1.0,-34.374000000003434,-171.87000000001717,-194.37000000001717
2023-07-12 08:30:00,Inflation Rate MoM,long,1,34499.0,34636.996,tp,60.0,137.99599999999919,689.9799999999959,667.4799999999959
2023-08-10 08:30:00,Inflation Rate MoM,long,1,35394.0,35358.606,stopped_post,299.0,-35.39400000000023,-176.97000000000116,-199.47000000000116
2023-09-13 08:30:00,Inflation Rate MoM,long,1,34974.0,34939.026,stopped_post,1.0,-34.97400000000198,-174.8700000000099,-197.3700000000099
2023-10-12 08:30:00,Inflation Rate MoM,long,1,34135.0,34100.865,stopped_post,1.0,-34.13500000000204,-170.6750000000102,-193.1750000000102
2023-11-14 08:30:00,Inflation Rate MoM,long,1,34408.0,34373.592,stopped_post,1.0,-34.408000000003085,-172.04000000001543,-194.54000000001543
2023-12-12 08:30:00,Inflation Rate MoM,long,1,36918.0,36881.082,stopped_post,3.0,-36.917999999997846,-184.58999999998923,-207.08999999998923
2024-01-11 08:30:00,Inflation Rate MoM,long,1,37953.0,37915.047,stopped_post,1.0,-37.95300000000134,-189.7650000000067,-212.2650000000067
2024-02-13 08:30:00,Inflation Rate MoM,long,1,38829.0,38790.171,stopped_post,1.0,-38.828999999997905,-194.14499999998952,-216.64499999998952
2024-03-12 08:30:00,Inflation Rate MoM,long,1,39241.0,39201.759,stopped_post,1.0,-39.241000000001804,-196.20500000000902,-218.70500000000902
2024-04-10 08:30:00,Inflation Rate MoM,long,1,39249.0,39209.751,stopped_post,1.0,-39.249000000003434,-196.24500000001717,-218.74500000001717
2024-05-15 08:30:00,Inflation Rate MoM,long,1,39682.0,39840.728,tp,2.0,158.7280000000028,793.640000000014,771.140000000014
2024-06-12 08:30:00,Inflation Rate MoM,long,1,38820.0,38975.28,tp,1.0,155.27999999999884,776.3999999999942,753.8999999999942
2024-07-11 08:30:00,Inflation Rate MoM,long,1,39973.0,40132.892,tp,2.0,159.89199999999983,799.4599999999991,776.9599999999991
2024-08-14 08:30:00,Inflation Rate MoM,long,1,39878.0,39838.122,stopped_post,1.0,-39.87799999999697,-199.38999999998487,-221.88999999998487
2024-09-11 08:30:00,Inflation Rate MoM,long,1,40665.0,40624.335,stopped_post,1.0,-40.66500000000087,-203.32500000000437,-225.82500000000437
2024-10-10 08:30:00,Inflation Rate MoM,long,1,42787.0,42744.213,stopped_post,1.0,-42.786999999996624,-213.93499999998312,-236.43499999998312
2024-11-13 08:30:00,Inflation Rate MoM,long,1,43982.0,44157.928,tp,49.0,175.92799999999988,879.6399999999994,857.1399999999994
2024-12-11 08:30:00,Inflation Rate MoM,long,1,44326.0,44428.0,timed,900.0,102.0,510.0,487.5
2025-01-15 08:30:00,Inflation Rate MoM,long,1,42963.0,43134.852,tp,1.0,171.85199999999895,859.2599999999948,836.7599999999948
2025-02-12 08:30:00,Inflation Rate MoM,long,1,44686.0,44641.314,stopped_post,1.0,-44.68600000000151,-223.43000000000757,-245.93000000000757
2025-03-12 08:30:00,Inflation Rate MoM,long,1,41719.0,41885.876,tp,1.0,166.87599999999657,834.3799999999828,811.8799999999828
2025-04-10 08:30:00,Inflation Rate MoM,long,1,40198.0,40358.792,tp,1.0,160.79200000000128,803.9600000000064,781.4600000000064
2025-05-13 08:30:00,Inflation Rate MoM,long,1,42305.0,42313.0,timed,900.0,8.0,40.0,17.5
2025-06-11 08:30:00,Inflation Rate MoM,long,1,42808.0,42979.232,tp,1.0,171.2320000000036,856.160000000018,833.660000000018
2025-07-15 08:30:00,Inflation Rate MoM,long,1,44601.0,44645.0,timed,900.0,44.0,220.0,197.5
2025-08-12 08:30:00,Inflation Rate MoM,long,1,44119.0,44296.0,tp,66.0,177.0,885.0,862.5
2025-09-11 08:30:00,Inflation Rate MoM,long,1,45623.0,45577.377,stopped_post,2.0,-45.62299999999959,-228.11499999999796,-250.61499999999796
2025-10-24 08:30:00,Inflation Rate MoM,long,1,46986.0,47173.944,tp,1.0,187.94400000000314,939.7200000000157,917.2200000000157
2026-01-13 08:30:00,Inflation Rate MoM,long,1,49682.0,49880.728,tp,98.0,198.7280000000028,993.640000000014,971.140000000014
2026-02-13 08:30:00,Inflation Rate MoM,long,1,49439.0,49522.0,timed,900.0,83.0,415.0,392.5
2026-03-11 08:30:00,Inflation Rate MoM,long,1,47661.0,47613.339,stopped_post,231.0,-47.66100000000006,-238.3050000000003,-260.8050000000003
2026-04-10 08:30:00,Inflation Rate MoM,long,1,48397.0,48418.0,timed,900.0,21.0,105.0,82.5
2026-05-12 08:30:00,Inflation Rate MoM,long,1,49731.0,49786.0,timed,895.0,55.0,275.0,252.5
2026-06-10 08:30:00,Inflation Rate MoM,long,1,50522.0,50725.0,tp,4.0,203.0,1015.0,992.5
2026-07-14 08:30:00,Inflation Rate MoM,long,1,52499.0,52708.996,tp,1.0,209.99599999999919,1049.979999999996,1027.479999999996
