category	mtime	bytes	status	path
json 	2026-07-14	    3,160	unique                	BOX_STRATEGY_CHAMPIONS_2026-07-14/backtester/champions/CL_15m.json
json 	2026-07-14	    3,152	unique                	BOX_STRATEGY_CHAMPIONS_2026-07-14/backtester/champions/CL_1h.json
json 	2026-07-14	    3,144	unique                	BOX_STRATEGY_CHAMPIONS_2026-07-14/backtester/champions/CL_2h.json
json 	2026-07-14	    3,151	unique                	BOX_STRATEGY_CHAMPIONS_2026-07-14/backtester/champions/CL_2m.json
json 	2026-07-14	    3,119	unique                	BOX_STRATEGY_CHAMPIONS_2026-07-14/backtester/champions/CL_4h.json
json 	2026-07-14	    3,146	unique                	BOX_STRATEGY_CHAMPIONS_2026-07-14/backtester/champions/CL_5m.json
json 	2026-07-14	    3,146	unique                	BOX_STRATEGY_CHAMPIONS_2026-07-14/backtester/champions/ES_15m.json
json 	2026-07-14	    3,117	unique                	BOX_STRATEGY_CHAMPIONS_2026-07-14/backtester/champions/ES_1h.json
json 	2026-07-14	    3,143	unique                	BOX_STRATEGY_CHAMPIONS_2026-07-14/backtester/champions/ES_2h.json
json 	2026-07-14	    3,100	unique                	BOX_STRATEGY_CHAMPIONS_2026-07-14/backtester/champions/ES_2m.json
json 	2026-07-14	    3,102	unique                	BOX_STRATEGY_CHAMPIONS_2026-07-14/backtester/champions/ES_4h.json
json 	2026-07-14	    3,090	unique                	BOX_STRATEGY_CHAMPIONS_2026-07-14/backtester/champions/ES_5m.json
json 	2026-07-14	    3,094	unique                	BOX_STRATEGY_CHAMPIONS_2026-07-14/backtester/champions/GC_15m.json
json 	2026-07-14	    3,114	unique                	BOX_STRATEGY_CHAMPIONS_2026-07-14/backtester/champions/GC_1h.json
json 	2026-07-14	    3,087	unique                	BOX_STRATEGY_CHAMPIONS_2026-07-14/backtester/champions/GC_2h.json
json 	2026-07-14	    3,140	unique                	BOX_STRATEGY_CHAMPIONS_2026-07-14/backtester/champions/GC_2m.json
json 	2026-07-14	    3,112	unique                	BOX_STRATEGY_CHAMPIONS_2026-07-14/backtester/champions/GC_4h.json
json 	2026-07-14	    3,116	unique                	BOX_STRATEGY_CHAMPIONS_2026-07-14/backtester/champions/GC_5m.json
json 	2026-07-14	    3,154	unique                	BOX_STRATEGY_CHAMPIONS_2026-07-14/backtester/champions/HG_15m.json
json 	2026-07-14	    3,151	unique                	BOX_STRATEGY_CHAMPIONS_2026-07-14/backtester/champions/HG_1h.json
json 	2026-07-14	    3,151	unique                	BOX_STRATEGY_CHAMPIONS_2026-07-14/backtester/champions/HG_2h.json
json 	2026-07-14	    3,154	unique                	BOX_STRATEGY_CHAMPIONS_2026-07-14/backtester/champions/HG_2m.json
json 	2026-07-14	    3,103	unique                	BOX_STRATEGY_CHAMPIONS_2026-07-14/backtester/champions/HG_4h.json
json 	2026-07-14	    3,106	unique                	BOX_STRATEGY_CHAMPIONS_2026-07-14/backtester/champions/HG_5m.json
json 	2026-07-14	    3,109	unique                	BOX_STRATEGY_CHAMPIONS_2026-07-14/backtester/champions/NG_15m.json
json 	2026-07-14	    3,108	unique                	BOX_STRATEGY_CHAMPIONS_2026-07-14/backtester/champions/NG_1h.json
json 	2026-07-14	    3,110	unique                	BOX_STRATEGY_CHAMPIONS_2026-07-14/backtester/champions/NG_2h.json
json 	2026-07-14	    3,133	unique                	BOX_STRATEGY_CHAMPIONS_2026-07-14/backtester/champions/NG_2m.json
json 	2026-07-14	    3,157	unique                	BOX_STRATEGY_CHAMPIONS_2026-07-14/backtester/champions/NG_4h.json
json 	2026-07-14	    3,161	unique                	BOX_STRATEGY_CHAMPIONS_2026-07-14/backtester/champions/NG_5m.json
json 	2026-07-14	    3,129	unique                	BOX_STRATEGY_CHAMPIONS_2026-07-14/backtester/champions/NQ_15m.json
json 	2026-07-14	    3,121	unique                	BOX_STRATEGY_CHAMPIONS_2026-07-14/backtester/champions/NQ_1h.json
json 	2026-07-14	    3,146	unique                	BOX_STRATEGY_CHAMPIONS_2026-07-14/backtester/champions/NQ_2h.json
json 	2026-07-14	    3,141	unique                	BOX_STRATEGY_CHAMPIONS_2026-07-14/backtester/champions/NQ_2m.json
json 	2026-07-14	    3,107	unique                	BOX_STRATEGY_CHAMPIONS_2026-07-14/backtester/champions/NQ_4h.json
json 	2026-07-14	    3,141	unique                	BOX_STRATEGY_CHAMPIONS_2026-07-14/backtester/champions/NQ_5m.json
json 	2026-07-14	    3,098	unique                	BOX_STRATEGY_CHAMPIONS_2026-07-14/backtester/champions/RTY_15m.json
json 	2026-07-14	    3,126	unique                	BOX_STRATEGY_CHAMPIONS_2026-07-14/backtester/champions/RTY_1h.json
json 	2026-07-14	    3,108	unique                	BOX_STRATEGY_CHAMPIONS_2026-07-14/backtester/champions/RTY_2h.json
json 	2026-07-14	    3,149	unique                	BOX_STRATEGY_CHAMPIONS_2026-07-14/backtester/champions/RTY_2m.json
json 	2026-07-14	    3,148	unique                	BOX_STRATEGY_CHAMPIONS_2026-07-14/backtester/champions/RTY_4h.json
json 	2026-07-14	    3,105	unique                	BOX_STRATEGY_CHAMPIONS_2026-07-14/backtester/champions/RTY_5m.json
json 	2026-07-14	    3,111	unique                	BOX_STRATEGY_CHAMPIONS_2026-07-14/backtester/champions/SI_15m.json
json 	2026-07-14	    3,145	unique                	BOX_STRATEGY_CHAMPIONS_2026-07-14/backtester/champions/SI_1h.json
json 	2026-07-14	    3,148	unique                	BOX_STRATEGY_CHAMPIONS_2026-07-14/backtester/champions/SI_2h.json
json 	2026-07-14	    3,148	unique                	BOX_STRATEGY_CHAMPIONS_2026-07-14/backtester/champions/SI_2m.json
json 	2026-07-14	    3,122	unique                	BOX_STRATEGY_CHAMPIONS_2026-07-14/backtester/champions/SI_4h.json
json 	2026-07-14	    3,121	unique                	BOX_STRATEGY_CHAMPIONS_2026-07-14/backtester/champions/SI_5m.json
json 	2026-07-14	    3,117	unique                	BOX_STRATEGY_CHAMPIONS_2026-07-14/backtester/champions/YM_15m.json
json 	2026-07-14	    3,137	unique                	BOX_STRATEGY_CHAMPIONS_2026-07-14/backtester/champions/YM_1h.json
json 	2026-07-14	    3,110	unique                	BOX_STRATEGY_CHAMPIONS_2026-07-14/backtester/champions/YM_2h.json
json 	2026-07-14	    3,088	unique                	BOX_STRATEGY_CHAMPIONS_2026-07-14/backtester/champions/YM_2m.json
json 	2026-07-14	    3,135	unique                	BOX_STRATEGY_CHAMPIONS_2026-07-14/backtester/champions/YM_4h.json
json 	2026-07-14	    3,082	unique                	BOX_STRATEGY_CHAMPIONS_2026-07-14/backtester/champions/YM_5m.json
json 	2026-07-13	    3,108	unique                	BOX_STRATEGY_CHAMPIONS_EOD_2026-07-13/backtester/champions/CL_15m.json
json 	2026-07-13	    3,108	unique                	BOX_STRATEGY_CHAMPIONS_EOD_2026-07-13/backtester/champions/CL_1h.json
json 	2026-07-13	    3,080	unique                	BOX_STRATEGY_CHAMPIONS_EOD_2026-07-13/backtester/champions/CL_2h.json
json 	2026-07-13	    3,111	unique                	BOX_STRATEGY_CHAMPIONS_EOD_2026-07-13/backtester/champions/CL_2m.json
json 	2026-07-13	    3,087	unique                	BOX_STRATEGY_CHAMPIONS_EOD_2026-07-13/backtester/champions/CL_4h.json
json 	2026-07-13	    3,104	unique                	BOX_STRATEGY_CHAMPIONS_EOD_2026-07-13/backtester/champions/CL_5m.json
json 	2026-07-13	    3,114	unique                	BOX_STRATEGY_CHAMPIONS_EOD_2026-07-13/backtester/champions/ES_15m.json
json 	2026-07-13	    3,085	unique                	BOX_STRATEGY_CHAMPIONS_EOD_2026-07-13/backtester/champions/ES_1h.json
json 	2026-07-13	    3,113	unique                	BOX_STRATEGY_CHAMPIONS_EOD_2026-07-13/backtester/champions/ES_2h.json
json 	2026-07-13	    3,085	unique                	BOX_STRATEGY_CHAMPIONS_EOD_2026-07-13/backtester/champions/ES_2m.json
json 	2026-07-13	    3,090	unique                	BOX_STRATEGY_CHAMPIONS_EOD_2026-07-13/backtester/champions/ES_4h.json
json 	2026-07-13	    3,103	unique                	BOX_STRATEGY_CHAMPIONS_EOD_2026-07-13/backtester/champions/ES_5m.json
json 	2026-07-13	    3,087	unique                	BOX_STRATEGY_CHAMPIONS_EOD_2026-07-13/backtester/champions/GC_15m.json
json 	2026-07-13	    3,086	unique                	BOX_STRATEGY_CHAMPIONS_EOD_2026-07-13/backtester/champions/GC_1h.json
json 	2026-07-13	    3,086	unique                	BOX_STRATEGY_CHAMPIONS_EOD_2026-07-13/backtester/champions/GC_2h.json
json 	2026-07-13	    3,081	unique                	BOX_STRATEGY_CHAMPIONS_EOD_2026-07-13/backtester/champions/GC_2m.json
json 	2026-07-13	    3,081	unique                	BOX_STRATEGY_CHAMPIONS_EOD_2026-07-13/backtester/champions/GC_4h.json
json 	2026-07-13	    3,082	unique                	BOX_STRATEGY_CHAMPIONS_EOD_2026-07-13/backtester/champions/GC_5m.json
json 	2026-07-13	    3,104	unique                	BOX_STRATEGY_CHAMPIONS_EOD_2026-07-13/backtester/champions/HG_15m.json
json 	2026-07-13	    3,107	unique                	BOX_STRATEGY_CHAMPIONS_EOD_2026-07-13/backtester/champions/HG_1h.json
json 	2026-07-13	    3,106	unique                	BOX_STRATEGY_CHAMPIONS_EOD_2026-07-13/backtester/champions/HG_2h.json
json 	2026-07-13	    3,109	unique                	BOX_STRATEGY_CHAMPIONS_EOD_2026-07-13/backtester/champions/HG_2m.json
json 	2026-07-13	    3,082	unique                	BOX_STRATEGY_CHAMPIONS_EOD_2026-07-13/backtester/champions/HG_4h.json
json 	2026-07-13	    3,082	unique                	BOX_STRATEGY_CHAMPIONS_EOD_2026-07-13/backtester/champions/HG_5m.json
json 	2026-07-13	    3,107	unique                	BOX_STRATEGY_CHAMPIONS_EOD_2026-07-13/backtester/champions/NG_15m.json
json 	2026-07-13	    3,090	unique                	BOX_STRATEGY_CHAMPIONS_EOD_2026-07-13/backtester/champions/NG_1h.json
json 	2026-07-13	    3,113	unique                	BOX_STRATEGY_CHAMPIONS_EOD_2026-07-13/backtester/champions/NG_2h.json
json 	2026-07-13	    3,087	unique                	BOX_STRATEGY_CHAMPIONS_EOD_2026-07-13/backtester/champions/NG_2m.json
json 	2026-07-13	    3,113	unique                	BOX_STRATEGY_CHAMPIONS_EOD_2026-07-13/backtester/champions/NG_4h.json
json 	2026-07-13	    3,174	unique                	BOX_STRATEGY_CHAMPIONS_EOD_2026-07-13/backtester/champions/NG_5m.json
json 	2026-07-13	    3,099	unique                	BOX_STRATEGY_CHAMPIONS_EOD_2026-07-13/backtester/champions/NQ_15m.json
json 	2026-07-13	    3,094	unique                	BOX_STRATEGY_CHAMPIONS_EOD_2026-07-13/backtester/champions/NQ_1h.json
json 	2026-07-13	    3,117	unique                	BOX_STRATEGY_CHAMPIONS_EOD_2026-07-13/backtester/champions/NQ_2h.json
json 	2026-07-13	    3,108	unique                	BOX_STRATEGY_CHAMPIONS_EOD_2026-07-13/backtester/champions/NQ_2m.json
json 	2026-07-13	    3,090	unique                	BOX_STRATEGY_CHAMPIONS_EOD_2026-07-13/backtester/champions/NQ_4h.json
json 	2026-07-13	    3,112	unique                	BOX_STRATEGY_CHAMPIONS_EOD_2026-07-13/backtester/champions/NQ_5m.json
json 	2026-07-13	    3,110	unique                	BOX_STRATEGY_CHAMPIONS_EOD_2026-07-13/backtester/champions/RTY_15m.json
json 	2026-07-13	    3,091	unique                	BOX_STRATEGY_CHAMPIONS_EOD_2026-07-13/backtester/champions/RTY_1h.json
json 	2026-07-13	    3,091	unique                	BOX_STRATEGY_CHAMPIONS_EOD_2026-07-13/backtester/champions/RTY_2h.json
json 	2026-07-13	    3,115	unique                	BOX_STRATEGY_CHAMPIONS_EOD_2026-07-13/backtester/champions/RTY_2m.json
json 	2026-07-13	    3,095	unique                	BOX_STRATEGY_CHAMPIONS_EOD_2026-07-13/backtester/champions/RTY_4h.json
json 	2026-07-13	    3,115	unique                	BOX_STRATEGY_CHAMPIONS_EOD_2026-07-13/backtester/champions/RTY_5m.json
json 	2026-07-13	    3,108	unique                	BOX_STRATEGY_CHAMPIONS_EOD_2026-07-13/backtester/champions/SI_15m.json
json 	2026-07-13	    3,105	unique                	BOX_STRATEGY_CHAMPIONS_EOD_2026-07-13/backtester/champions/SI_1h.json
json 	2026-07-13	    3,110	unique                	BOX_STRATEGY_CHAMPIONS_EOD_2026-07-13/backtester/champions/SI_2h.json
json 	2026-07-13	    3,105	unique                	BOX_STRATEGY_CHAMPIONS_EOD_2026-07-13/backtester/champions/SI_2m.json
json 	2026-07-13	    3,083	unique                	BOX_STRATEGY_CHAMPIONS_EOD_2026-07-13/backtester/champions/SI_4h.json
json 	2026-07-13	    3,079	unique                	BOX_STRATEGY_CHAMPIONS_EOD_2026-07-13/backtester/champions/SI_5m.json
json 	2026-07-13	    3,088	unique                	BOX_STRATEGY_CHAMPIONS_EOD_2026-07-13/backtester/champions/YM_15m.json
json 	2026-07-13	    3,110	unique                	BOX_STRATEGY_CHAMPIONS_EOD_2026-07-13/backtester/champions/YM_1h.json
json 	2026-07-13	    3,083	unique                	BOX_STRATEGY_CHAMPIONS_EOD_2026-07-13/backtester/champions/YM_2h.json
json 	2026-07-13	    3,092	unique                	BOX_STRATEGY_CHAMPIONS_EOD_2026-07-13/backtester/champions/YM_2m.json
json 	2026-07-13	    3,083	unique                	BOX_STRATEGY_CHAMPIONS_EOD_2026-07-13/backtester/champions/YM_4h.json
json 	2026-07-13	    3,108	unique                	BOX_STRATEGY_CHAMPIONS_EOD_2026-07-13/backtester/champions/YM_5m.json
json 	2026-07-13	    4,400	unique                	Parametric-Indicators/optimize/results/eod1_champions_full.json
json 	2026-07-13	    4,043	unique                	Parametric-Indicators/optimize/results/eod1_champions_full_CL.json
json 	2026-07-13	    4,265	unique                	Parametric-Indicators/optimize/results/eod1_champions_full_ES.json
json 	2026-07-13	    4,422	unique                	Parametric-Indicators/optimize/results/eod1_champions_full_GC.json
json 	2026-07-13	    4,225	unique                	Parametric-Indicators/optimize/results/eod1_champions_full_HG.json
json 	2026-07-13	    3,820	unique                	Parametric-Indicators/optimize/results/eod1_champions_full_NG.json
json 	2026-07-13	    4,177	unique                	Parametric-Indicators/optimize/results/eod1_champions_full_RTY.json
json 	2026-07-13	    3,821	unique                	Parametric-Indicators/optimize/results/eod1_champions_full_SI.json
json 	2026-07-13	    3,841	unique                	Parametric-Indicators/optimize/results/eod1_champions_full_YM.json
json 	2026-07-03	    2,940	unique                	Parametric-Indicators/optimize/results/l2ic1_4h_champion.json
json 	2026-06-25	    2,870	unique                	Parametric-Indicators/optimize/results/l2v3_4h_champion.json
json 	2026-06-27	    2,895	unique                	Parametric-Indicators/optimize/results/l2v4_4h_champion.json
json 	2026-07-14	    7,255	unique                	best_bundle_verify.json
json 	2026-07-11	    3,426	unique                	cap1_champions/cap1_champions_CL.json
json 	2026-07-11	    4,003	unique                	cap1_champions/cap1_champions_ES.json
json 	2026-07-11	    4,473	unique                	cap1_champions/cap1_champions_GC.json
json 	2026-07-11	    4,222	unique                	cap1_champions/cap1_champions_HG.json
json 	2026-07-11	    3,341	unique                	cap1_champions/cap1_champions_NG.json
json 	2026-07-11	    3,930	unique                	cap1_champions/cap1_champions_NQ.json
json 	2026-07-11	    4,235	unique                	cap1_champions/cap1_champions_RTY.json
json 	2026-07-11	    4,073	unique                	cap1_champions/cap1_champions_SI.json
json 	2026-07-11	    4,363	unique                	cap1_champions/cap1_champions_YM.json
json 	2026-07-14	    4,226	unique                	champions_backup_pre_precise/best_champions_full.json
json 	2026-07-14	    3,390	unique                	champions_backup_pre_precise/best_champions_full_CL.json
json 	2026-07-14	    4,029	unique                	champions_backup_pre_precise/best_champions_full_ES.json
json 	2026-07-14	    4,343	unique                	champions_backup_pre_precise/best_champions_full_GC.json
json 	2026-07-14	    4,160	unique                	champions_backup_pre_precise/best_champions_full_HG.json
json 	2026-07-14	    4,031	unique                	champions_backup_pre_precise/best_champions_full_NG.json
json 	2026-07-14	    3,602	unique                	champions_backup_pre_precise/best_champions_full_RTY.json
json 	2026-07-14	    3,790	unique                	champions_backup_pre_precise/best_champions_full_SI.json
json 	2026-07-14	    4,067	unique                	champions_backup_pre_precise/best_champions_full_YM.json
json 	2026-07-13	      682	unique                	dash_ready.json
json 	2026-07-08	   10,761	unique                	data_paths.json
json 	2026-07-12	    3,436	unique                	deployed_champions_backup/wsh4_champions_full_CL.json
json 	2026-07-11	    3,830	unique                	deployed_champions_backup/wsh4_champions_full_ES.json
json 	2026-07-11	    3,885	unique                	deployed_champions_backup/wsh4_champions_full_GC.json
json 	2026-07-11	    3,795	unique                	deployed_champions_backup/wsh4_champions_full_HG.json
json 	2026-07-12	    3,830	unique                	deployed_champions_backup/wsh4_champions_full_NG.json
json 	2026-07-11	    4,089	unique                	deployed_champions_backup/wsh4_champions_full_RTY.json
json 	2026-07-11	    3,622	unique                	deployed_champions_backup/wsh4_champions_full_SI.json
json 	2026-07-11	    4,029	unique                	deployed_champions_backup/wsh4_champions_full_YM.json
json 	2026-07-13	    7,215	unique                	eod1_bundle_verify.json
json 	2026-07-13	    4,043	unique                	eod1_champions/eod1_champions_CL.json
json 	2026-07-13	    4,265	unique                	eod1_champions/eod1_champions_ES.json
json 	2026-07-13	    4,422	unique                	eod1_champions/eod1_champions_GC.json
json 	2026-07-13	    4,225	unique                	eod1_champions/eod1_champions_HG.json
json 	2026-07-13	    3,820	unique                	eod1_champions/eod1_champions_NG.json
json 	2026-07-13	    4,400	unique                	eod1_champions/eod1_champions_NQ.json
json 	2026-07-13	    4,177	unique                	eod1_champions/eod1_champions_RTY.json
json 	2026-07-13	    3,821	unique                	eod1_champions/eod1_champions_SI.json
json 	2026-07-13	    3,841	unique                	eod1_champions/eod1_champions_YM.json
json 	2026-07-13	  117,059	unique                	eod1_decision.json
json 	2026-07-13	   53,835	unique                	eod1_verified.json
json 	2026-07-11	  661,056	unique                	final_verify.json
json 	2026-07-08	   13,007	unique                	gc4h_ind4h.json
json 	2026-07-08	   12,261	unique                	gc4h_indfalse.json
json 	2026-07-10	   36,086	unique                	hg_metrics.json
json 	2026-07-10	   16,710	unique                	hg_presets_raw.json
json 	2026-07-12	    4,611	unique                	honest_clng.json
json 	2026-07-12	    4,599	unique                	honest_rtyym.json
json 	2026-07-11	   21,734	unique                	manifest_deployed.json
json 	2026-07-14	  423,230	unique                	playbook_metrics_best.json
json 	2026-07-13	  416,465	unique                	playbook_metrics_eod1.json
json 	2026-07-08	10,367,431	unique                	playbook_probe.json
json 	2026-07-08	   26,272	unique                	playbook_validate.json
json 	2026-07-08	   48,947	unique                	playbook_validate2.json
json 	2026-07-14	    3,160	unique                	playbooks_backtester_best/champions/CL_15m.json
json 	2026-07-14	    3,152	unique                	playbooks_backtester_best/champions/CL_1h.json
json 	2026-07-14	    3,144	unique                	playbooks_backtester_best/champions/CL_2h.json
json 	2026-07-14	    3,151	unique                	playbooks_backtester_best/champions/CL_2m.json
json 	2026-07-14	    3,119	unique                	playbooks_backtester_best/champions/CL_4h.json
json 	2026-07-14	    3,146	unique                	playbooks_backtester_best/champions/CL_5m.json
json 	2026-07-14	    3,146	unique                	playbooks_backtester_best/champions/ES_15m.json
json 	2026-07-14	    3,117	unique                	playbooks_backtester_best/champions/ES_1h.json
json 	2026-07-14	    3,143	unique                	playbooks_backtester_best/champions/ES_2h.json
json 	2026-07-14	    3,100	unique                	playbooks_backtester_best/champions/ES_2m.json
json 	2026-07-14	    3,102	unique                	playbooks_backtester_best/champions/ES_4h.json
json 	2026-07-14	    3,090	unique                	playbooks_backtester_best/champions/ES_5m.json
json 	2026-07-14	    3,094	unique                	playbooks_backtester_best/champions/GC_15m.json
json 	2026-07-14	    3,114	unique                	playbooks_backtester_best/champions/GC_1h.json
json 	2026-07-14	    3,087	unique                	playbooks_backtester_best/champions/GC_2h.json
json 	2026-07-14	    3,140	unique                	playbooks_backtester_best/champions/GC_2m.json
json 	2026-07-14	    3,112	unique                	playbooks_backtester_best/champions/GC_4h.json
json 	2026-07-14	    3,116	unique                	playbooks_backtester_best/champions/GC_5m.json
json 	2026-07-14	    3,154	unique                	playbooks_backtester_best/champions/HG_15m.json
json 	2026-07-14	    3,151	unique                	playbooks_backtester_best/champions/HG_1h.json
json 	2026-07-14	    3,151	unique                	playbooks_backtester_best/champions/HG_2h.json
json 	2026-07-14	    3,154	unique                	playbooks_backtester_best/champions/HG_2m.json
json 	2026-07-14	    3,103	unique                	playbooks_backtester_best/champions/HG_4h.json
json 	2026-07-14	    3,106	unique                	playbooks_backtester_best/champions/HG_5m.json
json 	2026-07-14	    3,109	unique                	playbooks_backtester_best/champions/NG_15m.json
json 	2026-07-14	    3,108	unique                	playbooks_backtester_best/champions/NG_1h.json
json 	2026-07-14	    3,110	unique                	playbooks_backtester_best/champions/NG_2h.json
json 	2026-07-14	    3,133	unique                	playbooks_backtester_best/champions/NG_2m.json
json 	2026-07-14	    3,157	unique                	playbooks_backtester_best/champions/NG_4h.json
json 	2026-07-14	    3,161	unique                	playbooks_backtester_best/champions/NG_5m.json
json 	2026-07-14	    3,129	unique                	playbooks_backtester_best/champions/NQ_15m.json
json 	2026-07-14	    3,121	unique                	playbooks_backtester_best/champions/NQ_1h.json
json 	2026-07-14	    3,146	unique                	playbooks_backtester_best/champions/NQ_2h.json
json 	2026-07-14	    3,141	unique                	playbooks_backtester_best/champions/NQ_2m.json
json 	2026-07-14	    3,107	unique                	playbooks_backtester_best/champions/NQ_4h.json
json 	2026-07-14	    3,141	unique                	playbooks_backtester_best/champions/NQ_5m.json
json 	2026-07-14	    3,098	unique                	playbooks_backtester_best/champions/RTY_15m.json
json 	2026-07-14	    3,126	unique                	playbooks_backtester_best/champions/RTY_1h.json
json 	2026-07-14	    3,108	unique                	playbooks_backtester_best/champions/RTY_2h.json
json 	2026-07-14	    3,149	unique                	playbooks_backtester_best/champions/RTY_2m.json
json 	2026-07-14	    3,148	unique                	playbooks_backtester_best/champions/RTY_4h.json
json 	2026-07-14	    3,105	unique                	playbooks_backtester_best/champions/RTY_5m.json
json 	2026-07-14	    3,111	unique                	playbooks_backtester_best/champions/SI_15m.json
json 	2026-07-14	    3,145	unique                	playbooks_backtester_best/champions/SI_1h.json
json 	2026-07-14	    3,148	unique                	playbooks_backtester_best/champions/SI_2h.json
json 	2026-07-14	    3,148	unique                	playbooks_backtester_best/champions/SI_2m.json
json 	2026-07-14	    3,122	unique                	playbooks_backtester_best/champions/SI_4h.json
json 	2026-07-14	    3,121	unique                	playbooks_backtester_best/champions/SI_5m.json
json 	2026-07-14	    3,117	unique                	playbooks_backtester_best/champions/YM_15m.json
json 	2026-07-14	    3,137	unique                	playbooks_backtester_best/champions/YM_1h.json
json 	2026-07-14	    3,110	unique                	playbooks_backtester_best/champions/YM_2h.json
json 	2026-07-14	    3,088	unique                	playbooks_backtester_best/champions/YM_2m.json
json 	2026-07-14	    3,135	unique                	playbooks_backtester_best/champions/YM_4h.json
json 	2026-07-14	    3,082	unique                	playbooks_backtester_best/champions/YM_5m.json
json 	2026-07-13	    3,108	unique                	playbooks_backtester_eod1/champions/CL_15m.json
json 	2026-07-13	    3,108	unique                	playbooks_backtester_eod1/champions/CL_1h.json
json 	2026-07-13	    3,080	unique                	playbooks_backtester_eod1/champions/CL_2h.json
json 	2026-07-13	    3,111	unique                	playbooks_backtester_eod1/champions/CL_2m.json
json 	2026-07-13	    3,087	unique                	playbooks_backtester_eod1/champions/CL_4h.json
json 	2026-07-13	    3,104	unique                	playbooks_backtester_eod1/champions/CL_5m.json
json 	2026-07-13	    3,114	unique                	playbooks_backtester_eod1/champions/ES_15m.json
json 	2026-07-13	    3,085	unique                	playbooks_backtester_eod1/champions/ES_1h.json
json 	2026-07-13	    3,113	unique                	playbooks_backtester_eod1/champions/ES_2h.json
json 	2026-07-13	    3,085	unique                	playbooks_backtester_eod1/champions/ES_2m.json
json 	2026-07-13	    3,090	unique                	playbooks_backtester_eod1/champions/ES_4h.json
json 	2026-07-13	    3,103	unique                	playbooks_backtester_eod1/champions/ES_5m.json
json 	2026-07-13	    3,087	unique                	playbooks_backtester_eod1/champions/GC_15m.json
json 	2026-07-13	    3,086	unique                	playbooks_backtester_eod1/champions/GC_1h.json
json 	2026-07-13	    3,086	unique                	playbooks_backtester_eod1/champions/GC_2h.json
json 	2026-07-13	    3,081	unique                	playbooks_backtester_eod1/champions/GC_2m.json
json 	2026-07-13	    3,081	unique                	playbooks_backtester_eod1/champions/GC_4h.json
json 	2026-07-13	    3,082	unique                	playbooks_backtester_eod1/champions/GC_5m.json
json 	2026-07-13	    3,104	unique                	playbooks_backtester_eod1/champions/HG_15m.json
json 	2026-07-13	    3,107	unique                	playbooks_backtester_eod1/champions/HG_1h.json
json 	2026-07-13	    3,106	unique                	playbooks_backtester_eod1/champions/HG_2h.json
json 	2026-07-13	    3,109	unique                	playbooks_backtester_eod1/champions/HG_2m.json
json 	2026-07-13	    3,082	unique                	playbooks_backtester_eod1/champions/HG_4h.json
json 	2026-07-13	    3,082	unique                	playbooks_backtester_eod1/champions/HG_5m.json
json 	2026-07-13	    3,107	unique                	playbooks_backtester_eod1/champions/NG_15m.json
json 	2026-07-13	    3,090	unique                	playbooks_backtester_eod1/champions/NG_1h.json
json 	2026-07-13	    3,113	unique                	playbooks_backtester_eod1/champions/NG_2h.json
json 	2026-07-13	    3,087	unique                	playbooks_backtester_eod1/champions/NG_2m.json
json 	2026-07-13	    3,113	unique                	playbooks_backtester_eod1/champions/NG_4h.json
json 	2026-07-13	    3,174	unique                	playbooks_backtester_eod1/champions/NG_5m.json
json 	2026-07-13	    3,099	unique                	playbooks_backtester_eod1/champions/NQ_15m.json
json 	2026-07-13	    3,094	unique                	playbooks_backtester_eod1/champions/NQ_1h.json
json 	2026-07-13	    3,117	unique                	playbooks_backtester_eod1/champions/NQ_2h.json
json 	2026-07-13	    3,108	unique                	playbooks_backtester_eod1/champions/NQ_2m.json
json 	2026-07-13	    3,090	unique                	playbooks_backtester_eod1/champions/NQ_4h.json
json 	2026-07-13	    3,112	unique                	playbooks_backtester_eod1/champions/NQ_5m.json
json 	2026-07-13	    3,110	unique                	playbooks_backtester_eod1/champions/RTY_15m.json
json 	2026-07-13	    3,091	unique                	playbooks_backtester_eod1/champions/RTY_1h.json
json 	2026-07-13	    3,091	unique                	playbooks_backtester_eod1/champions/RTY_2h.json
json 	2026-07-13	    3,115	unique                	playbooks_backtester_eod1/champions/RTY_2m.json
json 	2026-07-13	    3,095	unique                	playbooks_backtester_eod1/champions/RTY_4h.json
json 	2026-07-13	    3,115	unique                	playbooks_backtester_eod1/champions/RTY_5m.json
json 	2026-07-13	    3,108	unique                	playbooks_backtester_eod1/champions/SI_15m.json
json 	2026-07-13	    3,105	unique                	playbooks_backtester_eod1/champions/SI_1h.json
json 	2026-07-13	    3,110	unique                	playbooks_backtester_eod1/champions/SI_2h.json
json 	2026-07-13	    3,105	unique                	playbooks_backtester_eod1/champions/SI_2m.json
json 	2026-07-13	    3,083	unique                	playbooks_backtester_eod1/champions/SI_4h.json
json 	2026-07-13	    3,079	unique                	playbooks_backtester_eod1/champions/SI_5m.json
json 	2026-07-13	    3,088	unique                	playbooks_backtester_eod1/champions/YM_15m.json
json 	2026-07-13	    3,110	unique                	playbooks_backtester_eod1/champions/YM_1h.json
json 	2026-07-13	    3,083	unique                	playbooks_backtester_eod1/champions/YM_2h.json
json 	2026-07-13	    3,092	unique                	playbooks_backtester_eod1/champions/YM_2m.json
json 	2026-07-13	    3,083	unique                	playbooks_backtester_eod1/champions/YM_4h.json
json 	2026-07-13	    3,108	unique                	playbooks_backtester_eod1/champions/YM_5m.json
json 	2026-07-14	  157,856	unique                	precise_decision.json
json 	2026-07-14	  152,374	unique                	precise_metrics.json
json 	2026-07-08	  102,930	unique                	presets_raw.json
json 	2026-07-14	  152,435	unique                	presets_raw_best.json
json 	2026-07-13	  150,428	unique                	presets_raw_eod1.json
json 	2026-07-07	    1,080	unique                	recorded.json
md   	2026-07-14	    7,901	unique                	BOX_STRATEGY_CHAMPIONS_2026-07-14/MEGA_REPORT.md
md   	2026-07-14	    1,257	unique                	BOX_STRATEGY_CHAMPIONS_2026-07-14/README.md
md   	2026-07-13	    6,330	unique                	BOX_STRATEGY_CHAMPIONS_EOD_2026-07-13/MEGA_REPORT.md
md   	2026-07-13	    1,471	unique                	BOX_STRATEGY_CHAMPIONS_EOD_2026-07-13/README.md
md   	2026-07-10	      321	unique                	CL_SIGNALS_DELIVERY/README.md
md   	2026-07-08	      321	unique                	HG_SIGNALS_DELIVERY/README.md
md   	2026-07-10	      321	unique                	NG_SIGNALS_DELIVERY/README.md
md   	2026-07-07	   13,281	EDIT of a file we have	Parametric-Indicators/DAILY_REPORTS.md
md   	2026-06-28	   39,152	EDIT of a file we have	Parametric-Indicators/docs/PERFORMANCE.md
md   	2026-07-14	    6,839	EDIT of a file we have	Parametric-Indicators/optimize/reports/WS-I_RESULTS.md
md   	2026-07-14	    6,420	unique                	Parametric-Indicators/optimize/reports/WS-I_RESULTS_CL.md
md   	2026-07-14	    6,654	EDIT of a file we have	Parametric-Indicators/optimize/reports/WS-I_RESULTS_ES.md
md   	2026-07-14	    6,848	EDIT of a file we have	Parametric-Indicators/optimize/reports/WS-I_RESULTS_GC.md
md   	2026-07-14	    6,590	unique                	Parametric-Indicators/optimize/reports/WS-I_RESULTS_HG.md
md   	2026-07-14	    6,214	unique                	Parametric-Indicators/optimize/reports/WS-I_RESULTS_NG.md
md   	2026-07-14	    6,629	EDIT of a file we have	Parametric-Indicators/optimize/reports/WS-I_RESULTS_RTY.md
md   	2026-07-14	    6,244	EDIT of a file we have	Parametric-Indicators/optimize/reports/WS-I_RESULTS_SI.md
md   	2026-07-14	    6,248	EDIT of a file we have	Parametric-Indicators/optimize/reports/WS-I_RESULTS_YM.md
md   	2026-07-07	      324	unique                	RTY_SIGNALS_DELIVERY/README.md
md   	2026-07-06	      321	unique                	SI_SIGNALS_DELIVERY/README.md
md   	2026-07-07	      321	unique                	YM_SIGNALS_DELIVERY/README.md
md   	2026-07-06	    5,001	unique                	subprojects/all-stocks-signals/NEW_STOCK_ONBOARDING_SOP.md
src  	2026-07-11	    3,894	unique                	Parametric-Indicators/cap_verify.py
src  	2026-06-27	    1,701	unique                	Parametric-Indicators/diag_eson.py
src  	2026-07-07	    1,369	unique                	Parametric-Indicators/dump_champion_full.py
src  	2026-07-11	    3,894	unique                	Parametric-Indicators/final_verify.py
src  	2026-07-14	   60,222	EDIT of a file we have	Parametric-Indicators/frontend/dashboard.html
src  	2026-07-08	    3,765	unique                	Parametric-Indicators/gc4h_ind4h_champion.py
src  	2026-07-08	    2,686	unique                	Parametric-Indicators/gc4h_indfalse.py
src  	2026-07-08	    2,492	unique                	Parametric-Indicators/gc_diag.py
src  	2026-07-10	    1,236	unique                	Parametric-Indicators/hg_capture_presets.py
src  	2026-07-10	    2,969	unique                	Parametric-Indicators/hg_verify.py
src  	2026-07-07	   10,735	unique                	Parametric-Indicators/l1_runner.py
src  	2026-07-07	    1,867	unique                	Parametric-Indicators/measure_correct_frame.py
src  	2026-07-07	    1,890	unique                	Parametric-Indicators/measure_deep.py
src  	2026-07-07	    1,278	unique                	Parametric-Indicators/measure_one.py
src  	2026-07-14	    5,132	EDIT of a file we have	Parametric-Indicators/optimize/build_champions_from_pareto.py
src  	2026-07-07	   13,313	EDIT of a file we have	Parametric-Indicators/optimize/counterfactual_pause.py
src  	2026-07-10	    3,004	EDIT of a file we have	Parametric-Indicators/optimize/instruments.py
src  	2026-06-26	    1,102	EDIT of a file we have	Parametric-Indicators/optimize/l2/contributors/test_contrib_registry.py
src  	2026-06-27	    3,633	EDIT of a file we have	Parametric-Indicators/optimize/l2/contributors/test_contrib_search.py
src  	2026-06-27	    3,009	EDIT of a file we have	Parametric-Indicators/optimize/l2/contributors/test_contrib_wiring.py
src  	2026-07-14	   36,574	EDIT of a file we have	Parametric-Indicators/optimize/l2/payload.py
src  	2026-06-30	    1,699	EDIT of a file we have	Parametric-Indicators/optimize/l2/test_instrument_champion_default.py
src  	2026-06-30	    1,989	EDIT of a file we have	Parametric-Indicators/optimize/l2/test_instrument_engine.py
src  	2026-06-29	    7,071	EDIT of a file we have	Parametric-Indicators/optimize/l2/test_l2_server.py
src  	2026-06-27	    3,286	EDIT of a file we have	Parametric-Indicators/optimize/l2/test_optimize.py
src  	2026-06-27	    9,817	EDIT of a file we have	Parametric-Indicators/optimize/l2/test_payload.py
src  	2026-07-11	    3,013	EDIT of a file we have	Parametric-Indicators/optimize/l2/test_tf_defaults.py
src  	2026-07-13	   44,885	EDIT of a file we have	Parametric-Indicators/optimize/optimizer.py
src  	2026-07-14	   18,519	EDIT of a file we have	Parametric-Indicators/optimize/report_wsi.py
src  	2026-06-30	   21,634	EDIT of a file we have	Parametric-Indicators/optimize/server/remote_wsi.sh
src  	2026-07-11	    4,957	EDIT of a file we have	Parametric-Indicators/optimize/storage.py
src  	2026-07-13	   10,932	EDIT of a file we have	Parametric-Indicators/optimize/test_cap_both.py
src  	2026-07-11	    3,714	EDIT of a file we have	Parametric-Indicators/optimize/test_cap_search.py
src  	2026-07-13	    3,824	EDIT of a file we have	Parametric-Indicators/optimize/test_force_eod.py
src  	2026-07-11	    1,883	EDIT of a file we have	Parametric-Indicators/optimize/test_instruments.py
src  	2026-07-11	    1,461	EDIT of a file we have	Parametric-Indicators/optimize/test_instruments_comex.py
src  	2026-07-07	    1,061	EDIT of a file we have	Parametric-Indicators/optimize/test_intracandle_engine.py
src  	2026-07-07	    4,146	EDIT of a file we have	Parametric-Indicators/optimize/test_intracandle_parity.py
src  	2026-07-14	    7,218	EDIT of a file we have	Parametric-Indicators/optimize/test_param_precision.py
src  	2026-06-30	    2,418	EDIT of a file we have	Parametric-Indicators/optimize/trial_count.py
src  	2026-07-07	    2,027	unique                	Parametric-Indicators/parity_probe.py
src  	2026-07-08	    3,205	unique                	Parametric-Indicators/playbook_probe.py
src  	2026-07-08	    4,084	unique                	Parametric-Indicators/playbook_validate.py
src  	2026-07-08	    4,069	unique                	Parametric-Indicators/playbook_validate2.py
src  	2026-07-08	    1,701	unique                	Parametric-Indicators/probe2.py
src  	2026-06-28	    2,982	unique                	Parametric-Indicators/profile_trial.py
src  	2026-07-07	    4,472	EDIT of a file we have	Parametric-Indicators/research/kalman_fusion/ceiling.py
src  	2026-07-07	    1,531	EDIT of a file we have	Parametric-Indicators/research/kalman_fusion/rig.py
src  	2026-07-07	    3,214	EDIT of a file we have	Parametric-Indicators/run_dashboard.sh
src  	2026-07-13	   19,592	EDIT of a file we have	Parametric-Indicators/server.py
src  	2026-07-07	    1,057	unique                	Parametric-Indicators/si4h_probe.py
src  	2026-07-07	      859	unique                	Parametric-Indicators/test_ind1min.py
src  	2026-07-07	    1,045	unique                	Parametric-Indicators/trial_vs_champion.py
src  	2026-07-07	    3,749	unique                	Parametric-Indicators/ui_snapshot.py
src  	2026-07-07	    4,397	unique                	Parametric-Indicators/ui_snapshot_all.py
src  	2026-07-01	    1,709	unique                	Parametric-Indicators/verify_wshent1.py
src  	2026-07-01	    3,844	unique                	Parametric-Indicators/wshent1_extract.py
src  	2026-07-01	    1,063	unique                	Parametric-Indicators/wshent1_rate.py
src  	2026-06-28	    1,999	unique                	Parametric-Indicators/wshes1_verdict.py
src  	2026-07-11	    3,718	unique                	bench_both.py
src  	2026-07-14	    3,075	unique                	best_bundle_verify.py
src  	2026-07-14	    4,374	unique                	best_gen_bundle.py
src  	2026-07-14	    8,199	unique                	best_package.py
src  	2026-07-14	    3,060	unique                	best_playbook_metrics.py
src  	2026-07-14	    4,625	unique                	best_snap.py
src  	2026-07-14	    3,112	unique                	build_best_precise.py
src  	2026-07-14	    3,482	unique                	build_best_set.py
src  	2026-07-11	    3,256	unique                	clng_bundle_verify.py
src  	2026-07-11	    1,368	unique                	cmp_engines.py
src  	2026-07-11	    1,210	unique                	cmp_engines2.py
src  	2026-07-11	    2,258	unique                	contention_test.py
src  	2026-07-11	    2,339	unique                	cpu_scaling.py
src  	2026-07-14	    4,021	unique                	dash.sh
src  	2026-07-14	    2,661	unique                	decide_precise.py
src  	2026-06-27	    1,701	unique                	diag_eson.py
src  	2026-07-07	    1,369	unique                	dump_champion_full.py
src  	2026-07-13	    3,075	unique                	eod1_bundle_verify.py
src  	2026-07-13	    4,877	unique                	eod1_decide.py
src  	2026-07-13	    4,132	unique                	eod1_gen_bundle.py
src  	2026-07-13	    9,171	unique                	eod1_package.py
src  	2026-07-13	    3,082	unique                	eod1_playbook_metrics.py
src  	2026-07-13	    4,473	unique                	eod1_snap.py
src  	2026-07-13	    6,825	unique                	eod1_uipass.py
src  	2026-07-13	    3,934	unique                	eod1_verify.py
src  	2026-07-13	    1,100	unique                	eod_extract.sh
src  	2026-07-11	    1,318	unique                	equiv_check.py
src  	2026-06-30	    1,603	unique                	es_add.sh
src  	2026-06-30	    1,837	unique                	es_launch.sh
src  	2026-07-07	    1,605	unique                	extract_display.py
src  	2026-07-10	    1,912	unique                	hg_gen_champions.py
src  	2026-07-12	    3,382	unique                	honest_compare.py
src  	2026-06-27	    1,858	unique                	l2es1_launch.sh
src  	2026-06-30	    1,205	unique                	l2es_launch.sh
src  	2026-07-03	      900	unique                	l2ic1_query.py
src  	2026-07-03	      493	unique                	l2ic1_worker.sh
src  	2026-07-26	    1,524	unique                	launch.sh
src  	2026-07-06	      549	unique                	launch_es1.sh
src  	2026-07-07	      560	unique                	launch_es2.sh
src  	2026-07-06	      549	unique                	launch_gc1.sh
src  	2026-07-07	      560	unique                	launch_gc2.sh
src  	2026-06-26	    1,390	unique                	launch_l2v4.sh
src  	2026-07-07	      563	unique                	launch_rty1.sh
src  	2026-07-06	      549	unique                	launch_si1.sh
src  	2026-07-07	      560	unique                	launch_si2.sh
src  	2026-07-07	      560	unique                	launch_ym1.sh
src  	2026-07-14	    4,195	unique                	measure_precise.py
src  	2026-07-08	3,312,967	unique                	mermaid.min.js
src  	2026-07-14	    2,561	unique                	mk_best_bundle_scripts.py
src  	2026-07-14	    3,136	unique                	mk_best_package.py
src  	2026-07-14	    2,551	unique                	ng_precision_probe.py
src  	2026-07-14	    2,172	unique                	ng_proof.py
src  	2026-07-11	      813	unique                	patch_inst_lists.py
src  	2026-07-11	      837	unique                	patch_names.py
src  	2026-07-11	    1,436	unique                	patch_verdict.py
src  	2026-07-14	    1,444	unique                	pipeline_status.sh
src  	2026-07-11	    3,946	unique                	profile_bottleneck.py
src  	2026-07-11	    2,812	unique                	rebuild_manifest.py
src  	2026-07-14	    1,181	unique                	reextract_precise.sh
src  	2026-06-28	      944	unique                	remeas_launch.sh
src  	2026-07-11	    2,498	unique                	reprofile.py
src  	2026-07-14	    1,383	unique                	run_best_chain.sh
src  	2026-07-13	    3,537	unique                	run_cap_campaign.sh
src  	2026-07-11	      775	unique                	run_clng_extract.sh
src  	2026-07-10	      673	unique                	run_clng_optimize.sh
src  	2026-07-14	      231	unique                	run_deployverify.sh
src  	2026-07-13	    2,068	unique                	run_eod1_chain.sh
src  	2026-07-13	      467	unique                	run_eod1_metrics.sh
src  	2026-07-08	      589	unique                	run_hg_optimize.sh
src  	2026-07-14	    1,550	unique                	run_precise_chain.sh
src  	2026-07-13	      741	unique                	setcheck.py
src  	2026-07-07	      237	unique                	start_dash.sh
src  	2026-07-11	    3,435	unique                	steady_state.py
src  	2026-07-11	    2,774	unique                	synccommit_test.py
src  	2026-07-13	    1,917	unique                	ui_eod1.py
src  	2026-07-14	    2,982	unique                	verify_best_deploy.py
src  	2026-07-26	    1,215	unique                	worker.sh
src  	2026-07-11	    2,195	unique                	worker_sweep.py
src  	2026-06-30	    1,369	unique                	wshent1_launch.sh
src  	2026-06-30	    1,074	unique                	wshent1_worker.sh
src  	2026-06-28	    1,804	unique                	wshes1_launch.sh
src  	2026-07-03	      735	unique                	wshic1_best.py
src  	2026-07-03	    1,199	unique                	wshic1_query.py
src  	2026-07-03	      558	unique                	wshic1_worker.sh
src  	2026-07-03	      948	unique                	wshic2_query.py
src  	2026-07-03	      561	unique                	wshic2_worker.sh
src  	2026-06-28	    1,271	unique                	wsweep.sh
