ticker,event_et,session,jump_pct,res_pct,pred
GOOGL,2017-01-26 16:03:43,AMC,0.17462165308498254,0.11641443538998836,0.06910894774601023
MU,2017-03-23 16:01:50,AMC,0.014010835045768727,0.07939473192602278,0.019182050050861064
GOOGL,2017-04-27 16:02:04,AMC,0.16595649248710473,0.2825872432044496,0.08391138957261132
MU,2017-06-29 16:01:25,AMC,0.004417546494676856,0.13253224951404843,0.017760412041559363
GOOGL,2017-07-24 16:01:31,AMC,0.1471825063078217,0.25651808242220353,0.12493394102985803
INTC,2017-07-27 16:06:34,AMC,0.03812913065582105,0.07625503071383181,0.022518914637279647
AVGO,2017-08-24 16:08:36,AMC,0.008559445347941454,0.05991611743559017,0.008404176357952256
MU,2017-09-26 16:00:30,AMC,0.008491847826086956,0.055197010869565216,0.015885623543664046
GOOGL,2017-10-26 16:02:01,AMC,0.07442937479325173,0.7525636784651009,0.1471825063078217
MSFT,2017-10-26 16:04:05,AMC,0.0,0.3708893101458831,0.07660387887008932
INTC,2017-10-26 16:07:05,AMC,0.032950286255611846,0.2800774331727007,0.023519727171164816
AVGO,2017-12-06 16:10:33,AMC,0.04371150407311743,0.08345255126371007,0.008559445347941454
MU,2017-12-19 16:01:11,AMC,0.003845562221196739,0.007691124442393478,0.014010835045768727
INTC,2018-01-25 16:06:34,AMC,0.01443574289941896,0.14797170492276598,0.02823500671338833
AVGO,2018-01-31 08:25:56,BMO,0.003584357862288971,0.0035844863431070324,0.009790882773171609
MSFT,2018-01-31 16:05:57,AMC,0.14358532557972575,0.498959006389547,0.07306603342771029
GOOGL,2018-02-01 16:01:32,AMC,0.1735985533453888,0.014467069333429781,0.11554694794021651
AAPL,2018-02-01 16:30:17,AMC,0.19547511312217195,0.050752220409642924,0.1188230738703484
AVGO,2018-03-15 16:08:03,AMC,0.014149775372315966,0.10966463846044999,0.008559445347941454
MU,2018-03-22 16:01:31,AMC,0.0447878177135819,0.15676321289937295,0.012584218080764419
GOOGL,2018-04-23 16:01:28,AMC,0.06388815814198204,0.20669698222405952,0.1471825063078217
MSFT,2018-04-26 16:04:03,AMC,0.08932559178204555,0.38335566473127886,0.07660387887008932
INTC,2018-04-26 16:05:22,AMC,0.011155734047300312,0.27517477316674105,0.023519727171164816
AAPL,2018-05-01 16:30:17,AMC,0.6912270213719923,0.5491631799163179,0.1202453004128422
AVGO,2018-06-07 16:05:05,AMC,0.020938023450586266,0.08375793955468695,0.009790882773171609
MU,2018-06-20 16:06:34,AMC,0.02052264331645916,0.07182925160760706,0.014010835045768727
MSFT,2018-07-19 16:02:35,AMC,0.027155465037338764,0.06788635823631241,0.08014172431246837
GOOGL,2018-07-23 16:02:07,AMC,0.22687254503589324,0.5688937049202534,0.11554694794021651
META,2018-07-25 16:08:39,AMC,0.0501856870420556,0.17063133594298907,0.03291237890062524
INTC,2018-07-26 16:05:14,AMC,0.0,0.18496721035816377,0.022518914637279647
AAPL,2018-07-31 16:30:20,AMC,0.31316676990845893,0.3752022305600496,0.1516706981657856
MU,2018-09-20 16:00:24,AMC,0.03289040915668991,0.12827259571109065,0.015885623543664046
MSFT,2018-10-24 16:03:06,AMC,0.20078122147994013,0.10221216324742644,0.07660387887008932
GOOGL,2018-10-25 16:01:30,AMC,0.5052841333665445,1.3094687399921716,0.1471825063078217
INTC,2018-10-25 16:08:45,AMC,0.13308873781518651,0.38130868016835134,0.021518102103394478
META,2018-10-30 16:14:19,AMC,0.003668782331144293,0.39618488628026416,0.03396409509946628
AAPL,2018-11-01 16:30:21,AMC,0.6358177322500883,0.7312162209897912,0.18309609591872897
MU,2018-12-18 16:00:39,AMC,0.1381904725346436,0.7753128118523068,0.017760412041559363
AAPL,2019-01-02 16:30:03,AMC,0.0786503598253962,1.817111459968603,0.18928560452045046
NFLX,2019-01-17 16:08:07,AMC,0.00744130669345537,0.10789493265867996,0.027848187638552777
INTC,2019-01-24 16:06:44,AMC,0.022463496817671284,0.003743916136278547,0.022518914637279647
AAPL,2019-01-29 16:30:18,AMC,0.35019015702074785,0.43664834751185727,0.18309609591872897
MSFT,2019-01-30 16:03:36,AMC,0.07360518180479907,0.5668016194331984,0.08014172431246837
AMZN,2019-01-31 16:30:02,AMC,0.07240081088908196,0.11564871702204554,0.0188541404595536
GOOGL,2019-02-04 16:01:19,AMC,0.007178750897343863,0.25125628140703515,0.15656949939746323
MU,2019-03-20 16:00:37,AMC,0.03372226343832198,0.11128722220348701,0.019141527679009264
NFLX,2019-04-16 16:07:16,AMC,0.026077319251580938,0.09127359259379991,0.027487630566245192
MSFT,2019-04-24 16:04:03,AMC,0.015980056889002524,0.22692406034262336,0.07687345305863372
META,2019-04-24 16:09:20,AMC,0.041438225168940454,0.08287380868900009,0.03291237890062524
INTC,2019-04-25 16:05:00,AMC,0.06393453104021482,0.13105740953842218,0.022463496817671284
AMZN,2019-04-25 16:10:54,AMC,0.028815675727595812,0.028816598360655737,0.020582060675914872
GOOGL,2019-04-29 16:01:22,AMC,0.03818980332251289,0.5505696645662275,0.1471825063078217
AAPL,2019-04-30 16:30:16,AMC,0.5282028298866764,0.49622230759380204,0.18928560452045046
MU,2019-06-25 16:01:09,AMC,0.026220051784602277,0.04916259709612927,0.02052264331645916
NFLX,2019-07-17 16:40:15,AMC,0.003172790151659369,0.12056985119142051,0.026782474908913063
MSFT,2019-07-18 16:03:33,AMC,0.10094318791205326,0.17980505346834483,0.07360518180479907
TSLA,2019-07-24 16:56:43,AMC,0.012487122654762275,0.0,0.011095955845676096
GOOGL,2019-07-25 16:01:22,AMC,0.16354258397282675,0.42143665869920743,0.11554694794021651
INTC,2019-07-25 16:10:16,AMC,0.06574210312118461,0.015652881695520145,0.02299161199441805
AMZN,2019-07-25 16:33:27,AMC,0.009394375900294358,0.059499577239845926,0.02469886820175534
AAPL,2019-07-30 16:30:36,AMC,0.22299695342190398,0.23864849588645354,0.19547511312217195
MU,2019-09-26 16:00:32,AMC,0.051333055279283904,0.10266611055856781,0.020563165688310965
NFLX,2019-10-16 16:39:04,AMC,0.0,0.015724259387382856,0.026077319251580938
MSFT,2019-10-23 16:06:06,AMC,0.018980734554427257,0.04112362394027585,0.07687345305863372
INTC,2019-10-24 16:08:49,AMC,0.0378000378000378,0.126000126000126,0.023519727171164816
AMZN,2019-10-24 19:53:55,AMC,0.003156366391010668,0.01893760060600322,0.020582060675914872
GOOGL,2019-10-28 16:03:38,AMC,0.1662971175166297,0.17861542251786156,0.1471825063078217
META,2019-10-30 16:13:02,AMC,0.006164848036495901,0.10479918626514194,0.03396409509946628
AAPL,2019-10-30 16:30:40,AMC,0.2342136891737804,0.12020342117429496,0.20923603327203796
AVGO,2019-12-12 16:39:14,AMC,0.011805330106543103,0.005902490851139181,0.011022320198401764
NFLX,2019-12-16 16:09:23,AMC,0.011623514369569639,0.08427047917937988,0.025079598819047543
MU,2019-12-18 16:00:40,AMC,0.002902757619738752,0.11030478955007257,0.02060368806016277
NFLX,2020-01-21 16:03:07,AMC,0.04629503553824787,0.06263275420728719,0.024081878386514148
INTC,2020-01-23 16:07:34,AMC,0.037841928857173746,0.0027029949183695534,0.02823500671338833
AAPL,2020-01-28 16:30:40,AMC,0.1593143987254848,0.23342029383495813,0.22299695342190398
MSFT,2020-01-29 16:03:50,AMC,0.14543658416113275,0.23874207623281468,0.07360518180479907
META,2020-01-29 16:10:08,AMC,0.013747594171020073,0.01649620587264929,0.03291237890062524
AMZN,2020-01-30 16:46:49,AMC,0.008123036932741254,0.13808788887986354,0.0188541404595536
GOOGL,2020-02-03 16:02:04,AMC,0.15887799265874103,0.2164087111354609,0.15536254514032422
MU,2020-03-25 16:00:49,AMC,0.22444057349591318,0.1507487186358916,0.020563165688310965
NFLX,2020-04-21 16:02:36,AMC,0.008900228439196606,0.0029667428130655355,0.025079598819047543
INTC,2020-04-23 16:07:24,AMC,0.09573819954161711,0.24080306371126842,0.032950286255611846
GOOGL,2020-04-28 16:01:47,AMC,0.06343165239454487,0.3632694248234107,0.15887799265874103
MSFT,2020-04-29 16:03:54,AMC,0.21394237448250952,0.9029282658220814,0.07687345305863372
META,2020-04-29 16:10:26,AMC,0.07219013771657042,1.0912422946631866,0.0318606627017842
TSLA,2020-04-29 16:56:22,AMC,0.005491035883919501,0.23612750885478156,0.011607661056297156
AAPL,2020-04-30 16:30:41,AMC,0.21287919105907396,0.5708209748726845,0.20923603327203796
AMZN,2020-04-30 16:42:20,AMC,0.10112927692566998,0.3595707624023821,0.017126220243192325
MU,2020-06-29 16:02:05,AMC,0.030092534543721947,0.020061186619188525,0.02060368806016277
NFLX,2020-07-16 16:57:23,AMC,0.011867745840355083,0.07358526395746298,0.024081878386514148
MSFT,2020-07-22 16:03:04,AMC,0.04847533528773574,0.17310621797534967,0.08014172431246837
TSLA,2020-07-22 16:54:41,AMC,0.011527909067853273,0.08992391053723772,0.011095955845676096
INTC,2020-07-23 16:07:41,AMC,0.05216236722306525,0.007113050075872534,0.03537516202782483
GOOGL,2020-07-30 18:40:20,AMC,0.00918357975939021,0.06887526689165921,0.15303024948328137
AAPL,2020-07-30 18:55:04,AMC,0.011488442626717523,0.01837897445322551,0.21287919105907396
AMZN,2020-07-30 19:05:15,AMC,0.02296949650863653,0.1515986769570011,0.0188541404595536
META,2020-07-30 19:18:23,AMC,0.01605688725771304,0.0275267238610818,0.03291237890062524
MU,2020-09-29 16:00:38,AMC,0.09947169477663079,0.296204602223745,0.023411869922382523
NFLX,2020-10-20 16:07:02,AMC,0.06442330405652072,0.019326991216956215,0.02289752371176755
TSLA,2020-10-21 16:38:49,AMC,0.019245985073669356,0.051321529381575574,0.011527909067853273
INTC,2020-10-22 16:07:11,AMC,0.0322338025142366,0.13322732449448826,0.0378000378000378
MSFT,2020-10-27 16:12:57,AMC,0.08855674111192707,0.07127583749109052,0.07687345305863372
GOOGL,2020-10-29 16:01:25,AMC,0.5222334846414878,0.5288323821695349,0.1471825063078217
META,2020-10-29 16:07:58,AMC,0.09847904584746689,1.6347521610679503,0.0318606627017842
AAPL,2020-10-29 16:30:32,AMC,0.3264081866701954,0.5144850733086027,0.20417715209062295
AMZN,2020-10-29 16:42:03,AMC,0.006661929294723752,0.11324776835280011,0.020582060675914872
MU,2021-01-07 16:00:45,AMC,0.007736494980948882,0.08897141309813934,0.026220051784602277
NFLX,2021-01-19 16:02:11,AMC,0.015398236901874736,0.15974748349596782,0.024081878386514148
INTC,2021-01-21 16:04:38,AMC,0.02240101551270324,0.042933676802747754,0.03537516202782483
MSFT,2021-01-26 16:04:05,AMC,0.099601593625498,0.08669027593330382,0.08014172431246837
META,2021-01-27 16:08:08,AMC,0.20331440847015497,0.04986192083461184,0.03291237890062524
AAPL,2021-01-27 16:30:35,AMC,0.14253794591262808,0.861636917383091,0.21287919105907396
GOOGL,2021-02-02 16:01:27,AMC,0.09302152518092688,0.2139375674368419,0.15303024948328137
AMZN,2021-02-02 16:30:08,AMC,0.05378537779591232,0.007415784497302509,0.0188541404595536
MU,2021-03-31 16:00:40,AMC,0.09935229943254552,0.028659864725438494,0.023411869922382523
NFLX,2021-04-20 16:06:16,AMC,0.018177521676694598,0.11815603868246928,0.02289752371176755
INTC,2021-04-22 16:05:36,AMC,0.007278417671998108,0.11827213508497397,0.032950286255611846
TSLA,2021-04-26 16:53:31,AMC,0.007134194192765927,0.030319784551178012,0.011567785062075214
GOOGL,2021-04-27 16:01:33,AMC,0.03223033949290932,0.10027396279119738,0.1471825063078217
MSFT,2021-04-27 16:04:57,AMC,0.10919571093568194,0.13962980201210126,0.08370087960824116
META,2021-04-28 16:09:19,AMC,0.0035887957795761633,0.3265862761986793,0.03396409509946628
AAPL,2021-04-28 16:30:33,AMC,0.299605310369573,0.3157970286370487,0.20417715209062295
AMZN,2021-04-29 16:31:31,AMC,0.0,0.04660667550998458,0.020582060675914872
MU,2021-06-30 16:00:41,AMC,0.08079210643930278,0.04813146766596761,0.026220051784602277
NFLX,2021-07-20 16:04:07,AMC,0.02380911889253584,0.16325420039453098,0.021713169037020953
INTC,2021-07-22 16:05:35,AMC,0.0,0.03178533190578159,0.03259204438492422
TSLA,2021-07-26 16:25:13,AMC,0.0,0.008266922390132601,0.011527909067853273
AAPL,2021-07-27 16:35:44,AMC,0.04187253998827569,0.26128902586091385,0.21287919105907396
GOOGL,2021-07-27 16:36:42,AMC,0.01507891297791777,0.20945040214477212,0.12010201574437429
AMD,2021-07-27 16:39:42,AMC,0.018441523605150216,0.1944612083417153,0.012168168680715963
MSFT,2021-07-27 16:41:19,AMC,0.006710283509478275,0.12245651116367234,0.08726003490401396
META,2021-07-28 16:08:06,AMC,0.006673228674863616,0.04170559188576004,0.03291237890062524
AMZN,2021-07-29 16:34:52,AMC,0.01841558963369718,0.07700806910637158,0.0188541404595536
AVGO,2021-09-02 16:18:04,AMC,0.0016028980396556973,0.0,0.011413825152472433
MU,2021-09-28 16:01:35,AMC,0.11838722770937628,0.24183592362720063,0.028156293164162113
NFLX,2021-10-19 16:02:05,AMC,0.027570101036311443,0.0356795329224781,0.022761143964778397
INTC,2021-10-21 16:09:46,AMC,0.029080569332924053,0.5153723120668207,0.0322338025142366
META,2021-10-25 16:08:12,AMC,0.0386946988262608,0.09029054206571861,0.0318606627017842
GOOGL,2021-10-26 16:01:30,AMC,0.014469453376205789,0.03376205787781351,0.09302152518092688
MSFT,2021-10-26 16:04:14,AMC,0.098212848172597,0.1706622015423999,0.08370087960824116
AMD,2021-10-26 16:17:33,AMC,0.0369893856545513,0.017690860258286558,0.013365410318096765
AMZN,2021-10-28 16:07:09,AMC,0.03500397772474145,0.042959427207637235,0.01841558963369718
AAPL,2021-10-28 16:30:23,AMC,0.34044448686743345,0.3070168461575172,0.20417715209062295
AVGO,2021-12-09 16:26:54,AMC,0.03407524433499063,0.04336782107676104,0.011022320198401764
MU,2021-12-20 16:00:41,AMC,0.06879779847044895,0.33280532488519815,0.030092534543721947
NFLX,2022-01-20 16:01:51,AMC,0.18898488120950324,0.2480593992575093,0.02380911889253584
MSFT,2022-01-25 16:03:05,AMC,0.06753634521736039,0.0977447617693579,0.08726003490401396
INTC,2022-01-26 16:08:32,AMC,0.0159701889805696,0.02306886944794421,0.030657185923580327
TSLA,2022-01-26 16:26:43,AMC,0.05852412790182134,0.003546916842534627,0.011056079851454155
AAPL,2022-01-27 16:30:36,AMC,0.3555539673747968,0.8255897069335238,0.21287919105907396
GOOGL,2022-02-01 16:01:29,AMC,0.001667389201987528,0.565244939473772,0.0884664573767691
AMD,2022-02-01 16:17:06,AMC,0.016580173428614065,0.1807238903718933,0.01590346696162349
META,2022-02-02 16:08:34,AMC,0.29762402394368553,0.7273274478330658,0.03291237890062524
AMZN,2022-02-03 16:11:33,AMC,0.04603423583168519,0.6819305453739537,0.019498825154806027
AVGO,2022-03-03 16:18:22,AMC,0.008893157604539067,0.04979902536193221,0.011413825152472433
MU,2022-03-29 16:00:37,AMC,0.029524653085326247,0.11973887084604534,0.03149147185020593
NFLX,2022-04-19 16:03:19,AMC,0.09569038843209526,0.1027767441036273,0.023945498639524995
TSLA,2022-04-20 16:12:16,AMC,0.012446878500684577,0.10668373606443698,0.011527909067853273
GOOGL,2022-04-26 16:01:32,AMC,0.27292471506275345,0.7111555316368109,0.08391138957261132
MSFT,2022-04-26 16:03:59,AMC,0.39202121526576733,0.6534063611031037,0.08370087960824116
META,2022-04-27 16:07:54,AMC,0.164256928395439,0.183363575589724,0.03396409509946628
INTC,2022-04-28 16:09:32,AMC,0.1689950428120775,0.04693689803428271,0.029080569332924053
AMZN,2022-04-28 16:27:13,AMC,0.08257948275214894,0.45045045045045046,0.020582060675914872
AAPL,2022-04-28 16:32:12,AMC,0.2236761169826092,0.6188026541415045,0.21793807224048897
AMD,2022-05-03 16:11:17,AMC,0.0475827940616673,0.2588553265193475,0.016580173428614065
AVGO,2022-05-26 07:28:34,BMO,0.11037757460899265,0.13119533527696794,0.011022320198401764
MU,2022-06-30 16:00:27,AMC,0.0671693534408043,0.3076789738256197,0.030092534543721947
NFLX,2022-07-19 16:02:32,AMC,0.08950912382773563,0.132232077467654,0.024081878386514148
TSLA,2022-07-20 16:43:32,AMC,0.040226070516301615,0.020112226222320548,0.011567785062075214
GOOGL,2022-07-26 16:02:00,AMC,0.17718076558572665,0.16274231094081534,0.0884664573767691
MSFT,2022-07-26 16:02:59,AMC,0.17718076558572665,0.16274231094081534,0.08726003490401396
META,2022-07-27 16:07:22,AMC,0.1671475475077107,0.2646713498238841,0.03632939696286354
INTC,2022-07-28 16:06:34,AMC,0.06629877347269075,0.009749629514078465,0.030657185923580327
AMZN,2022-07-28 16:09:30,AMC,0.08386480213757729,0.03900536323744515,0.021775778592275703
AAPL,2022-07-28 16:31:44,AMC,0.1996820596332054,0.10273507918354688,0.22299695342190398
AMD,2022-08-02 16:08:05,AMC,0.04072529816736158,0.12605449432754776,0.01751084851688214
NVDA,2022-08-24 16:24:34,AMC,0.023152167621693583,0.11769245610650202,0.06483820012334414
AVGO,2022-09-01 16:26:00,AMC,0.008135041692088672,0.02847264592231035,0.011413825152472433
MU,2022-09-29 16:00:31,AMC,0.09793883274718425,0.031161662252097846,0.03149147185020593
AMD,2022-10-06 16:20:03,AMC,0.08687342541916428,0.0,0.018441523605150216
NFLX,2022-10-18 16:06:07,AMC,0.04431838326537848,0.28363765289842224,0.025079598819047543
GOOGL,2022-10-25 16:01:23,AMC,0.32704886494805696,0.9661422708618331,0.09302152518092688
MSFT,2022-10-25 16:02:59,AMC,0.3066497973538052,0.7699071393338909,0.08790838800797052
META,2022-10-26 16:19:09,AMC,0.08735341005874517,0.06333260537235205,0.0386946988262608
INTC,2022-10-27 16:02:53,AMC,0.39748484167976644,0.9431843700875815,0.0322338025142366
AMZN,2022-10-27 16:09:35,AMC,0.031647000316470004,0.47929101103273647,0.02296949650863653
AAPL,2022-10-27 16:30:22,AMC,0.717334059747571,0.626503836201026,0.21793807224048897
AMD,2022-11-01 16:17:39,AMC,0.026554547466253596,0.14827273330825236,0.026247071932333516
NVDA,2022-11-16 16:21:18,AMC,0.06565849112551363,0.25626906133514066,0.060662229336928136
AVGO,2022-12-08 16:21:25,AMC,0.0021460609052084897,0.0042921218104169795,0.011022320198401764
MU,2022-12-21 16:00:43,AMC,0.006616090331686662,0.14775609218215902,0.03289040915668991
NFLX,2023-01-19 16:51:04,AMC,0.0,0.05924690599490916,0.026077319251580938
MSFT,2023-01-24 16:28:00,AMC,0.010435145570280704,0.07931372753647388,0.08855674111192707
TSLA,2023-01-25 16:41:18,AMC,0.018968533310852107,0.13066110303260206,0.011607661056297156
INTC,2023-01-26 16:06:30,AMC,0.004137018037398643,0.11790989201936204,0.03259204438492422
AMD,2023-01-31 16:55:24,AMC,0.012385179069047372,0.016512890375049022,0.026554547466253596
META,2023-02-01 16:22:15,AMC,0.01798453330136083,0.07992806474173243,0.040066461997600625
GOOGL,2023-02-02 16:01:29,AMC,0.021405775667471007,0.9710249275136702,0.12010201574437429
AMZN,2023-02-02 16:08:48,AMC,0.29537763345787443,0.6573284294545739,0.025892586118116172
AAPL,2023-02-02 16:30:33,AMC,0.7811886629504593,0.6280913872968517,0.22299695342190398
NVDA,2023-02-22 16:52:26,AMC,0.084334375514234,0.03496791179858483,0.06316036023122087
AVGO,2023-03-02 16:16:43,AMC,0.016593035073527888,0.010371077140071768,0.009957738901470416
MU,2023-03-28 16:01:45,AMC,0.13350610594102172,0.06478972788314288,0.03149147185020593
NFLX,2023-04-18 16:03:44,AMC,0.05703205201323143,0.16920152091254753,0.025079598819047543
GOOGL,2023-04-20 16:24:04,AMC,0.0,0.007638835841417768,0.09302152518092688
GOOGL,2023-04-25 16:01:48,AMC,0.44660269911849604,0.6669787034870115,0.0884664573767691
MSFT,2023-04-25 16:03:03,AMC,0.43314427783389015,0.2602902041529885,0.08790838800797052
META,2023-04-26 16:18:04,AMC,0.0502289279987636,0.12750420184301528,0.0386946988262608
INTC,2023-04-27 16:09:04,AMC,0.0056357078449053195,0.2554854223023745,0.0322338025142366
AMZN,2023-04-27 16:10:37,AMC,0.04884647178176899,0.28743729921659245,0.028815675727595812
AMD,2023-05-02 16:17:31,AMC,0.04929377192150915,0.08910459362617779,0.022498035535701906
AAPL,2023-05-04 16:30:43,AMC,0.16867285133788237,0.017251624527976385,0.2233365352022566
NVDA,2023-05-24 16:22:18,AMC,0.027251916718142512,0.4033283674285092,0.06565849112551363
AVGO,2023-06-01 16:17:30,AMC,0.03105482902591353,0.008625894936599671,0.011022320198401764
MU,2023-06-28 16:00:29,AMC,0.11889428316655107,0.14201261600449155,0.03289040915668991
NFLX,2023-07-19 16:04:02,AMC,0.043871331651598955,0.04700352526439483,0.026077319251580938
TSLA,2023-07-19 16:46:20,AMC,0.0,0.09880957982402484,0.012027269778490866
GOOGL,2023-07-25 16:01:21,AMC,0.13418744708381922,0.4616834672588143,0.09302152518092688
MSFT,2023-07-25 16:02:47,AMC,0.16431625295131133,0.3190657754096007,0.08855674111192707
META,2023-07-26 16:06:51,AMC,0.06850842812987923,0.23419949973712298,0.040066461997600625
INTC,2023-07-27 16:07:40,AMC,0.024058510297042406,0.006415705647424896,0.030657185923580327
AMD,2023-08-01 16:16:57,AMC,0.018963337547408345,0.0079012657827784,0.026554547466253596
AMZN,2023-08-03 16:09:02,AMC,0.03870655592290944,0.079022061669462,0.030231338022032907
AAPL,2023-08-03 16:30:21,AMC,0.19012019463152127,0.42695108590578074,0.22299695342190398
NVDA,2023-08-23 16:21:42,AMC,0.07192950908110052,0.0964572400150408,0.06316036023122087
MU,2023-09-27 16:00:28,AMC,0.05595496473141617,0.19499788045782113,0.03330633629750594
NFLX,2023-10-18 16:01:28,AMC,0.016599990040005976,0.013281314850170168,0.026782474908913063
TSLA,2023-10-18 16:15:00,AMC,0.0016598061346434737,0.02489833181176861,0.011607661056297156
GOOGL,2023-10-24 16:01:23,AMC,0.17632241813602015,0.20660809970940486,0.11360448613237305
MSFT,2023-10-24 16:03:29,AMC,0.14311209886520526,0.006735254003266598,0.08894116644698631
META,2023-10-25 16:20:51,AMC,0.11022889719433011,0.23078777858151633,0.041438225168940454
INTC,2023-10-26 16:09:55,AMC,0.10719055317354326,0.06677678979369486,0.029080569332924053
AMZN,2023-10-26 16:14:51,AMC,0.02630978899549226,0.08243733885254241,0.031647000316470004
AMD,2023-10-31 16:16:56,AMC,0.0069187394056802855,0.020756577240413056,0.02275894250683097
AAPL,2023-11-02 16:30:32,AMC,0.07346189164370982,0.05676032119664113,0.21793807224048897
NVDA,2023-11-21 16:22:00,AMC,0.09093902381661675,0.15993477170095335,0.06565849112551363
AVGO,2023-12-07 16:18:51,AMC,0.03590327968654876,0.02497619456455566,0.011413825152472433
MU,2023-12-20 16:00:33,AMC,0.025351944643283227,0.04921186453315836,0.03372226343832198
NFLX,2024-01-23 16:02:17,AMC,0.007124841472277242,0.06269592476489029,0.026077319251580938
INTC,2024-01-25 16:07:43,AMC,0.02129441660396644,0.12492547059992619,0.030657185923580327
GOOGL,2024-01-30 16:01:26,AMC,0.10229888323719132,0.355184269599068,0.13418744708381922
MSFT,2024-01-30 16:03:17,AMC,0.04703132571330844,0.04560613402502637,0.08932559178204555
AMD,2024-01-30 16:16:19,AMC,0.004277586870660032,0.034223134839151265,0.018963337547408345
AMZN,2024-02-01 16:06:02,AMC,0.060024009603841535,0.3615680333843054,0.030231338022032907
META,2024-02-01 16:10:29,AMC,0.05137426149499101,0.27684623617552623,0.04192994829139708
AAPL,2024-02-01 16:30:30,AMC,0.036968051072784405,0.10095552269366397,0.21287919105907396
NVDA,2024-02-21 16:22:09,AMC,0.17931687443515185,1.2597566574839303,0.06733633101763689
AVGO,2024-03-07 16:18:09,AMC,0.0960008777223106,0.026057023739320048,0.011805330106543103
MU,2024-03-20 16:00:45,AMC,0.0662717411885634,0.24344721252941653,0.03330633629750594
NFLX,2024-04-18 16:02:24,AMC,0.021337126600284497,0.20768431983385255,0.025079598819047543
TSLA,2024-04-23 16:09:55,AMC,0.02552394997305805,0.10067780267150678,0.011567785062075214
META,2024-04-24 16:07:26,AMC,0.15800711743772242,0.3871886120996441,0.0424216714138537
GOOGL,2024-04-25 16:01:35,AMC,0.08229051389007122,1.0003405414609228,0.11824316516050526
MSFT,2024-04-25 16:03:19,AMC,0.28386222090412233,0.46322449440741154,0.08894116644698631
INTC,2024-04-25 16:09:45,AMC,0.05061369100341642,0.04358156078221872,0.029080569332924053
AMZN,2024-04-30 16:10:34,AMC,0.004270158707565298,0.22917170796976644,0.031647000316470004
AMD,2024-04-30 16:16:31,AMC,0.10971317840502687,0.16243481234504573,0.01870243057627928
AAPL,2024-05-02 16:30:34,AMC,0.36954182477204506,0.5281191595401257,0.20628062534613967
NVDA,2024-05-22 16:21:29,AMC,0.15762006940581208,0.447634687715209,0.06901417090976014
AVGO,2024-06-12 16:19:05,AMC,0.02813083395135923,0.06137322593018795,0.012864191019763407
MU,2024-06-26 16:00:36,AMC,0.1112235843987053,0.27118559342156234,0.03372226343832198
NFLX,2024-07-18 16:01:22,AMC,0.03394859930593975,0.13704830638469082,0.024081878386514148
GOOGL,2024-07-23 16:01:54,AMC,0.14040718082439074,0.10781400829917133,0.10229888323719132
TSLA,2024-07-23 16:32:27,AMC,0.01253195648904707,0.05012468515432138,0.011607661056297156
MSFT,2024-07-30 16:03:22,AMC,0.05067950547472026,0.41347667191292986,0.08932559178204555
AMD,2024-07-30 16:17:15,AMC,0.14199267477042304,0.027868091035764053,0.018963337547408345
META,2024-07-31 16:11:20,AMC,0.09703407683566768,0.10853465447673528,0.046303679227954656
AMZN,2024-08-01 16:06:02,AMC,0.24001054991428195,0.24924501180287223,0.030231338022032907
INTC,2024-08-01 16:08:44,AMC,0.10528116651532499,0.6092506085926706,0.030657185923580327
AAPL,2024-08-01 16:30:26,AMC,0.06351810927761384,0.1442142309015374,0.21287919105907396
NVDA,2024-08-28 16:21:16,AMC,0.016726280847121792,0.5453095660673406,0.07047183999543033
AVGO,2024-09-05 16:21:56,AMC,0.04355285733139765,0.0871057146627953,0.013923051932983708
MU,2024-09-25 16:00:27,AMC,0.0012379455056388418,0.20673434018321368,0.039255040575951944
NFLX,2024-10-17 16:01:18,AMC,0.015941335883947073,0.0723535759835181,0.025079598819047543
TSLA,2024-10-23 16:09:26,AMC,0.045662100456621,0.1690752693480112,0.012027269778490866
GOOGL,2024-10-29 16:01:46,AMC,0.04709121205535029,0.050715450099619634,0.11824316516050526
AMD,2024-10-29 16:16:49,AMC,0.10489004629629631,0.12056181807221653,0.02275894250683097
MSFT,2024-10-30 16:04:07,AMC,0.007291375517991469,0.3743179028474897,0.08894116644698631
META,2024-10-30 16:08:12,AMC,0.04140837179846302,0.14980452336585187,0.0501856870420556
INTC,2024-10-31 16:07:17,AMC,0.00498647418876298,0.03490488419058067,0.0322338025142366
AMZN,2024-10-31 16:13:57,AMC,0.03241329443738,0.22066798818117217,0.031647000316470004
AAPL,2024-10-31 16:30:25,AMC,0.0,0.2228530166081522,0.20628062534613967
NVDA,2024-11-20 16:21:20,AMC,0.06297152960267387,0.20951919583383796,0.06901417090976014
AVGO,2024-12-12 16:23:06,AMC,0.027688686864025473,0.08537246622596015,0.014036413652649838
MU,2024-12-18 16:00:20,AMC,0.082574462393729,0.21398583506809168,0.03372226343832198
NFLX,2025-01-21 16:02:20,AMC,0.04018831094270295,0.07234311305046794,0.024081878386514148
MSFT,2025-01-29 16:08:56,AMC,0.0722753925602975,0.5876043464067527,0.08855674111192707
TSLA,2025-01-29 16:09:13,AMC,0.027960947876133,0.49158366823926847,0.012446878500684577
META,2025-01-29 16:47:14,AMC,0.035944529474514174,0.060291952183844075,0.046303679227954656
INTC,2025-01-30 16:13:45,AMC,0.005778008898133703,0.016177116313466293,0.030657185923580327
AAPL,2025-01-30 16:30:23,AMC,0.043914897551166635,0.04969087652394985,0.1996820596332054
GOOGL,2025-02-04 16:01:27,AMC,0.19608521632813133,0.1522456229383405,0.10229888323719132
AMD,2025-02-04 16:17:17,AMC,0.02194730336948863,0.16287397481806629,0.026554547466253596
AMZN,2025-02-06 16:09:12,AMC,0.04013577358836751,0.20296535828545872,0.03172512212367548
NVDA,2025-02-26 16:21:32,AMC,0.516086655641179,0.48448589360079775,0.06733633101763689
AVGO,2025-03-06 16:19:37,AMC,0.04205526556663285,0.16698414269104223,0.014149775372315966
MU,2025-03-20 16:00:55,AMC,0.09430996541967936,0.12574662055957245,0.039255040575951944
NFLX,2025-04-17 16:04:05,AMC,0.2352077441809876,0.12506967196400168,0.025079598819047543
TSLA,2025-04-22 16:10:12,AMC,0.04084244346725117,0.019058250180372726,0.012467000577723427
GOOGL,2025-04-24 16:01:26,AMC,0.3416635390648255,0.10482451599544465,0.11824316516050526
INTC,2025-04-24 16:05:05,AMC,0.029692361317308066,0.17041493454517287,0.029080569332924053
MSFT,2025-04-30 16:06:03,AMC,0.018973411925421842,0.12143598046904648,0.08790838800797052
META,2025-04-30 16:16:00,AMC,0.05815717608981491,0.35399572676586977,0.0424216714138537
AMZN,2025-05-01 16:15:00,AMC,0.11486708237610765,0.13127832266696962,0.03180324393088095
AAPL,2025-05-01 16:30:21,AMC,0.03528537043337996,0.22812921440365005,0.19757858637768866
AMD,2025-05-06 16:16:45,AMC,0.0037701230316816003,0.3091384336986026,0.024250925417871112
NVDA,2025-05-28 16:21:30,AMC,0.3637767276470313,0.4678636177554243,0.06901417090976014
AVGO,2025-06-05 16:27:02,AMC,0.027830604387958625,0.13103728184611815,0.015371405222921927
MU,2025-06-25 16:03:10,AMC,0.011126317077784083,0.006675641696058033,0.0447878177135819
NFLX,2025-07-17 16:04:28,AMC,0.03548768684804818,0.04409028830747062,0.026077319251580938
GOOGL,2025-07-23 16:01:33,AMC,0.02896436310583793,0.3346813554594896,0.13418744708381922
TSLA,2025-07-23 16:14:09,AMC,0.040611307042855614,0.11114673506465748,0.012487122654762275
INTC,2025-07-24 16:04:12,AMC,0.009626698042571397,0.07487431810888864,0.02938646532511606
MSFT,2025-07-30 16:08:53,AMC,0.03277336688198416,0.14906753499386816,0.08726003490401396
META,2025-07-30 16:13:01,AMC,0.10567026650041211,0.03487045099116615,0.046303679227954656
AMZN,2025-07-31 16:13:17,AMC,0.009637728494479724,0.11458801859110283,0.03210826918413048
AAPL,2025-07-31 16:30:25,AMC,0.09969341594665865,0.09862250093798575,0.19547511312217195
AMD,2025-08-05 16:16:31,AMC,0.024832381425378695,0.27853649583814655,0.02194730336948863
NVDA,2025-08-27 16:22:14,AMC,0.13971097957660106,0.325281288327201,0.07047183999543033
AVGO,2025-09-04 16:19:50,AMC,0.021109738978077535,0.014777129225995082,0.016593035073527888
MU,2025-09-23 16:02:28,AMC,0.07347982324579504,0.019124885502330217,0.039255040575951944
NFLX,2025-10-21 16:02:25,AMC,0.08412010371513964,0.0009896776619854914,0.026782474908913063
TSLA,2025-10-22 16:06:36,AMC,0.024946863181423567,0.04290689204426395,0.012509539571904673
INTC,2025-10-23 16:10:22,AMC,0.0009893447569674606,0.019787090901895604,0.029080569332924053
GOOGL,2025-10-29 16:01:48,AMC,0.012350018525027786,0.3277629466363921,0.11824316516050526
MSFT,2025-10-29 16:07:42,AMC,0.11253850628975803,0.0791591958188685,0.08370087960824116
META,2025-10-29 16:08:34,AMC,0.12413108242303873,0.03914641714804029,0.0501856870420556
AMZN,2025-10-30 16:13:01,AMC,0.009615199707697928,0.10384415684313764,0.03180324393088095
AAPL,2025-10-30 16:30:35,AMC,0.28713555871394,0.42541749493436276,0.1927976538768466
AMD,2025-11-04 16:16:10,AMC,0.054743098459372794,0.12123345261140768,0.023389842397433663
NVDA,2025-11-19 16:20:44,AMC,0.5296888583385561,0.7784304012454887,0.07192950908110052
AVGO,2025-12-11 16:17:37,AMC,0.03293807641633729,0.05037588157792761,0.01875841009312739
MU,2025-12-17 16:03:26,AMC,0.022052263865360903,0.17341446056074017,0.0447878177135819
NFLX,2026-01-20 16:07:54,AMC,0.011933174224343675,0.04176569445411243,0.027487630566245192
INTC,2026-01-22 16:10:56,AMC,0.014617318599076187,0.009744689144416292,0.02656953981498323
META,2026-01-28 16:04:20,AMC,0.13550916849267675,0.75539153500173,0.0502073075204096
MSFT,2026-01-28 16:04:38,AMC,0.13550916849267675,0.75539153500173,0.08726003490401396
TSLA,2026-01-28 16:11:04,AMC,0.10805435229543782,0.42648408812729505,0.01253195648904707
AAPL,2026-01-29 16:30:33,AMC,0.12890688882261836,0.019240389425481973,0.19547511312217195
AMD,2026-02-03 16:16:18,AMC,0.06684032044035976,0.09141396766108026,0.024832381425378695
GOOGL,2026-02-04 16:01:37,AMC,0.014986212684330416,0.08791647934462261,0.10229888323719132
AMZN,2026-02-05 16:25:12,AMC,0.049914940866075154,0.3606099809508287,0.03172512212367548
NVDA,2026-02-25 16:31:25,AMC,0.16737060775221274,0.1890359168241966,0.07813194229766726
AVGO,2026-03-04 16:16:10,AMC,0.02983501238153014,0.005966883794938094,0.020923785112726894
MU,2026-03-18 16:02:14,AMC,0.03345532700047648,0.15308812198385985,0.039255040575951944
NFLX,2026-04-16 16:01:58,AMC,0.04250174729405542,0.0566689963920739,0.026782474908913063
TSLA,2026-04-22 16:10:44,AMC,0.013824884792626727,0.08571349572814997,0.01575024489994959
INTC,2026-04-23 16:07:02,AMC,0.02039416356119176,0.06952233520889145,0.024058510297042406
GOOGL,2026-04-29 16:01:35,AMC,0.3473491773308958,0.7960881089479939,0.0976602042090591
MSFT,2026-04-29 16:03:31,AMC,0.03378162462223926,0.9449120820932313,0.08790838800797052
META,2026-04-29 16:05:41,AMC,0.11060329067641682,0.5977625036560398,0.0502289279987636
AMZN,2026-04-29 16:18:55,AMC,0.039647414619753636,0.5375699624715309,0.03180324393088095
AAPL,2026-04-30 16:30:41,AMC,0.036225649571178874,0.05705643152775387,0.1927976538768466
AMD,2026-05-05 16:16:06,AMC,0.00799921785425425,0.3679607508532423,0.025693464445816147
NVDA,2026-05-20 16:21:19,AMC,0.14071294559099437,0.037519292590792425,0.084334375514234
AVGO,2026-06-03 16:21:35,AMC,0.0016344008695012627,0.13809671673013124,0.02093090428165658
MU,2026-06-24 16:02:01,AMC,0.011803090723613768,0.7030914103136934,0.03372226343832198
NFLX,2026-07-16 16:03:19,AMC,0.005991560459124719,0.07189503325145288,0.027487630566245192
GOOGL,2026-07-22 16:01:36,AMC,0.01797652779085594,0.1010170187994384,0.10229888323719132
TSLA,2026-07-22 16:35:52,AMC,0.0017115814156489887,0.04791894852135816,0.013824884792626727
INTC,2026-07-23 16:09:00,AMC,0.0,0.19328382249231651,0.02378911873410361
META,2026-07-29 16:03:23,AMC,0.07605329228288159,0.003665420423722601,0.0508015947468773
MSFT,2026-07-29 16:04:53,AMC,0.02201047331688662,0.07152616665596831,0.08726003490401396
AMZN,2026-07-30 16:06:23,AMC,0.03973053865781412,0.09093718271310644,0.03210826918413048
AAPL,2026-07-30 16:30:28,AMC,0.17450161281793664,0.05111708456352179,0.19012019463152127
AMD,2026-08-04 16:16:24,AMC,0.17937520431171053,0.09387625098486246,0.024832381425378695
